path,label,prediction
/speed-scratch/a_shahj/EvolvingThreat-DeepfakeImageDetect/defenses/DCT/data/MidStyleCLIPjourney_train/StyleCLIP_dataset/test/0_real/13000.png,0,0
/speed-scratch/a_shahj/EvolvingThreat-DeepfakeImageDetect/defenses/DCT/data/MidStyleCLIPjourney_train/StyleCLIP_dataset/test/0_real/13001.png,0,0
/speed-scratch/a_shahj/EvolvingThreat-DeepfakeImageDetect/defenses/DCT/data/MidStyleCLIPjourney_train/StyleCLIP_dataset/test/0_real/13002.png,0,0
/speed-scratch/a_shahj/EvolvingThreat-DeepfakeImageDetect/defenses/DCT/data/MidStyleCLIPjourney_train/StyleCLIP_dataset/test/0_real/13003.png,0,0
/speed-scratch/a_shahj/EvolvingThreat-DeepfakeImageDetect/defenses/DCT/data/MidStyleCLIPjourney_train/StyleCLIP_dataset/test/0_real/13004.png,0,0
/speed-scratch/a_shahj/EvolvingThreat-DeepfakeImageDetect/defenses/DCT/data/MidStyleCLIPjourney_train/StyleCLIP_dataset/test/0_real/13005.png,0,0
/speed-scratch/a_shahj/EvolvingThreat-DeepfakeImageDetect/defenses/DCT/data/MidStyleCLIPjourney_train/StyleCLIP_dataset/test/0_real/13006.png,0,0
/speed-scratch/a_shahj/EvolvingThreat-DeepfakeImageDetect/defenses/DCT/data/MidStyleCLIPjourney_train/StyleCLIP_dataset/test/0_real/13007.png,0,0
/speed-scratch/a_shahj/EvolvingThreat-DeepfakeImageDetect/defenses/DCT/data/MidStyleCLIPjourney_train/StyleCLIP_dataset/test/0_real/13008.png,0,0
/speed-scratch/a_shahj/EvolvingThreat-DeepfakeImageDetect/defenses/DCT/data/MidStyleCLIPjourney_train/StyleCLIP_dataset/test/0_real/13009.png,0,0
/speed-scratch/a_shahj/EvolvingThreat-DeepfakeImageDetect/defenses/DCT/data/MidStyleCLIPjourney_train/StyleCLIP_dataset/test/0_real/13010.png,0,0
/speed-scratch/a_shahj/EvolvingThreat-DeepfakeImageDetect/defenses/DCT/data/MidStyleCLIPjourney_train/StyleCLIP_dataset/test/0_real/13011.png,0,0
/speed-scratch/a_shahj/EvolvingThreat-DeepfakeImageDetect/defenses/DCT/data/MidStyleCLIPjourney_train/StyleCLIP_dataset/test/0_real/13012.png,0,0
/speed-scratch/a_shahj/EvolvingThreat-DeepfakeImageDetect/defenses/DCT/data/MidStyleCLIPjourney_train/StyleCLIP_dataset/test/0_real/13013.png,0,0
/speed-scratch/a_shahj/EvolvingThreat-DeepfakeImageDetect/defenses/DCT/data/MidStyleCLIPjourney_train/StyleCLIP_dataset/test/0_real/13014.png,0,0
/speed-scratch/a_shahj/EvolvingThreat-DeepfakeImageDetect/defenses/DCT/data/MidStyleCLIPjourney_train/StyleCLIP_dataset/test/0_real/13015.png,0,0
/speed-scratch/a_shahj/EvolvingThreat-DeepfakeImageDetect/defenses/DCT/data/MidStyleCLIPjourney_train/StyleCLIP_dataset/test/0_real/13016.png,0,0
/speed-scratch/a_shahj/EvolvingThreat-DeepfakeImageDetect/defenses/DCT/data/MidStyleCLIPjourney_train/StyleCLIP_dataset/test/0_real/13017.png,0,0
/speed-scratch/a_shahj/EvolvingThreat-DeepfakeImageDetect/defenses/DCT/data/MidStyleCLIPjourney_train/StyleCLIP_dataset/test/0_real/13018.png,0,0
/speed-scratch/a_shahj/EvolvingThreat-DeepfakeImageDetect/defenses/DCT/data/MidStyleCLIPjourney_train/StyleCLIP_dataset/test/0_real/13019.png,0,0
/speed-scratch/a_shahj/EvolvingThreat-DeepfakeImageDetect/defenses/DCT/data/MidStyleCLIPjourney_train/StyleCLIP_dataset/test/0_real/13020.png,0,0
/speed-scratch/a_shahj/EvolvingThreat-DeepfakeImageDetect/defenses/DCT/data/MidStyleCLIPjourney_train/StyleCLIP_dataset/test/0_real/13021.png,0,0
/speed-scratch/a_shahj/EvolvingThreat-DeepfakeImageDetect/defenses/DCT/data/MidStyleCLIPjourney_train/StyleCLIP_dataset/test/0_real/13022.png,0,0
/speed-scratch/a_shahj/EvolvingThreat-DeepfakeImageDetect/defenses/DCT/data/MidStyleCLIPjourney_train/StyleCLIP_dataset/test/0_real/13023.png,0,0
/speed-scratch/a_shahj/EvolvingThreat-DeepfakeImageDetect/defenses/DCT/data/MidStyleCLIPjourney_train/StyleCLIP_dataset/test/0_real/13024.png,0,0
/speed-scratch/a_shahj/EvolvingThreat-DeepfakeImageDetect/defenses/DCT/data/MidStyleCLIPjourney_train/StyleCLIP_dataset/test/0_real/13025.png,0,0
/speed-scratch/a_shahj/EvolvingThreat-DeepfakeImageDetect/defenses/DCT/data/MidStyleCLIPjourney_train/StyleCLIP_dataset/test/0_real/13026.png,0,0
/speed-scratch/a_shahj/EvolvingThreat-DeepfakeImageDetect/defenses/DCT/data/MidStyleCLIPjourney_train/StyleCLIP_dataset/test/0_real/13027.png,0,0
/speed-scratch/a_shahj/EvolvingThreat-DeepfakeImageDetect/defenses/DCT/data/MidStyleCLIPjourney_train/StyleCLIP_dataset/test/0_real/13028.png,0,0
/speed-scratch/a_shahj/EvolvingThreat-DeepfakeImageDetect/defenses/DCT/data/MidStyleCLIPjourney_train/StyleCLIP_dataset/test/0_real/13029.png,0,0
/speed-scratch/a_shahj/EvolvingThreat-DeepfakeImageDetect/defenses/DCT/data/MidStyleCLIPjourney_train/StyleCLIP_dataset/test/0_real/13030.png,0,0
/speed-scratch/a_shahj/EvolvingThreat-DeepfakeImageDetect/defenses/DCT/data/MidStyleCLIPjourney_train/StyleCLIP_dataset/test/0_real/13031.png,0,0
/speed-scratch/a_shahj/EvolvingThreat-DeepfakeImageDetect/defenses/DCT/data/MidStyleCLIPjourney_train/StyleCLIP_dataset/test/0_real/13032.png,0,0
/speed-scratch/a_shahj/EvolvingThreat-DeepfakeImageDetect/defenses/DCT/data/MidStyleCLIPjourney_train/StyleCLIP_dataset/test/0_real/13033.png,0,0
/speed-scratch/a_shahj/EvolvingThreat-DeepfakeImageDetect/defenses/DCT/data/MidStyleCLIPjourney_train/StyleCLIP_dataset/test/0_real/13034.png,0,0
/speed-scratch/a_shahj/EvolvingThreat-DeepfakeImageDetect/defenses/DCT/data/MidStyleCLIPjourney_train/StyleCLIP_dataset/test/0_real/13035.png,0,0
/speed-scratch/a_shahj/EvolvingThreat-DeepfakeImageDetect/defenses/DCT/data/MidStyleCLIPjourney_train/StyleCLIP_dataset/test/0_real/13036.png,0,0
/speed-scratch/a_shahj/EvolvingThreat-DeepfakeImageDetect/defenses/DCT/data/MidStyleCLIPjourney_train/StyleCLIP_dataset/test/0_real/13037.png,0,0
/speed-scratch/a_shahj/EvolvingThreat-DeepfakeImageDetect/defenses/DCT/data/MidStyleCLIPjourney_train/StyleCLIP_dataset/test/0_real/13038.png,0,0
/speed-scratch/a_shahj/EvolvingThreat-DeepfakeImageDetect/defenses/DCT/data/MidStyleCLIPjourney_train/StyleCLIP_dataset/test/0_real/13039.png,0,0
/speed-scratch/a_shahj/EvolvingThreat-DeepfakeImageDetect/defenses/DCT/data/MidStyleCLIPjourney_train/StyleCLIP_dataset/test/0_real/13040.png,0,0
/speed-scratch/a_shahj/EvolvingThreat-DeepfakeImageDetect/defenses/DCT/data/MidStyleCLIPjourney_train/StyleCLIP_dataset/test/0_real/13041.png,0,0
/speed-scratch/a_shahj/EvolvingThreat-DeepfakeImageDetect/defenses/DCT/data/MidStyleCLIPjourney_train/StyleCLIP_dataset/test/0_real/13042.png,0,0
/speed-scratch/a_shahj/EvolvingThreat-DeepfakeImageDetect/defenses/DCT/data/MidStyleCLIPjourney_train/StyleCLIP_dataset/test/0_real/13043.png,0,0
/speed-scratch/a_shahj/EvolvingThreat-DeepfakeImageDetect/defenses/DCT/data/MidStyleCLIPjourney_train/StyleCLIP_dataset/test/0_real/13044.png,0,0
/speed-scratch/a_shahj/EvolvingThreat-DeepfakeImageDetect/defenses/DCT/data/MidStyleCLIPjourney_train/StyleCLIP_dataset/test/0_real/13045.png,0,0
/speed-scratch/a_shahj/EvolvingThreat-DeepfakeImageDetect/defenses/DCT/data/MidStyleCLIPjourney_train/StyleCLIP_dataset/test/0_real/13046.png,0,0
/speed-scratch/a_shahj/EvolvingThreat-DeepfakeImageDetect/defenses/DCT/data/MidStyleCLIPjourney_train/StyleCLIP_dataset/test/0_real/13047.png,0,0
/speed-scratch/a_shahj/EvolvingThreat-DeepfakeImageDetect/defenses/DCT/data/MidStyleCLIPjourney_train/StyleCLIP_dataset/test/0_real/13048.png,0,0
/speed-scratch/a_shahj/EvolvingThreat-DeepfakeImageDetect/defenses/DCT/data/MidStyleCLIPjourney_train/StyleCLIP_dataset/test/0_real/13049.png,0,0
/speed-scratch/a_shahj/EvolvingThreat-DeepfakeImageDetect/defenses/DCT/data/MidStyleCLIPjourney_train/StyleCLIP_dataset/test/0_real/13050.png,0,0
/speed-scratch/a_shahj/EvolvingThreat-DeepfakeImageDetect/defenses/DCT/data/MidStyleCLIPjourney_train/StyleCLIP_dataset/test/0_real/13051.png,0,0
/speed-scratch/a_shahj/EvolvingThreat-DeepfakeImageDetect/defenses/DCT/data/MidStyleCLIPjourney_train/StyleCLIP_dataset/test/0_real/13052.png,0,0
/speed-scratch/a_shahj/EvolvingThreat-DeepfakeImageDetect/defenses/DCT/data/MidStyleCLIPjourney_train/StyleCLIP_dataset/test/0_real/13053.png,0,0
/speed-scratch/a_shahj/EvolvingThreat-DeepfakeImageDetect/defenses/DCT/data/MidStyleCLIPjourney_train/StyleCLIP_dataset/test/0_real/13054.png,0,0
/speed-scratch/a_shahj/EvolvingThreat-DeepfakeImageDetect/defenses/DCT/data/MidStyleCLIPjourney_train/StyleCLIP_dataset/test/0_real/13055.png,0,0
/speed-scratch/a_shahj/EvolvingThreat-DeepfakeImageDetect/defenses/DCT/data/MidStyleCLIPjourney_train/StyleCLIP_dataset/test/0_real/13056.png,0,0
/speed-scratch/a_shahj/EvolvingThreat-DeepfakeImageDetect/defenses/DCT/data/MidStyleCLIPjourney_train/StyleCLIP_dataset/test/0_real/13057.png,0,0
/speed-scratch/a_shahj/EvolvingThreat-DeepfakeImageDetect/defenses/DCT/data/MidStyleCLIPjourney_train/StyleCLIP_dataset/test/0_real/13058.png,0,0
/speed-scratch/a_shahj/EvolvingThreat-DeepfakeImageDetect/defenses/DCT/data/MidStyleCLIPjourney_train/StyleCLIP_dataset/test/0_real/13059.png,0,0
/speed-scratch/a_shahj/EvolvingThreat-DeepfakeImageDetect/defenses/DCT/data/MidStyleCLIPjourney_train/StyleCLIP_dataset/test/0_real/13060.png,0,0
/speed-scratch/a_shahj/EvolvingThreat-DeepfakeImageDetect/defenses/DCT/data/MidStyleCLIPjourney_train/StyleCLIP_dataset/test/0_real/13061.png,0,0
/speed-scratch/a_shahj/EvolvingThreat-DeepfakeImageDetect/defenses/DCT/data/MidStyleCLIPjourney_train/StyleCLIP_dataset/test/0_real/13062.png,0,0
/speed-scratch/a_shahj/EvolvingThreat-DeepfakeImageDetect/defenses/DCT/data/MidStyleCLIPjourney_train/StyleCLIP_dataset/test/0_real/13063.png,0,0
/speed-scratch/a_shahj/EvolvingThreat-DeepfakeImageDetect/defenses/DCT/data/MidStyleCLIPjourney_train/StyleCLIP_dataset/test/0_real/13064.png,0,0
/speed-scratch/a_shahj/EvolvingThreat-DeepfakeImageDetect/defenses/DCT/data/MidStyleCLIPjourney_train/StyleCLIP_dataset/test/0_real/13065.png,0,0
/speed-scratch/a_shahj/EvolvingThreat-DeepfakeImageDetect/defenses/DCT/data/MidStyleCLIPjourney_train/StyleCLIP_dataset/test/0_real/13066.png,0,0
/speed-scratch/a_shahj/EvolvingThreat-DeepfakeImageDetect/defenses/DCT/data/MidStyleCLIPjourney_train/StyleCLIP_dataset/test/0_real/13067.png,0,0
/speed-scratch/a_shahj/EvolvingThreat-DeepfakeImageDetect/defenses/DCT/data/MidStyleCLIPjourney_train/StyleCLIP_dataset/test/0_real/13068.png,0,0
/speed-scratch/a_shahj/EvolvingThreat-DeepfakeImageDetect/defenses/DCT/data/MidStyleCLIPjourney_train/StyleCLIP_dataset/test/0_real/13069.png,0,0
/speed-scratch/a_shahj/EvolvingThreat-DeepfakeImageDetect/defenses/DCT/data/MidStyleCLIPjourney_train/StyleCLIP_dataset/test/0_real/13070.png,0,0
/speed-scratch/a_shahj/EvolvingThreat-DeepfakeImageDetect/defenses/DCT/data/MidStyleCLIPjourney_train/StyleCLIP_dataset/test/0_real/13071.png,0,0
/speed-scratch/a_shahj/EvolvingThreat-DeepfakeImageDetect/defenses/DCT/data/MidStyleCLIPjourney_train/StyleCLIP_dataset/test/0_real/13072.png,0,0
/speed-scratch/a_shahj/EvolvingThreat-DeepfakeImageDetect/defenses/DCT/data/MidStyleCLIPjourney_train/StyleCLIP_dataset/test/0_real/13073.png,0,0
/speed-scratch/a_shahj/EvolvingThreat-DeepfakeImageDetect/defenses/DCT/data/MidStyleCLIPjourney_train/StyleCLIP_dataset/test/0_real/13074.png,0,0
/speed-scratch/a_shahj/EvolvingThreat-DeepfakeImageDetect/defenses/DCT/data/MidStyleCLIPjourney_train/StyleCLIP_dataset/test/0_real/13075.png,0,0
/speed-scratch/a_shahj/EvolvingThreat-DeepfakeImageDetect/defenses/DCT/data/MidStyleCLIPjourney_train/StyleCLIP_dataset/test/0_real/13076.png,0,0
/speed-scratch/a_shahj/EvolvingThreat-DeepfakeImageDetect/defenses/DCT/data/MidStyleCLIPjourney_train/StyleCLIP_dataset/test/0_real/13077.png,0,0
/speed-scratch/a_shahj/EvolvingThreat-DeepfakeImageDetect/defenses/DCT/data/MidStyleCLIPjourney_train/StyleCLIP_dataset/test/0_real/13078.png,0,0
/speed-scratch/a_shahj/EvolvingThreat-DeepfakeImageDetect/defenses/DCT/data/MidStyleCLIPjourney_train/StyleCLIP_dataset/test/0_real/13079.png,0,0
/speed-scratch/a_shahj/EvolvingThreat-DeepfakeImageDetect/defenses/DCT/data/MidStyleCLIPjourney_train/StyleCLIP_dataset/test/0_real/13080.png,0,0
/speed-scratch/a_shahj/EvolvingThreat-DeepfakeImageDetect/defenses/DCT/data/MidStyleCLIPjourney_train/StyleCLIP_dataset/test/0_real/13081.png,0,0
/speed-scratch/a_shahj/EvolvingThreat-DeepfakeImageDetect/defenses/DCT/data/MidStyleCLIPjourney_train/StyleCLIP_dataset/test/0_real/13082.png,0,0
/speed-scratch/a_shahj/EvolvingThreat-DeepfakeImageDetect/defenses/DCT/data/MidStyleCLIPjourney_train/StyleCLIP_dataset/test/0_real/13083.png,0,0
/speed-scratch/a_shahj/EvolvingThreat-DeepfakeImageDetect/defenses/DCT/data/MidStyleCLIPjourney_train/StyleCLIP_dataset/test/0_real/13084.png,0,0
/speed-scratch/a_shahj/EvolvingThreat-DeepfakeImageDetect/defenses/DCT/data/MidStyleCLIPjourney_train/StyleCLIP_dataset/test/0_real/13085.png,0,0
/speed-scratch/a_shahj/EvolvingThreat-DeepfakeImageDetect/defenses/DCT/data/MidStyleCLIPjourney_train/StyleCLIP_dataset/test/0_real/13086.png,0,0
/speed-scratch/a_shahj/EvolvingThreat-DeepfakeImageDetect/defenses/DCT/data/MidStyleCLIPjourney_train/StyleCLIP_dataset/test/0_real/13087.png,0,0
/speed-scratch/a_shahj/EvolvingThreat-DeepfakeImageDetect/defenses/DCT/data/MidStyleCLIPjourney_train/StyleCLIP_dataset/test/0_real/13088.png,0,0
/speed-scratch/a_shahj/EvolvingThreat-DeepfakeImageDetect/defenses/DCT/data/MidStyleCLIPjourney_train/StyleCLIP_dataset/test/0_real/13089.png,0,0
/speed-scratch/a_shahj/EvolvingThreat-DeepfakeImageDetect/defenses/DCT/data/MidStyleCLIPjourney_train/StyleCLIP_dataset/test/0_real/13090.png,0,0
/speed-scratch/a_shahj/EvolvingThreat-DeepfakeImageDetect/defenses/DCT/data/MidStyleCLIPjourney_train/StyleCLIP_dataset/test/0_real/13091.png,0,0
/speed-scratch/a_shahj/EvolvingThreat-DeepfakeImageDetect/defenses/DCT/data/MidStyleCLIPjourney_train/StyleCLIP_dataset/test/0_real/13092.png,0,0
/speed-scratch/a_shahj/EvolvingThreat-DeepfakeImageDetect/defenses/DCT/data/MidStyleCLIPjourney_train/StyleCLIP_dataset/test/0_real/13093.png,0,0
/speed-scratch/a_shahj/EvolvingThreat-DeepfakeImageDetect/defenses/DCT/data/MidStyleCLIPjourney_train/StyleCLIP_dataset/test/0_real/13094.png,0,0
/speed-scratch/a_shahj/EvolvingThreat-DeepfakeImageDetect/defenses/DCT/data/MidStyleCLIPjourney_train/StyleCLIP_dataset/test/0_real/13095.png,0,0
/speed-scratch/a_shahj/EvolvingThreat-DeepfakeImageDetect/defenses/DCT/data/MidStyleCLIPjourney_train/StyleCLIP_dataset/test/0_real/13096.png,0,0
/speed-scratch/a_shahj/EvolvingThreat-DeepfakeImageDetect/defenses/DCT/data/MidStyleCLIPjourney_train/StyleCLIP_dataset/test/0_real/13097.png,0,0
/speed-scratch/a_shahj/EvolvingThreat-DeepfakeImageDetect/defenses/DCT/data/MidStyleCLIPjourney_train/StyleCLIP_dataset/test/0_real/13098.png,0,0
/speed-scratch/a_shahj/EvolvingThreat-DeepfakeImageDetect/defenses/DCT/data/MidStyleCLIPjourney_train/StyleCLIP_dataset/test/0_real/13099.png,0,0
/speed-scratch/a_shahj/EvolvingThreat-DeepfakeImageDetect/defenses/DCT/data/MidStyleCLIPjourney_train/StyleCLIP_dataset/test/0_real/13100.png,0,0
/speed-scratch/a_shahj/EvolvingThreat-DeepfakeImageDetect/defenses/DCT/data/MidStyleCLIPjourney_train/StyleCLIP_dataset/test/0_real/13101.png,0,0
/speed-scratch/a_shahj/EvolvingThreat-DeepfakeImageDetect/defenses/DCT/data/MidStyleCLIPjourney_train/StyleCLIP_dataset/test/0_real/13102.png,0,0
/speed-scratch/a_shahj/EvolvingThreat-DeepfakeImageDetect/defenses/DCT/data/MidStyleCLIPjourney_train/StyleCLIP_dataset/test/0_real/13103.png,0,0
/speed-scratch/a_shahj/EvolvingThreat-DeepfakeImageDetect/defenses/DCT/data/MidStyleCLIPjourney_train/StyleCLIP_dataset/test/0_real/13104.png,0,0
/speed-scratch/a_shahj/EvolvingThreat-DeepfakeImageDetect/defenses/DCT/data/MidStyleCLIPjourney_train/StyleCLIP_dataset/test/0_real/13105.png,0,0
/speed-scratch/a_shahj/EvolvingThreat-DeepfakeImageDetect/defenses/DCT/data/MidStyleCLIPjourney_train/StyleCLIP_dataset/test/0_real/13106.png,0,0
/speed-scratch/a_shahj/EvolvingThreat-DeepfakeImageDetect/defenses/DCT/data/MidStyleCLIPjourney_train/StyleCLIP_dataset/test/0_real/13107.png,0,0
/speed-scratch/a_shahj/EvolvingThreat-DeepfakeImageDetect/defenses/DCT/data/MidStyleCLIPjourney_train/StyleCLIP_dataset/test/0_real/13108.png,0,0
/speed-scratch/a_shahj/EvolvingThreat-DeepfakeImageDetect/defenses/DCT/data/MidStyleCLIPjourney_train/StyleCLIP_dataset/test/0_real/13109.png,0,0
/speed-scratch/a_shahj/EvolvingThreat-DeepfakeImageDetect/defenses/DCT/data/MidStyleCLIPjourney_train/StyleCLIP_dataset/test/0_real/13110.png,0,0
/speed-scratch/a_shahj/EvolvingThreat-DeepfakeImageDetect/defenses/DCT/data/MidStyleCLIPjourney_train/StyleCLIP_dataset/test/0_real/13111.png,0,0
/speed-scratch/a_shahj/EvolvingThreat-DeepfakeImageDetect/defenses/DCT/data/MidStyleCLIPjourney_train/StyleCLIP_dataset/test/0_real/13112.png,0,0
/speed-scratch/a_shahj/EvolvingThreat-DeepfakeImageDetect/defenses/DCT/data/MidStyleCLIPjourney_train/StyleCLIP_dataset/test/0_real/13113.png,0,0
/speed-scratch/a_shahj/EvolvingThreat-DeepfakeImageDetect/defenses/DCT/data/MidStyleCLIPjourney_train/StyleCLIP_dataset/test/0_real/13114.png,0,0
/speed-scratch/a_shahj/EvolvingThreat-DeepfakeImageDetect/defenses/DCT/data/MidStyleCLIPjourney_train/StyleCLIP_dataset/test/0_real/13115.png,0,0
/speed-scratch/a_shahj/EvolvingThreat-DeepfakeImageDetect/defenses/DCT/data/MidStyleCLIPjourney_train/StyleCLIP_dataset/test/0_real/13116.png,0,0
/speed-scratch/a_shahj/EvolvingThreat-DeepfakeImageDetect/defenses/DCT/data/MidStyleCLIPjourney_train/StyleCLIP_dataset/test/0_real/13117.png,0,0
/speed-scratch/a_shahj/EvolvingThreat-DeepfakeImageDetect/defenses/DCT/data/MidStyleCLIPjourney_train/StyleCLIP_dataset/test/0_real/13118.png,0,0
/speed-scratch/a_shahj/EvolvingThreat-DeepfakeImageDetect/defenses/DCT/data/MidStyleCLIPjourney_train/StyleCLIP_dataset/test/0_real/13119.png,0,0
/speed-scratch/a_shahj/EvolvingThreat-DeepfakeImageDetect/defenses/DCT/data/MidStyleCLIPjourney_train/StyleCLIP_dataset/test/0_real/13120.png,0,0
/speed-scratch/a_shahj/EvolvingThreat-DeepfakeImageDetect/defenses/DCT/data/MidStyleCLIPjourney_train/StyleCLIP_dataset/test/0_real/13121.png,0,0
/speed-scratch/a_shahj/EvolvingThreat-DeepfakeImageDetect/defenses/DCT/data/MidStyleCLIPjourney_train/StyleCLIP_dataset/test/0_real/13122.png,0,0
/speed-scratch/a_shahj/EvolvingThreat-DeepfakeImageDetect/defenses/DCT/data/MidStyleCLIPjourney_train/StyleCLIP_dataset/test/0_real/13123.png,0,0
/speed-scratch/a_shahj/EvolvingThreat-DeepfakeImageDetect/defenses/DCT/data/MidStyleCLIPjourney_train/StyleCLIP_dataset/test/0_real/13124.png,0,0
/speed-scratch/a_shahj/EvolvingThreat-DeepfakeImageDetect/defenses/DCT/data/MidStyleCLIPjourney_train/StyleCLIP_dataset/test/0_real/13125.png,0,0
/speed-scratch/a_shahj/EvolvingThreat-DeepfakeImageDetect/defenses/DCT/data/MidStyleCLIPjourney_train/StyleCLIP_dataset/test/0_real/13126.png,0,0
/speed-scratch/a_shahj/EvolvingThreat-DeepfakeImageDetect/defenses/DCT/data/MidStyleCLIPjourney_train/StyleCLIP_dataset/test/0_real/13127.png,0,0
/speed-scratch/a_shahj/EvolvingThreat-DeepfakeImageDetect/defenses/DCT/data/MidStyleCLIPjourney_train/StyleCLIP_dataset/test/0_real/13128.png,0,0
/speed-scratch/a_shahj/EvolvingThreat-DeepfakeImageDetect/defenses/DCT/data/MidStyleCLIPjourney_train/StyleCLIP_dataset/test/0_real/13129.png,0,0
/speed-scratch/a_shahj/EvolvingThreat-DeepfakeImageDetect/defenses/DCT/data/MidStyleCLIPjourney_train/StyleCLIP_dataset/test/0_real/13130.png,0,0
/speed-scratch/a_shahj/EvolvingThreat-DeepfakeImageDetect/defenses/DCT/data/MidStyleCLIPjourney_train/StyleCLIP_dataset/test/0_real/13131.png,0,0
/speed-scratch/a_shahj/EvolvingThreat-DeepfakeImageDetect/defenses/DCT/data/MidStyleCLIPjourney_train/StyleCLIP_dataset/test/0_real/13132.png,0,0
/speed-scratch/a_shahj/EvolvingThreat-DeepfakeImageDetect/defenses/DCT/data/MidStyleCLIPjourney_train/StyleCLIP_dataset/test/0_real/13133.png,0,0
/speed-scratch/a_shahj/EvolvingThreat-DeepfakeImageDetect/defenses/DCT/data/MidStyleCLIPjourney_train/StyleCLIP_dataset/test/0_real/13134.png,0,0
/speed-scratch/a_shahj/EvolvingThreat-DeepfakeImageDetect/defenses/DCT/data/MidStyleCLIPjourney_train/StyleCLIP_dataset/test/0_real/13135.png,0,0
/speed-scratch/a_shahj/EvolvingThreat-DeepfakeImageDetect/defenses/DCT/data/MidStyleCLIPjourney_train/StyleCLIP_dataset/test/0_real/13136.png,0,0
/speed-scratch/a_shahj/EvolvingThreat-DeepfakeImageDetect/defenses/DCT/data/MidStyleCLIPjourney_train/StyleCLIP_dataset/test/0_real/13137.png,0,0
/speed-scratch/a_shahj/EvolvingThreat-DeepfakeImageDetect/defenses/DCT/data/MidStyleCLIPjourney_train/StyleCLIP_dataset/test/0_real/13138.png,0,0
/speed-scratch/a_shahj/EvolvingThreat-DeepfakeImageDetect/defenses/DCT/data/MidStyleCLIPjourney_train/StyleCLIP_dataset/test/0_real/13139.png,0,0
/speed-scratch/a_shahj/EvolvingThreat-DeepfakeImageDetect/defenses/DCT/data/MidStyleCLIPjourney_train/StyleCLIP_dataset/test/0_real/13140.png,0,0
/speed-scratch/a_shahj/EvolvingThreat-DeepfakeImageDetect/defenses/DCT/data/MidStyleCLIPjourney_train/StyleCLIP_dataset/test/0_real/13141.png,0,0
/speed-scratch/a_shahj/EvolvingThreat-DeepfakeImageDetect/defenses/DCT/data/MidStyleCLIPjourney_train/StyleCLIP_dataset/test/0_real/13142.png,0,0
/speed-scratch/a_shahj/EvolvingThreat-DeepfakeImageDetect/defenses/DCT/data/MidStyleCLIPjourney_train/StyleCLIP_dataset/test/0_real/13143.png,0,0
/speed-scratch/a_shahj/EvolvingThreat-DeepfakeImageDetect/defenses/DCT/data/MidStyleCLIPjourney_train/StyleCLIP_dataset/test/0_real/13144.png,0,0
/speed-scratch/a_shahj/EvolvingThreat-DeepfakeImageDetect/defenses/DCT/data/MidStyleCLIPjourney_train/StyleCLIP_dataset/test/0_real/13145.png,0,0
/speed-scratch/a_shahj/EvolvingThreat-DeepfakeImageDetect/defenses/DCT/data/MidStyleCLIPjourney_train/StyleCLIP_dataset/test/0_real/13146.png,0,0
/speed-scratch/a_shahj/EvolvingThreat-DeepfakeImageDetect/defenses/DCT/data/MidStyleCLIPjourney_train/StyleCLIP_dataset/test/0_real/13147.png,0,0
/speed-scratch/a_shahj/EvolvingThreat-DeepfakeImageDetect/defenses/DCT/data/MidStyleCLIPjourney_train/StyleCLIP_dataset/test/0_real/13148.png,0,0
/speed-scratch/a_shahj/EvolvingThreat-DeepfakeImageDetect/defenses/DCT/data/MidStyleCLIPjourney_train/StyleCLIP_dataset/test/0_real/13149.png,0,0
/speed-scratch/a_shahj/EvolvingThreat-DeepfakeImageDetect/defenses/DCT/data/MidStyleCLIPjourney_train/StyleCLIP_dataset/test/0_real/13150.png,0,0
/speed-scratch/a_shahj/EvolvingThreat-DeepfakeImageDetect/defenses/DCT/data/MidStyleCLIPjourney_train/StyleCLIP_dataset/test/0_real/13151.png,0,0
/speed-scratch/a_shahj/EvolvingThreat-DeepfakeImageDetect/defenses/DCT/data/MidStyleCLIPjourney_train/StyleCLIP_dataset/test/0_real/13152.png,0,0
/speed-scratch/a_shahj/EvolvingThreat-DeepfakeImageDetect/defenses/DCT/data/MidStyleCLIPjourney_train/StyleCLIP_dataset/test/0_real/13153.png,0,0
/speed-scratch/a_shahj/EvolvingThreat-DeepfakeImageDetect/defenses/DCT/data/MidStyleCLIPjourney_train/StyleCLIP_dataset/test/0_real/13154.png,0,0
/speed-scratch/a_shahj/EvolvingThreat-DeepfakeImageDetect/defenses/DCT/data/MidStyleCLIPjourney_train/StyleCLIP_dataset/test/0_real/13155.png,0,0
/speed-scratch/a_shahj/EvolvingThreat-DeepfakeImageDetect/defenses/DCT/data/MidStyleCLIPjourney_train/StyleCLIP_dataset/test/0_real/13156.png,0,0
/speed-scratch/a_shahj/EvolvingThreat-DeepfakeImageDetect/defenses/DCT/data/MidStyleCLIPjourney_train/StyleCLIP_dataset/test/0_real/13157.png,0,0
/speed-scratch/a_shahj/EvolvingThreat-DeepfakeImageDetect/defenses/DCT/data/MidStyleCLIPjourney_train/StyleCLIP_dataset/test/0_real/13158.png,0,0
/speed-scratch/a_shahj/EvolvingThreat-DeepfakeImageDetect/defenses/DCT/data/MidStyleCLIPjourney_train/StyleCLIP_dataset/test/0_real/13159.png,0,0
/speed-scratch/a_shahj/EvolvingThreat-DeepfakeImageDetect/defenses/DCT/data/MidStyleCLIPjourney_train/StyleCLIP_dataset/test/0_real/13160.png,0,0
/speed-scratch/a_shahj/EvolvingThreat-DeepfakeImageDetect/defenses/DCT/data/MidStyleCLIPjourney_train/StyleCLIP_dataset/test/0_real/13161.png,0,0
/speed-scratch/a_shahj/EvolvingThreat-DeepfakeImageDetect/defenses/DCT/data/MidStyleCLIPjourney_train/StyleCLIP_dataset/test/0_real/13162.png,0,0
/speed-scratch/a_shahj/EvolvingThreat-DeepfakeImageDetect/defenses/DCT/data/MidStyleCLIPjourney_train/StyleCLIP_dataset/test/0_real/13163.png,0,0
/speed-scratch/a_shahj/EvolvingThreat-DeepfakeImageDetect/defenses/DCT/data/MidStyleCLIPjourney_train/StyleCLIP_dataset/test/0_real/13164.png,0,0
/speed-scratch/a_shahj/EvolvingThreat-DeepfakeImageDetect/defenses/DCT/data/MidStyleCLIPjourney_train/StyleCLIP_dataset/test/0_real/13165.png,0,0
/speed-scratch/a_shahj/EvolvingThreat-DeepfakeImageDetect/defenses/DCT/data/MidStyleCLIPjourney_train/StyleCLIP_dataset/test/0_real/13166.png,0,0
/speed-scratch/a_shahj/EvolvingThreat-DeepfakeImageDetect/defenses/DCT/data/MidStyleCLIPjourney_train/StyleCLIP_dataset/test/0_real/13167.png,0,0
/speed-scratch/a_shahj/EvolvingThreat-DeepfakeImageDetect/defenses/DCT/data/MidStyleCLIPjourney_train/StyleCLIP_dataset/test/0_real/13168.png,0,0
/speed-scratch/a_shahj/EvolvingThreat-DeepfakeImageDetect/defenses/DCT/data/MidStyleCLIPjourney_train/StyleCLIP_dataset/test/0_real/13169.png,0,0
/speed-scratch/a_shahj/EvolvingThreat-DeepfakeImageDetect/defenses/DCT/data/MidStyleCLIPjourney_train/StyleCLIP_dataset/test/0_real/13170.png,0,0
/speed-scratch/a_shahj/EvolvingThreat-DeepfakeImageDetect/defenses/DCT/data/MidStyleCLIPjourney_train/StyleCLIP_dataset/test/0_real/13171.png,0,1
/speed-scratch/a_shahj/EvolvingThreat-DeepfakeImageDetect/defenses/DCT/data/MidStyleCLIPjourney_train/StyleCLIP_dataset/test/0_real/13172.png,0,0
/speed-scratch/a_shahj/EvolvingThreat-DeepfakeImageDetect/defenses/DCT/data/MidStyleCLIPjourney_train/StyleCLIP_dataset/test/0_real/13173.png,0,0
/speed-scratch/a_shahj/EvolvingThreat-DeepfakeImageDetect/defenses/DCT/data/MidStyleCLIPjourney_train/StyleCLIP_dataset/test/0_real/13174.png,0,0
/speed-scratch/a_shahj/EvolvingThreat-DeepfakeImageDetect/defenses/DCT/data/MidStyleCLIPjourney_train/StyleCLIP_dataset/test/0_real/13175.png,0,0
/speed-scratch/a_shahj/EvolvingThreat-DeepfakeImageDetect/defenses/DCT/data/MidStyleCLIPjourney_train/StyleCLIP_dataset/test/0_real/13176.png,0,0
/speed-scratch/a_shahj/EvolvingThreat-DeepfakeImageDetect/defenses/DCT/data/MidStyleCLIPjourney_train/StyleCLIP_dataset/test/0_real/13177.png,0,0
/speed-scratch/a_shahj/EvolvingThreat-DeepfakeImageDetect/defenses/DCT/data/MidStyleCLIPjourney_train/StyleCLIP_dataset/test/0_real/13178.png,0,0
/speed-scratch/a_shahj/EvolvingThreat-DeepfakeImageDetect/defenses/DCT/data/MidStyleCLIPjourney_train/StyleCLIP_dataset/test/0_real/13179.png,0,0
/speed-scratch/a_shahj/EvolvingThreat-DeepfakeImageDetect/defenses/DCT/data/MidStyleCLIPjourney_train/StyleCLIP_dataset/test/0_real/13180.png,0,0
/speed-scratch/a_shahj/EvolvingThreat-DeepfakeImageDetect/defenses/DCT/data/MidStyleCLIPjourney_train/StyleCLIP_dataset/test/0_real/13181.png,0,0
/speed-scratch/a_shahj/EvolvingThreat-DeepfakeImageDetect/defenses/DCT/data/MidStyleCLIPjourney_train/StyleCLIP_dataset/test/0_real/13182.png,0,0
/speed-scratch/a_shahj/EvolvingThreat-DeepfakeImageDetect/defenses/DCT/data/MidStyleCLIPjourney_train/StyleCLIP_dataset/test/0_real/13183.png,0,0
/speed-scratch/a_shahj/EvolvingThreat-DeepfakeImageDetect/defenses/DCT/data/MidStyleCLIPjourney_train/StyleCLIP_dataset/test/0_real/13184.png,0,0
/speed-scratch/a_shahj/EvolvingThreat-DeepfakeImageDetect/defenses/DCT/data/MidStyleCLIPjourney_train/StyleCLIP_dataset/test/0_real/13185.png,0,0
/speed-scratch/a_shahj/EvolvingThreat-DeepfakeImageDetect/defenses/DCT/data/MidStyleCLIPjourney_train/StyleCLIP_dataset/test/0_real/13186.png,0,0
/speed-scratch/a_shahj/EvolvingThreat-DeepfakeImageDetect/defenses/DCT/data/MidStyleCLIPjourney_train/StyleCLIP_dataset/test/0_real/13187.png,0,0
/speed-scratch/a_shahj/EvolvingThreat-DeepfakeImageDetect/defenses/DCT/data/MidStyleCLIPjourney_train/StyleCLIP_dataset/test/0_real/13188.png,0,0
/speed-scratch/a_shahj/EvolvingThreat-DeepfakeImageDetect/defenses/DCT/data/MidStyleCLIPjourney_train/StyleCLIP_dataset/test/0_real/13189.png,0,0
/speed-scratch/a_shahj/EvolvingThreat-DeepfakeImageDetect/defenses/DCT/data/MidStyleCLIPjourney_train/StyleCLIP_dataset/test/0_real/13190.png,0,0
/speed-scratch/a_shahj/EvolvingThreat-DeepfakeImageDetect/defenses/DCT/data/MidStyleCLIPjourney_train/StyleCLIP_dataset/test/0_real/13191.png,0,0
/speed-scratch/a_shahj/EvolvingThreat-DeepfakeImageDetect/defenses/DCT/data/MidStyleCLIPjourney_train/StyleCLIP_dataset/test/0_real/13192.png,0,0
/speed-scratch/a_shahj/EvolvingThreat-DeepfakeImageDetect/defenses/DCT/data/MidStyleCLIPjourney_train/StyleCLIP_dataset/test/0_real/13193.png,0,0
/speed-scratch/a_shahj/EvolvingThreat-DeepfakeImageDetect/defenses/DCT/data/MidStyleCLIPjourney_train/StyleCLIP_dataset/test/0_real/13194.png,0,0
/speed-scratch/a_shahj/EvolvingThreat-DeepfakeImageDetect/defenses/DCT/data/MidStyleCLIPjourney_train/StyleCLIP_dataset/test/0_real/13195.png,0,0
/speed-scratch/a_shahj/EvolvingThreat-DeepfakeImageDetect/defenses/DCT/data/MidStyleCLIPjourney_train/StyleCLIP_dataset/test/0_real/13196.png,0,0
/speed-scratch/a_shahj/EvolvingThreat-DeepfakeImageDetect/defenses/DCT/data/MidStyleCLIPjourney_train/StyleCLIP_dataset/test/0_real/13197.png,0,0
/speed-scratch/a_shahj/EvolvingThreat-DeepfakeImageDetect/defenses/DCT/data/MidStyleCLIPjourney_train/StyleCLIP_dataset/test/0_real/13198.png,0,0
/speed-scratch/a_shahj/EvolvingThreat-DeepfakeImageDetect/defenses/DCT/data/MidStyleCLIPjourney_train/StyleCLIP_dataset/test/0_real/13199.png,0,0
/speed-scratch/a_shahj/EvolvingThreat-DeepfakeImageDetect/defenses/DCT/data/MidStyleCLIPjourney_train/StyleCLIP_dataset/test/0_real/13200.png,0,0
/speed-scratch/a_shahj/EvolvingThreat-DeepfakeImageDetect/defenses/DCT/data/MidStyleCLIPjourney_train/StyleCLIP_dataset/test/0_real/13201.png,0,0
/speed-scratch/a_shahj/EvolvingThreat-DeepfakeImageDetect/defenses/DCT/data/MidStyleCLIPjourney_train/StyleCLIP_dataset/test/0_real/13202.png,0,0
/speed-scratch/a_shahj/EvolvingThreat-DeepfakeImageDetect/defenses/DCT/data/MidStyleCLIPjourney_train/StyleCLIP_dataset/test/0_real/13203.png,0,0
/speed-scratch/a_shahj/EvolvingThreat-DeepfakeImageDetect/defenses/DCT/data/MidStyleCLIPjourney_train/StyleCLIP_dataset/test/0_real/13204.png,0,0
/speed-scratch/a_shahj/EvolvingThreat-DeepfakeImageDetect/defenses/DCT/data/MidStyleCLIPjourney_train/StyleCLIP_dataset/test/0_real/13205.png,0,0
/speed-scratch/a_shahj/EvolvingThreat-DeepfakeImageDetect/defenses/DCT/data/MidStyleCLIPjourney_train/StyleCLIP_dataset/test/0_real/13206.png,0,0
/speed-scratch/a_shahj/EvolvingThreat-DeepfakeImageDetect/defenses/DCT/data/MidStyleCLIPjourney_train/StyleCLIP_dataset/test/0_real/13207.png,0,0
/speed-scratch/a_shahj/EvolvingThreat-DeepfakeImageDetect/defenses/DCT/data/MidStyleCLIPjourney_train/StyleCLIP_dataset/test/0_real/13208.png,0,0
/speed-scratch/a_shahj/EvolvingThreat-DeepfakeImageDetect/defenses/DCT/data/MidStyleCLIPjourney_train/StyleCLIP_dataset/test/0_real/13209.png,0,0
/speed-scratch/a_shahj/EvolvingThreat-DeepfakeImageDetect/defenses/DCT/data/MidStyleCLIPjourney_train/StyleCLIP_dataset/test/0_real/13210.png,0,0
/speed-scratch/a_shahj/EvolvingThreat-DeepfakeImageDetect/defenses/DCT/data/MidStyleCLIPjourney_train/StyleCLIP_dataset/test/0_real/13211.png,0,0
/speed-scratch/a_shahj/EvolvingThreat-DeepfakeImageDetect/defenses/DCT/data/MidStyleCLIPjourney_train/StyleCLIP_dataset/test/0_real/13212.png,0,0
/speed-scratch/a_shahj/EvolvingThreat-DeepfakeImageDetect/defenses/DCT/data/MidStyleCLIPjourney_train/StyleCLIP_dataset/test/0_real/13213.png,0,0
/speed-scratch/a_shahj/EvolvingThreat-DeepfakeImageDetect/defenses/DCT/data/MidStyleCLIPjourney_train/StyleCLIP_dataset/test/0_real/13214.png,0,0
/speed-scratch/a_shahj/EvolvingThreat-DeepfakeImageDetect/defenses/DCT/data/MidStyleCLIPjourney_train/StyleCLIP_dataset/test/0_real/13215.png,0,0
/speed-scratch/a_shahj/EvolvingThreat-DeepfakeImageDetect/defenses/DCT/data/MidStyleCLIPjourney_train/StyleCLIP_dataset/test/0_real/13216.png,0,0
/speed-scratch/a_shahj/EvolvingThreat-DeepfakeImageDetect/defenses/DCT/data/MidStyleCLIPjourney_train/StyleCLIP_dataset/test/0_real/13217.png,0,0
/speed-scratch/a_shahj/EvolvingThreat-DeepfakeImageDetect/defenses/DCT/data/MidStyleCLIPjourney_train/StyleCLIP_dataset/test/0_real/13218.png,0,0
/speed-scratch/a_shahj/EvolvingThreat-DeepfakeImageDetect/defenses/DCT/data/MidStyleCLIPjourney_train/StyleCLIP_dataset/test/0_real/13219.png,0,0
/speed-scratch/a_shahj/EvolvingThreat-DeepfakeImageDetect/defenses/DCT/data/MidStyleCLIPjourney_train/StyleCLIP_dataset/test/0_real/13220.png,0,0
/speed-scratch/a_shahj/EvolvingThreat-DeepfakeImageDetect/defenses/DCT/data/MidStyleCLIPjourney_train/StyleCLIP_dataset/test/0_real/13221.png,0,0
/speed-scratch/a_shahj/EvolvingThreat-DeepfakeImageDetect/defenses/DCT/data/MidStyleCLIPjourney_train/StyleCLIP_dataset/test/0_real/13222.png,0,0
/speed-scratch/a_shahj/EvolvingThreat-DeepfakeImageDetect/defenses/DCT/data/MidStyleCLIPjourney_train/StyleCLIP_dataset/test/0_real/13223.png,0,0
/speed-scratch/a_shahj/EvolvingThreat-DeepfakeImageDetect/defenses/DCT/data/MidStyleCLIPjourney_train/StyleCLIP_dataset/test/0_real/13224.png,0,0
/speed-scratch/a_shahj/EvolvingThreat-DeepfakeImageDetect/defenses/DCT/data/MidStyleCLIPjourney_train/StyleCLIP_dataset/test/0_real/13225.png,0,0
/speed-scratch/a_shahj/EvolvingThreat-DeepfakeImageDetect/defenses/DCT/data/MidStyleCLIPjourney_train/StyleCLIP_dataset/test/0_real/13226.png,0,0
/speed-scratch/a_shahj/EvolvingThreat-DeepfakeImageDetect/defenses/DCT/data/MidStyleCLIPjourney_train/StyleCLIP_dataset/test/0_real/13227.png,0,0
/speed-scratch/a_shahj/EvolvingThreat-DeepfakeImageDetect/defenses/DCT/data/MidStyleCLIPjourney_train/StyleCLIP_dataset/test/0_real/13228.png,0,0
/speed-scratch/a_shahj/EvolvingThreat-DeepfakeImageDetect/defenses/DCT/data/MidStyleCLIPjourney_train/StyleCLIP_dataset/test/0_real/13229.png,0,0
/speed-scratch/a_shahj/EvolvingThreat-DeepfakeImageDetect/defenses/DCT/data/MidStyleCLIPjourney_train/StyleCLIP_dataset/test/0_real/13230.png,0,0
/speed-scratch/a_shahj/EvolvingThreat-DeepfakeImageDetect/defenses/DCT/data/MidStyleCLIPjourney_train/StyleCLIP_dataset/test/0_real/13231.png,0,0
/speed-scratch/a_shahj/EvolvingThreat-DeepfakeImageDetect/defenses/DCT/data/MidStyleCLIPjourney_train/StyleCLIP_dataset/test/0_real/13232.png,0,0
/speed-scratch/a_shahj/EvolvingThreat-DeepfakeImageDetect/defenses/DCT/data/MidStyleCLIPjourney_train/StyleCLIP_dataset/test/0_real/13233.png,0,0
/speed-scratch/a_shahj/EvolvingThreat-DeepfakeImageDetect/defenses/DCT/data/MidStyleCLIPjourney_train/StyleCLIP_dataset/test/0_real/13234.png,0,0
/speed-scratch/a_shahj/EvolvingThreat-DeepfakeImageDetect/defenses/DCT/data/MidStyleCLIPjourney_train/StyleCLIP_dataset/test/0_real/13235.png,0,0
/speed-scratch/a_shahj/EvolvingThreat-DeepfakeImageDetect/defenses/DCT/data/MidStyleCLIPjourney_train/StyleCLIP_dataset/test/0_real/13236.png,0,0
/speed-scratch/a_shahj/EvolvingThreat-DeepfakeImageDetect/defenses/DCT/data/MidStyleCLIPjourney_train/StyleCLIP_dataset/test/0_real/13237.png,0,0
/speed-scratch/a_shahj/EvolvingThreat-DeepfakeImageDetect/defenses/DCT/data/MidStyleCLIPjourney_train/StyleCLIP_dataset/test/0_real/13238.png,0,0
/speed-scratch/a_shahj/EvolvingThreat-DeepfakeImageDetect/defenses/DCT/data/MidStyleCLIPjourney_train/StyleCLIP_dataset/test/0_real/13239.png,0,0
/speed-scratch/a_shahj/EvolvingThreat-DeepfakeImageDetect/defenses/DCT/data/MidStyleCLIPjourney_train/StyleCLIP_dataset/test/0_real/13240.png,0,0
/speed-scratch/a_shahj/EvolvingThreat-DeepfakeImageDetect/defenses/DCT/data/MidStyleCLIPjourney_train/StyleCLIP_dataset/test/0_real/13241.png,0,0
/speed-scratch/a_shahj/EvolvingThreat-DeepfakeImageDetect/defenses/DCT/data/MidStyleCLIPjourney_train/StyleCLIP_dataset/test/0_real/13242.png,0,0
/speed-scratch/a_shahj/EvolvingThreat-DeepfakeImageDetect/defenses/DCT/data/MidStyleCLIPjourney_train/StyleCLIP_dataset/test/0_real/13243.png,0,0
/speed-scratch/a_shahj/EvolvingThreat-DeepfakeImageDetect/defenses/DCT/data/MidStyleCLIPjourney_train/StyleCLIP_dataset/test/0_real/13244.png,0,0
/speed-scratch/a_shahj/EvolvingThreat-DeepfakeImageDetect/defenses/DCT/data/MidStyleCLIPjourney_train/StyleCLIP_dataset/test/0_real/13245.png,0,0
/speed-scratch/a_shahj/EvolvingThreat-DeepfakeImageDetect/defenses/DCT/data/MidStyleCLIPjourney_train/StyleCLIP_dataset/test/0_real/13246.png,0,0
/speed-scratch/a_shahj/EvolvingThreat-DeepfakeImageDetect/defenses/DCT/data/MidStyleCLIPjourney_train/StyleCLIP_dataset/test/0_real/13247.png,0,0
/speed-scratch/a_shahj/EvolvingThreat-DeepfakeImageDetect/defenses/DCT/data/MidStyleCLIPjourney_train/StyleCLIP_dataset/test/0_real/13248.png,0,0
/speed-scratch/a_shahj/EvolvingThreat-DeepfakeImageDetect/defenses/DCT/data/MidStyleCLIPjourney_train/StyleCLIP_dataset/test/0_real/13249.png,0,0
/speed-scratch/a_shahj/EvolvingThreat-DeepfakeImageDetect/defenses/DCT/data/MidStyleCLIPjourney_train/StyleCLIP_dataset/test/0_real/13250.png,0,0
/speed-scratch/a_shahj/EvolvingThreat-DeepfakeImageDetect/defenses/DCT/data/MidStyleCLIPjourney_train/StyleCLIP_dataset/test/0_real/13251.png,0,0
/speed-scratch/a_shahj/EvolvingThreat-DeepfakeImageDetect/defenses/DCT/data/MidStyleCLIPjourney_train/StyleCLIP_dataset/test/0_real/13252.png,0,0
/speed-scratch/a_shahj/EvolvingThreat-DeepfakeImageDetect/defenses/DCT/data/MidStyleCLIPjourney_train/StyleCLIP_dataset/test/0_real/13253.png,0,0
/speed-scratch/a_shahj/EvolvingThreat-DeepfakeImageDetect/defenses/DCT/data/MidStyleCLIPjourney_train/StyleCLIP_dataset/test/0_real/13254.png,0,0
/speed-scratch/a_shahj/EvolvingThreat-DeepfakeImageDetect/defenses/DCT/data/MidStyleCLIPjourney_train/StyleCLIP_dataset/test/0_real/13255.png,0,0
/speed-scratch/a_shahj/EvolvingThreat-DeepfakeImageDetect/defenses/DCT/data/MidStyleCLIPjourney_train/StyleCLIP_dataset/test/0_real/13256.png,0,0
/speed-scratch/a_shahj/EvolvingThreat-DeepfakeImageDetect/defenses/DCT/data/MidStyleCLIPjourney_train/StyleCLIP_dataset/test/0_real/13257.png,0,0
/speed-scratch/a_shahj/EvolvingThreat-DeepfakeImageDetect/defenses/DCT/data/MidStyleCLIPjourney_train/StyleCLIP_dataset/test/0_real/13258.png,0,0
/speed-scratch/a_shahj/EvolvingThreat-DeepfakeImageDetect/defenses/DCT/data/MidStyleCLIPjourney_train/StyleCLIP_dataset/test/0_real/13259.png,0,0
/speed-scratch/a_shahj/EvolvingThreat-DeepfakeImageDetect/defenses/DCT/data/MidStyleCLIPjourney_train/StyleCLIP_dataset/test/0_real/13260.png,0,0
/speed-scratch/a_shahj/EvolvingThreat-DeepfakeImageDetect/defenses/DCT/data/MidStyleCLIPjourney_train/StyleCLIP_dataset/test/0_real/13261.png,0,0
/speed-scratch/a_shahj/EvolvingThreat-DeepfakeImageDetect/defenses/DCT/data/MidStyleCLIPjourney_train/StyleCLIP_dataset/test/0_real/13262.png,0,0
/speed-scratch/a_shahj/EvolvingThreat-DeepfakeImageDetect/defenses/DCT/data/MidStyleCLIPjourney_train/StyleCLIP_dataset/test/0_real/13263.png,0,0
/speed-scratch/a_shahj/EvolvingThreat-DeepfakeImageDetect/defenses/DCT/data/MidStyleCLIPjourney_train/StyleCLIP_dataset/test/0_real/13264.png,0,0
/speed-scratch/a_shahj/EvolvingThreat-DeepfakeImageDetect/defenses/DCT/data/MidStyleCLIPjourney_train/StyleCLIP_dataset/test/0_real/13265.png,0,0
/speed-scratch/a_shahj/EvolvingThreat-DeepfakeImageDetect/defenses/DCT/data/MidStyleCLIPjourney_train/StyleCLIP_dataset/test/0_real/13266.png,0,0
/speed-scratch/a_shahj/EvolvingThreat-DeepfakeImageDetect/defenses/DCT/data/MidStyleCLIPjourney_train/StyleCLIP_dataset/test/0_real/13267.png,0,0
/speed-scratch/a_shahj/EvolvingThreat-DeepfakeImageDetect/defenses/DCT/data/MidStyleCLIPjourney_train/StyleCLIP_dataset/test/0_real/13268.png,0,0
/speed-scratch/a_shahj/EvolvingThreat-DeepfakeImageDetect/defenses/DCT/data/MidStyleCLIPjourney_train/StyleCLIP_dataset/test/0_real/13269.png,0,0
/speed-scratch/a_shahj/EvolvingThreat-DeepfakeImageDetect/defenses/DCT/data/MidStyleCLIPjourney_train/StyleCLIP_dataset/test/0_real/13270.png,0,0
/speed-scratch/a_shahj/EvolvingThreat-DeepfakeImageDetect/defenses/DCT/data/MidStyleCLIPjourney_train/StyleCLIP_dataset/test/0_real/13271.png,0,0
/speed-scratch/a_shahj/EvolvingThreat-DeepfakeImageDetect/defenses/DCT/data/MidStyleCLIPjourney_train/StyleCLIP_dataset/test/0_real/13272.png,0,0
/speed-scratch/a_shahj/EvolvingThreat-DeepfakeImageDetect/defenses/DCT/data/MidStyleCLIPjourney_train/StyleCLIP_dataset/test/0_real/13273.png,0,0
/speed-scratch/a_shahj/EvolvingThreat-DeepfakeImageDetect/defenses/DCT/data/MidStyleCLIPjourney_train/StyleCLIP_dataset/test/0_real/13274.png,0,0
/speed-scratch/a_shahj/EvolvingThreat-DeepfakeImageDetect/defenses/DCT/data/MidStyleCLIPjourney_train/StyleCLIP_dataset/test/0_real/13275.png,0,0
/speed-scratch/a_shahj/EvolvingThreat-DeepfakeImageDetect/defenses/DCT/data/MidStyleCLIPjourney_train/StyleCLIP_dataset/test/0_real/13276.png,0,0
/speed-scratch/a_shahj/EvolvingThreat-DeepfakeImageDetect/defenses/DCT/data/MidStyleCLIPjourney_train/StyleCLIP_dataset/test/0_real/13277.png,0,0
/speed-scratch/a_shahj/EvolvingThreat-DeepfakeImageDetect/defenses/DCT/data/MidStyleCLIPjourney_train/StyleCLIP_dataset/test/0_real/13278.png,0,0
/speed-scratch/a_shahj/EvolvingThreat-DeepfakeImageDetect/defenses/DCT/data/MidStyleCLIPjourney_train/StyleCLIP_dataset/test/0_real/13279.png,0,0
/speed-scratch/a_shahj/EvolvingThreat-DeepfakeImageDetect/defenses/DCT/data/MidStyleCLIPjourney_train/StyleCLIP_dataset/test/0_real/13280.png,0,0
/speed-scratch/a_shahj/EvolvingThreat-DeepfakeImageDetect/defenses/DCT/data/MidStyleCLIPjourney_train/StyleCLIP_dataset/test/0_real/13281.png,0,0
/speed-scratch/a_shahj/EvolvingThreat-DeepfakeImageDetect/defenses/DCT/data/MidStyleCLIPjourney_train/StyleCLIP_dataset/test/0_real/13282.png,0,0
/speed-scratch/a_shahj/EvolvingThreat-DeepfakeImageDetect/defenses/DCT/data/MidStyleCLIPjourney_train/StyleCLIP_dataset/test/0_real/13283.png,0,0
/speed-scratch/a_shahj/EvolvingThreat-DeepfakeImageDetect/defenses/DCT/data/MidStyleCLIPjourney_train/StyleCLIP_dataset/test/0_real/13284.png,0,0
/speed-scratch/a_shahj/EvolvingThreat-DeepfakeImageDetect/defenses/DCT/data/MidStyleCLIPjourney_train/StyleCLIP_dataset/test/0_real/13285.png,0,0
/speed-scratch/a_shahj/EvolvingThreat-DeepfakeImageDetect/defenses/DCT/data/MidStyleCLIPjourney_train/StyleCLIP_dataset/test/0_real/13286.png,0,0
/speed-scratch/a_shahj/EvolvingThreat-DeepfakeImageDetect/defenses/DCT/data/MidStyleCLIPjourney_train/StyleCLIP_dataset/test/0_real/13287.png,0,0
/speed-scratch/a_shahj/EvolvingThreat-DeepfakeImageDetect/defenses/DCT/data/MidStyleCLIPjourney_train/StyleCLIP_dataset/test/0_real/13288.png,0,0
/speed-scratch/a_shahj/EvolvingThreat-DeepfakeImageDetect/defenses/DCT/data/MidStyleCLIPjourney_train/StyleCLIP_dataset/test/0_real/13289.png,0,0
/speed-scratch/a_shahj/EvolvingThreat-DeepfakeImageDetect/defenses/DCT/data/MidStyleCLIPjourney_train/StyleCLIP_dataset/test/0_real/13290.png,0,0
/speed-scratch/a_shahj/EvolvingThreat-DeepfakeImageDetect/defenses/DCT/data/MidStyleCLIPjourney_train/StyleCLIP_dataset/test/0_real/13291.png,0,0
/speed-scratch/a_shahj/EvolvingThreat-DeepfakeImageDetect/defenses/DCT/data/MidStyleCLIPjourney_train/StyleCLIP_dataset/test/0_real/13292.png,0,0
/speed-scratch/a_shahj/EvolvingThreat-DeepfakeImageDetect/defenses/DCT/data/MidStyleCLIPjourney_train/StyleCLIP_dataset/test/0_real/13293.png,0,0
/speed-scratch/a_shahj/EvolvingThreat-DeepfakeImageDetect/defenses/DCT/data/MidStyleCLIPjourney_train/StyleCLIP_dataset/test/0_real/13294.png,0,0
/speed-scratch/a_shahj/EvolvingThreat-DeepfakeImageDetect/defenses/DCT/data/MidStyleCLIPjourney_train/StyleCLIP_dataset/test/0_real/13295.png,0,0
/speed-scratch/a_shahj/EvolvingThreat-DeepfakeImageDetect/defenses/DCT/data/MidStyleCLIPjourney_train/StyleCLIP_dataset/test/0_real/13296.png,0,0
/speed-scratch/a_shahj/EvolvingThreat-DeepfakeImageDetect/defenses/DCT/data/MidStyleCLIPjourney_train/StyleCLIP_dataset/test/0_real/13297.png,0,0
/speed-scratch/a_shahj/EvolvingThreat-DeepfakeImageDetect/defenses/DCT/data/MidStyleCLIPjourney_train/StyleCLIP_dataset/test/0_real/13298.png,0,0
/speed-scratch/a_shahj/EvolvingThreat-DeepfakeImageDetect/defenses/DCT/data/MidStyleCLIPjourney_train/StyleCLIP_dataset/test/0_real/13299.png,0,0
/speed-scratch/a_shahj/EvolvingThreat-DeepfakeImageDetect/defenses/DCT/data/MidStyleCLIPjourney_train/StyleCLIP_dataset/test/0_real/13300.png,0,0
/speed-scratch/a_shahj/EvolvingThreat-DeepfakeImageDetect/defenses/DCT/data/MidStyleCLIPjourney_train/StyleCLIP_dataset/test/0_real/13301.png,0,0
/speed-scratch/a_shahj/EvolvingThreat-DeepfakeImageDetect/defenses/DCT/data/MidStyleCLIPjourney_train/StyleCLIP_dataset/test/0_real/13302.png,0,0
/speed-scratch/a_shahj/EvolvingThreat-DeepfakeImageDetect/defenses/DCT/data/MidStyleCLIPjourney_train/StyleCLIP_dataset/test/0_real/13303.png,0,0
/speed-scratch/a_shahj/EvolvingThreat-DeepfakeImageDetect/defenses/DCT/data/MidStyleCLIPjourney_train/StyleCLIP_dataset/test/0_real/13304.png,0,0
/speed-scratch/a_shahj/EvolvingThreat-DeepfakeImageDetect/defenses/DCT/data/MidStyleCLIPjourney_train/StyleCLIP_dataset/test/0_real/13305.png,0,0
/speed-scratch/a_shahj/EvolvingThreat-DeepfakeImageDetect/defenses/DCT/data/MidStyleCLIPjourney_train/StyleCLIP_dataset/test/0_real/13306.png,0,0
/speed-scratch/a_shahj/EvolvingThreat-DeepfakeImageDetect/defenses/DCT/data/MidStyleCLIPjourney_train/StyleCLIP_dataset/test/0_real/13307.png,0,0
/speed-scratch/a_shahj/EvolvingThreat-DeepfakeImageDetect/defenses/DCT/data/MidStyleCLIPjourney_train/StyleCLIP_dataset/test/0_real/13308.png,0,0
/speed-scratch/a_shahj/EvolvingThreat-DeepfakeImageDetect/defenses/DCT/data/MidStyleCLIPjourney_train/StyleCLIP_dataset/test/0_real/13309.png,0,0
/speed-scratch/a_shahj/EvolvingThreat-DeepfakeImageDetect/defenses/DCT/data/MidStyleCLIPjourney_train/StyleCLIP_dataset/test/0_real/13310.png,0,0
/speed-scratch/a_shahj/EvolvingThreat-DeepfakeImageDetect/defenses/DCT/data/MidStyleCLIPjourney_train/StyleCLIP_dataset/test/0_real/13311.png,0,0
/speed-scratch/a_shahj/EvolvingThreat-DeepfakeImageDetect/defenses/DCT/data/MidStyleCLIPjourney_train/StyleCLIP_dataset/test/0_real/13312.png,0,0
/speed-scratch/a_shahj/EvolvingThreat-DeepfakeImageDetect/defenses/DCT/data/MidStyleCLIPjourney_train/StyleCLIP_dataset/test/0_real/13313.png,0,0
/speed-scratch/a_shahj/EvolvingThreat-DeepfakeImageDetect/defenses/DCT/data/MidStyleCLIPjourney_train/StyleCLIP_dataset/test/0_real/13314.png,0,0
/speed-scratch/a_shahj/EvolvingThreat-DeepfakeImageDetect/defenses/DCT/data/MidStyleCLIPjourney_train/StyleCLIP_dataset/test/0_real/13315.png,0,0
/speed-scratch/a_shahj/EvolvingThreat-DeepfakeImageDetect/defenses/DCT/data/MidStyleCLIPjourney_train/StyleCLIP_dataset/test/0_real/13316.png,0,0
/speed-scratch/a_shahj/EvolvingThreat-DeepfakeImageDetect/defenses/DCT/data/MidStyleCLIPjourney_train/StyleCLIP_dataset/test/0_real/13317.png,0,0
/speed-scratch/a_shahj/EvolvingThreat-DeepfakeImageDetect/defenses/DCT/data/MidStyleCLIPjourney_train/StyleCLIP_dataset/test/0_real/13318.png,0,0
/speed-scratch/a_shahj/EvolvingThreat-DeepfakeImageDetect/defenses/DCT/data/MidStyleCLIPjourney_train/StyleCLIP_dataset/test/0_real/13319.png,0,0
/speed-scratch/a_shahj/EvolvingThreat-DeepfakeImageDetect/defenses/DCT/data/MidStyleCLIPjourney_train/StyleCLIP_dataset/test/0_real/13320.png,0,0
/speed-scratch/a_shahj/EvolvingThreat-DeepfakeImageDetect/defenses/DCT/data/MidStyleCLIPjourney_train/StyleCLIP_dataset/test/0_real/13321.png,0,0
/speed-scratch/a_shahj/EvolvingThreat-DeepfakeImageDetect/defenses/DCT/data/MidStyleCLIPjourney_train/StyleCLIP_dataset/test/0_real/13322.png,0,0
/speed-scratch/a_shahj/EvolvingThreat-DeepfakeImageDetect/defenses/DCT/data/MidStyleCLIPjourney_train/StyleCLIP_dataset/test/0_real/13323.png,0,0
/speed-scratch/a_shahj/EvolvingThreat-DeepfakeImageDetect/defenses/DCT/data/MidStyleCLIPjourney_train/StyleCLIP_dataset/test/0_real/13324.png,0,0
/speed-scratch/a_shahj/EvolvingThreat-DeepfakeImageDetect/defenses/DCT/data/MidStyleCLIPjourney_train/StyleCLIP_dataset/test/0_real/13325.png,0,0
/speed-scratch/a_shahj/EvolvingThreat-DeepfakeImageDetect/defenses/DCT/data/MidStyleCLIPjourney_train/StyleCLIP_dataset/test/0_real/13326.png,0,0
/speed-scratch/a_shahj/EvolvingThreat-DeepfakeImageDetect/defenses/DCT/data/MidStyleCLIPjourney_train/StyleCLIP_dataset/test/0_real/13327.png,0,0
/speed-scratch/a_shahj/EvolvingThreat-DeepfakeImageDetect/defenses/DCT/data/MidStyleCLIPjourney_train/StyleCLIP_dataset/test/0_real/13328.png,0,0
/speed-scratch/a_shahj/EvolvingThreat-DeepfakeImageDetect/defenses/DCT/data/MidStyleCLIPjourney_train/StyleCLIP_dataset/test/0_real/13329.png,0,0
/speed-scratch/a_shahj/EvolvingThreat-DeepfakeImageDetect/defenses/DCT/data/MidStyleCLIPjourney_train/StyleCLIP_dataset/test/0_real/13330.png,0,0
/speed-scratch/a_shahj/EvolvingThreat-DeepfakeImageDetect/defenses/DCT/data/MidStyleCLIPjourney_train/StyleCLIP_dataset/test/0_real/13331.png,0,0
/speed-scratch/a_shahj/EvolvingThreat-DeepfakeImageDetect/defenses/DCT/data/MidStyleCLIPjourney_train/StyleCLIP_dataset/test/0_real/13332.png,0,0
/speed-scratch/a_shahj/EvolvingThreat-DeepfakeImageDetect/defenses/DCT/data/MidStyleCLIPjourney_train/StyleCLIP_dataset/test/0_real/13333.png,0,0
/speed-scratch/a_shahj/EvolvingThreat-DeepfakeImageDetect/defenses/DCT/data/MidStyleCLIPjourney_train/StyleCLIP_dataset/test/0_real/13334.png,0,0
/speed-scratch/a_shahj/EvolvingThreat-DeepfakeImageDetect/defenses/DCT/data/MidStyleCLIPjourney_train/StyleCLIP_dataset/test/0_real/13335.png,0,0
/speed-scratch/a_shahj/EvolvingThreat-DeepfakeImageDetect/defenses/DCT/data/MidStyleCLIPjourney_train/StyleCLIP_dataset/test/0_real/13336.png,0,0
/speed-scratch/a_shahj/EvolvingThreat-DeepfakeImageDetect/defenses/DCT/data/MidStyleCLIPjourney_train/StyleCLIP_dataset/test/0_real/13337.png,0,0
/speed-scratch/a_shahj/EvolvingThreat-DeepfakeImageDetect/defenses/DCT/data/MidStyleCLIPjourney_train/StyleCLIP_dataset/test/0_real/13338.png,0,0
/speed-scratch/a_shahj/EvolvingThreat-DeepfakeImageDetect/defenses/DCT/data/MidStyleCLIPjourney_train/StyleCLIP_dataset/test/0_real/13339.png,0,0
/speed-scratch/a_shahj/EvolvingThreat-DeepfakeImageDetect/defenses/DCT/data/MidStyleCLIPjourney_train/StyleCLIP_dataset/test/0_real/13340.png,0,0
/speed-scratch/a_shahj/EvolvingThreat-DeepfakeImageDetect/defenses/DCT/data/MidStyleCLIPjourney_train/StyleCLIP_dataset/test/0_real/13341.png,0,0
/speed-scratch/a_shahj/EvolvingThreat-DeepfakeImageDetect/defenses/DCT/data/MidStyleCLIPjourney_train/StyleCLIP_dataset/test/0_real/13342.png,0,0
/speed-scratch/a_shahj/EvolvingThreat-DeepfakeImageDetect/defenses/DCT/data/MidStyleCLIPjourney_train/StyleCLIP_dataset/test/0_real/13343.png,0,0
/speed-scratch/a_shahj/EvolvingThreat-DeepfakeImageDetect/defenses/DCT/data/MidStyleCLIPjourney_train/StyleCLIP_dataset/test/0_real/13344.png,0,0
/speed-scratch/a_shahj/EvolvingThreat-DeepfakeImageDetect/defenses/DCT/data/MidStyleCLIPjourney_train/StyleCLIP_dataset/test/0_real/13345.png,0,0
/speed-scratch/a_shahj/EvolvingThreat-DeepfakeImageDetect/defenses/DCT/data/MidStyleCLIPjourney_train/StyleCLIP_dataset/test/0_real/13346.png,0,0
/speed-scratch/a_shahj/EvolvingThreat-DeepfakeImageDetect/defenses/DCT/data/MidStyleCLIPjourney_train/StyleCLIP_dataset/test/0_real/13347.png,0,0
/speed-scratch/a_shahj/EvolvingThreat-DeepfakeImageDetect/defenses/DCT/data/MidStyleCLIPjourney_train/StyleCLIP_dataset/test/0_real/13348.png,0,0
/speed-scratch/a_shahj/EvolvingThreat-DeepfakeImageDetect/defenses/DCT/data/MidStyleCLIPjourney_train/StyleCLIP_dataset/test/0_real/13349.png,0,0
/speed-scratch/a_shahj/EvolvingThreat-DeepfakeImageDetect/defenses/DCT/data/MidStyleCLIPjourney_train/StyleCLIP_dataset/test/0_real/13350.png,0,0
/speed-scratch/a_shahj/EvolvingThreat-DeepfakeImageDetect/defenses/DCT/data/MidStyleCLIPjourney_train/StyleCLIP_dataset/test/0_real/13351.png,0,0
/speed-scratch/a_shahj/EvolvingThreat-DeepfakeImageDetect/defenses/DCT/data/MidStyleCLIPjourney_train/StyleCLIP_dataset/test/0_real/13352.png,0,0
/speed-scratch/a_shahj/EvolvingThreat-DeepfakeImageDetect/defenses/DCT/data/MidStyleCLIPjourney_train/StyleCLIP_dataset/test/0_real/13353.png,0,0
/speed-scratch/a_shahj/EvolvingThreat-DeepfakeImageDetect/defenses/DCT/data/MidStyleCLIPjourney_train/StyleCLIP_dataset/test/0_real/13354.png,0,0
/speed-scratch/a_shahj/EvolvingThreat-DeepfakeImageDetect/defenses/DCT/data/MidStyleCLIPjourney_train/StyleCLIP_dataset/test/0_real/13355.png,0,0
/speed-scratch/a_shahj/EvolvingThreat-DeepfakeImageDetect/defenses/DCT/data/MidStyleCLIPjourney_train/StyleCLIP_dataset/test/0_real/13356.png,0,0
/speed-scratch/a_shahj/EvolvingThreat-DeepfakeImageDetect/defenses/DCT/data/MidStyleCLIPjourney_train/StyleCLIP_dataset/test/0_real/13357.png,0,0
/speed-scratch/a_shahj/EvolvingThreat-DeepfakeImageDetect/defenses/DCT/data/MidStyleCLIPjourney_train/StyleCLIP_dataset/test/0_real/13358.png,0,0
/speed-scratch/a_shahj/EvolvingThreat-DeepfakeImageDetect/defenses/DCT/data/MidStyleCLIPjourney_train/StyleCLIP_dataset/test/0_real/13359.png,0,0
/speed-scratch/a_shahj/EvolvingThreat-DeepfakeImageDetect/defenses/DCT/data/MidStyleCLIPjourney_train/StyleCLIP_dataset/test/0_real/13360.png,0,0
/speed-scratch/a_shahj/EvolvingThreat-DeepfakeImageDetect/defenses/DCT/data/MidStyleCLIPjourney_train/StyleCLIP_dataset/test/0_real/13361.png,0,0
/speed-scratch/a_shahj/EvolvingThreat-DeepfakeImageDetect/defenses/DCT/data/MidStyleCLIPjourney_train/StyleCLIP_dataset/test/0_real/13362.png,0,0
/speed-scratch/a_shahj/EvolvingThreat-DeepfakeImageDetect/defenses/DCT/data/MidStyleCLIPjourney_train/StyleCLIP_dataset/test/0_real/13363.png,0,0
/speed-scratch/a_shahj/EvolvingThreat-DeepfakeImageDetect/defenses/DCT/data/MidStyleCLIPjourney_train/StyleCLIP_dataset/test/0_real/13364.png,0,0
/speed-scratch/a_shahj/EvolvingThreat-DeepfakeImageDetect/defenses/DCT/data/MidStyleCLIPjourney_train/StyleCLIP_dataset/test/0_real/13365.png,0,0
/speed-scratch/a_shahj/EvolvingThreat-DeepfakeImageDetect/defenses/DCT/data/MidStyleCLIPjourney_train/StyleCLIP_dataset/test/0_real/13366.png,0,0
/speed-scratch/a_shahj/EvolvingThreat-DeepfakeImageDetect/defenses/DCT/data/MidStyleCLIPjourney_train/StyleCLIP_dataset/test/0_real/13367.png,0,0
/speed-scratch/a_shahj/EvolvingThreat-DeepfakeImageDetect/defenses/DCT/data/MidStyleCLIPjourney_train/StyleCLIP_dataset/test/0_real/13368.png,0,0
/speed-scratch/a_shahj/EvolvingThreat-DeepfakeImageDetect/defenses/DCT/data/MidStyleCLIPjourney_train/StyleCLIP_dataset/test/0_real/13369.png,0,0
/speed-scratch/a_shahj/EvolvingThreat-DeepfakeImageDetect/defenses/DCT/data/MidStyleCLIPjourney_train/StyleCLIP_dataset/test/0_real/13370.png,0,0
/speed-scratch/a_shahj/EvolvingThreat-DeepfakeImageDetect/defenses/DCT/data/MidStyleCLIPjourney_train/StyleCLIP_dataset/test/0_real/13371.png,0,0
/speed-scratch/a_shahj/EvolvingThreat-DeepfakeImageDetect/defenses/DCT/data/MidStyleCLIPjourney_train/StyleCLIP_dataset/test/0_real/13372.png,0,0
/speed-scratch/a_shahj/EvolvingThreat-DeepfakeImageDetect/defenses/DCT/data/MidStyleCLIPjourney_train/StyleCLIP_dataset/test/0_real/13373.png,0,0
/speed-scratch/a_shahj/EvolvingThreat-DeepfakeImageDetect/defenses/DCT/data/MidStyleCLIPjourney_train/StyleCLIP_dataset/test/0_real/13374.png,0,0
/speed-scratch/a_shahj/EvolvingThreat-DeepfakeImageDetect/defenses/DCT/data/MidStyleCLIPjourney_train/StyleCLIP_dataset/test/0_real/13375.png,0,0
/speed-scratch/a_shahj/EvolvingThreat-DeepfakeImageDetect/defenses/DCT/data/MidStyleCLIPjourney_train/StyleCLIP_dataset/test/0_real/13376.png,0,0
/speed-scratch/a_shahj/EvolvingThreat-DeepfakeImageDetect/defenses/DCT/data/MidStyleCLIPjourney_train/StyleCLIP_dataset/test/0_real/13377.png,0,0
/speed-scratch/a_shahj/EvolvingThreat-DeepfakeImageDetect/defenses/DCT/data/MidStyleCLIPjourney_train/StyleCLIP_dataset/test/0_real/13378.png,0,0
/speed-scratch/a_shahj/EvolvingThreat-DeepfakeImageDetect/defenses/DCT/data/MidStyleCLIPjourney_train/StyleCLIP_dataset/test/0_real/13379.png,0,0
/speed-scratch/a_shahj/EvolvingThreat-DeepfakeImageDetect/defenses/DCT/data/MidStyleCLIPjourney_train/StyleCLIP_dataset/test/0_real/13380.png,0,0
/speed-scratch/a_shahj/EvolvingThreat-DeepfakeImageDetect/defenses/DCT/data/MidStyleCLIPjourney_train/StyleCLIP_dataset/test/0_real/13381.png,0,0
/speed-scratch/a_shahj/EvolvingThreat-DeepfakeImageDetect/defenses/DCT/data/MidStyleCLIPjourney_train/StyleCLIP_dataset/test/0_real/13382.png,0,0
/speed-scratch/a_shahj/EvolvingThreat-DeepfakeImageDetect/defenses/DCT/data/MidStyleCLIPjourney_train/StyleCLIP_dataset/test/0_real/13383.png,0,0
/speed-scratch/a_shahj/EvolvingThreat-DeepfakeImageDetect/defenses/DCT/data/MidStyleCLIPjourney_train/StyleCLIP_dataset/test/0_real/13384.png,0,0
/speed-scratch/a_shahj/EvolvingThreat-DeepfakeImageDetect/defenses/DCT/data/MidStyleCLIPjourney_train/StyleCLIP_dataset/test/0_real/13385.png,0,0
/speed-scratch/a_shahj/EvolvingThreat-DeepfakeImageDetect/defenses/DCT/data/MidStyleCLIPjourney_train/StyleCLIP_dataset/test/0_real/13386.png,0,0
/speed-scratch/a_shahj/EvolvingThreat-DeepfakeImageDetect/defenses/DCT/data/MidStyleCLIPjourney_train/StyleCLIP_dataset/test/0_real/13387.png,0,0
/speed-scratch/a_shahj/EvolvingThreat-DeepfakeImageDetect/defenses/DCT/data/MidStyleCLIPjourney_train/StyleCLIP_dataset/test/0_real/13388.png,0,0
/speed-scratch/a_shahj/EvolvingThreat-DeepfakeImageDetect/defenses/DCT/data/MidStyleCLIPjourney_train/StyleCLIP_dataset/test/0_real/13389.png,0,0
/speed-scratch/a_shahj/EvolvingThreat-DeepfakeImageDetect/defenses/DCT/data/MidStyleCLIPjourney_train/StyleCLIP_dataset/test/0_real/13390.png,0,0
/speed-scratch/a_shahj/EvolvingThreat-DeepfakeImageDetect/defenses/DCT/data/MidStyleCLIPjourney_train/StyleCLIP_dataset/test/0_real/13391.png,0,0
/speed-scratch/a_shahj/EvolvingThreat-DeepfakeImageDetect/defenses/DCT/data/MidStyleCLIPjourney_train/StyleCLIP_dataset/test/0_real/13392.png,0,0
/speed-scratch/a_shahj/EvolvingThreat-DeepfakeImageDetect/defenses/DCT/data/MidStyleCLIPjourney_train/StyleCLIP_dataset/test/0_real/13393.png,0,0
/speed-scratch/a_shahj/EvolvingThreat-DeepfakeImageDetect/defenses/DCT/data/MidStyleCLIPjourney_train/StyleCLIP_dataset/test/0_real/13394.png,0,0
/speed-scratch/a_shahj/EvolvingThreat-DeepfakeImageDetect/defenses/DCT/data/MidStyleCLIPjourney_train/StyleCLIP_dataset/test/0_real/13395.png,0,0
/speed-scratch/a_shahj/EvolvingThreat-DeepfakeImageDetect/defenses/DCT/data/MidStyleCLIPjourney_train/StyleCLIP_dataset/test/0_real/13396.png,0,0
/speed-scratch/a_shahj/EvolvingThreat-DeepfakeImageDetect/defenses/DCT/data/MidStyleCLIPjourney_train/StyleCLIP_dataset/test/0_real/13397.png,0,0
/speed-scratch/a_shahj/EvolvingThreat-DeepfakeImageDetect/defenses/DCT/data/MidStyleCLIPjourney_train/StyleCLIP_dataset/test/0_real/13398.png,0,0
/speed-scratch/a_shahj/EvolvingThreat-DeepfakeImageDetect/defenses/DCT/data/MidStyleCLIPjourney_train/StyleCLIP_dataset/test/0_real/13399.png,0,0
/speed-scratch/a_shahj/EvolvingThreat-DeepfakeImageDetect/defenses/DCT/data/MidStyleCLIPjourney_train/StyleCLIP_dataset/test/0_real/13400.png,0,0
/speed-scratch/a_shahj/EvolvingThreat-DeepfakeImageDetect/defenses/DCT/data/MidStyleCLIPjourney_train/StyleCLIP_dataset/test/0_real/13401.png,0,0
/speed-scratch/a_shahj/EvolvingThreat-DeepfakeImageDetect/defenses/DCT/data/MidStyleCLIPjourney_train/StyleCLIP_dataset/test/0_real/13402.png,0,0
/speed-scratch/a_shahj/EvolvingThreat-DeepfakeImageDetect/defenses/DCT/data/MidStyleCLIPjourney_train/StyleCLIP_dataset/test/0_real/13403.png,0,0
/speed-scratch/a_shahj/EvolvingThreat-DeepfakeImageDetect/defenses/DCT/data/MidStyleCLIPjourney_train/StyleCLIP_dataset/test/0_real/13404.png,0,0
/speed-scratch/a_shahj/EvolvingThreat-DeepfakeImageDetect/defenses/DCT/data/MidStyleCLIPjourney_train/StyleCLIP_dataset/test/0_real/13405.png,0,0
/speed-scratch/a_shahj/EvolvingThreat-DeepfakeImageDetect/defenses/DCT/data/MidStyleCLIPjourney_train/StyleCLIP_dataset/test/0_real/13406.png,0,0
/speed-scratch/a_shahj/EvolvingThreat-DeepfakeImageDetect/defenses/DCT/data/MidStyleCLIPjourney_train/StyleCLIP_dataset/test/0_real/13407.png,0,0
/speed-scratch/a_shahj/EvolvingThreat-DeepfakeImageDetect/defenses/DCT/data/MidStyleCLIPjourney_train/StyleCLIP_dataset/test/0_real/13408.png,0,0
/speed-scratch/a_shahj/EvolvingThreat-DeepfakeImageDetect/defenses/DCT/data/MidStyleCLIPjourney_train/StyleCLIP_dataset/test/0_real/13409.png,0,0
/speed-scratch/a_shahj/EvolvingThreat-DeepfakeImageDetect/defenses/DCT/data/MidStyleCLIPjourney_train/StyleCLIP_dataset/test/0_real/13410.png,0,0
/speed-scratch/a_shahj/EvolvingThreat-DeepfakeImageDetect/defenses/DCT/data/MidStyleCLIPjourney_train/StyleCLIP_dataset/test/0_real/13411.png,0,0
/speed-scratch/a_shahj/EvolvingThreat-DeepfakeImageDetect/defenses/DCT/data/MidStyleCLIPjourney_train/StyleCLIP_dataset/test/0_real/13412.png,0,0
/speed-scratch/a_shahj/EvolvingThreat-DeepfakeImageDetect/defenses/DCT/data/MidStyleCLIPjourney_train/StyleCLIP_dataset/test/0_real/13413.png,0,0
/speed-scratch/a_shahj/EvolvingThreat-DeepfakeImageDetect/defenses/DCT/data/MidStyleCLIPjourney_train/StyleCLIP_dataset/test/0_real/13414.png,0,0
/speed-scratch/a_shahj/EvolvingThreat-DeepfakeImageDetect/defenses/DCT/data/MidStyleCLIPjourney_train/StyleCLIP_dataset/test/0_real/13415.png,0,0
/speed-scratch/a_shahj/EvolvingThreat-DeepfakeImageDetect/defenses/DCT/data/MidStyleCLIPjourney_train/StyleCLIP_dataset/test/0_real/13416.png,0,0
/speed-scratch/a_shahj/EvolvingThreat-DeepfakeImageDetect/defenses/DCT/data/MidStyleCLIPjourney_train/StyleCLIP_dataset/test/0_real/13417.png,0,0
/speed-scratch/a_shahj/EvolvingThreat-DeepfakeImageDetect/defenses/DCT/data/MidStyleCLIPjourney_train/StyleCLIP_dataset/test/0_real/13418.png,0,0
/speed-scratch/a_shahj/EvolvingThreat-DeepfakeImageDetect/defenses/DCT/data/MidStyleCLIPjourney_train/StyleCLIP_dataset/test/0_real/13419.png,0,0
/speed-scratch/a_shahj/EvolvingThreat-DeepfakeImageDetect/defenses/DCT/data/MidStyleCLIPjourney_train/StyleCLIP_dataset/test/0_real/13420.png,0,0
/speed-scratch/a_shahj/EvolvingThreat-DeepfakeImageDetect/defenses/DCT/data/MidStyleCLIPjourney_train/StyleCLIP_dataset/test/0_real/13421.png,0,0
/speed-scratch/a_shahj/EvolvingThreat-DeepfakeImageDetect/defenses/DCT/data/MidStyleCLIPjourney_train/StyleCLIP_dataset/test/0_real/13422.png,0,0
/speed-scratch/a_shahj/EvolvingThreat-DeepfakeImageDetect/defenses/DCT/data/MidStyleCLIPjourney_train/StyleCLIP_dataset/test/0_real/13423.png,0,0
/speed-scratch/a_shahj/EvolvingThreat-DeepfakeImageDetect/defenses/DCT/data/MidStyleCLIPjourney_train/StyleCLIP_dataset/test/0_real/13424.png,0,0
/speed-scratch/a_shahj/EvolvingThreat-DeepfakeImageDetect/defenses/DCT/data/MidStyleCLIPjourney_train/StyleCLIP_dataset/test/0_real/13425.png,0,0
/speed-scratch/a_shahj/EvolvingThreat-DeepfakeImageDetect/defenses/DCT/data/MidStyleCLIPjourney_train/StyleCLIP_dataset/test/0_real/13426.png,0,0
/speed-scratch/a_shahj/EvolvingThreat-DeepfakeImageDetect/defenses/DCT/data/MidStyleCLIPjourney_train/StyleCLIP_dataset/test/0_real/13427.png,0,0
/speed-scratch/a_shahj/EvolvingThreat-DeepfakeImageDetect/defenses/DCT/data/MidStyleCLIPjourney_train/StyleCLIP_dataset/test/0_real/13428.png,0,0
/speed-scratch/a_shahj/EvolvingThreat-DeepfakeImageDetect/defenses/DCT/data/MidStyleCLIPjourney_train/StyleCLIP_dataset/test/0_real/13429.png,0,0
/speed-scratch/a_shahj/EvolvingThreat-DeepfakeImageDetect/defenses/DCT/data/MidStyleCLIPjourney_train/StyleCLIP_dataset/test/0_real/13430.png,0,0
/speed-scratch/a_shahj/EvolvingThreat-DeepfakeImageDetect/defenses/DCT/data/MidStyleCLIPjourney_train/StyleCLIP_dataset/test/0_real/13431.png,0,0
/speed-scratch/a_shahj/EvolvingThreat-DeepfakeImageDetect/defenses/DCT/data/MidStyleCLIPjourney_train/StyleCLIP_dataset/test/0_real/13432.png,0,0
/speed-scratch/a_shahj/EvolvingThreat-DeepfakeImageDetect/defenses/DCT/data/MidStyleCLIPjourney_train/StyleCLIP_dataset/test/0_real/13433.png,0,0
/speed-scratch/a_shahj/EvolvingThreat-DeepfakeImageDetect/defenses/DCT/data/MidStyleCLIPjourney_train/StyleCLIP_dataset/test/0_real/13434.png,0,0
/speed-scratch/a_shahj/EvolvingThreat-DeepfakeImageDetect/defenses/DCT/data/MidStyleCLIPjourney_train/StyleCLIP_dataset/test/0_real/13435.png,0,0
/speed-scratch/a_shahj/EvolvingThreat-DeepfakeImageDetect/defenses/DCT/data/MidStyleCLIPjourney_train/StyleCLIP_dataset/test/0_real/13436.png,0,0
/speed-scratch/a_shahj/EvolvingThreat-DeepfakeImageDetect/defenses/DCT/data/MidStyleCLIPjourney_train/StyleCLIP_dataset/test/0_real/13437.png,0,0
/speed-scratch/a_shahj/EvolvingThreat-DeepfakeImageDetect/defenses/DCT/data/MidStyleCLIPjourney_train/StyleCLIP_dataset/test/0_real/13438.png,0,0
/speed-scratch/a_shahj/EvolvingThreat-DeepfakeImageDetect/defenses/DCT/data/MidStyleCLIPjourney_train/StyleCLIP_dataset/test/0_real/13439.png,0,0
/speed-scratch/a_shahj/EvolvingThreat-DeepfakeImageDetect/defenses/DCT/data/MidStyleCLIPjourney_train/StyleCLIP_dataset/test/0_real/13440.png,0,0
/speed-scratch/a_shahj/EvolvingThreat-DeepfakeImageDetect/defenses/DCT/data/MidStyleCLIPjourney_train/StyleCLIP_dataset/test/0_real/13441.png,0,0
/speed-scratch/a_shahj/EvolvingThreat-DeepfakeImageDetect/defenses/DCT/data/MidStyleCLIPjourney_train/StyleCLIP_dataset/test/0_real/13442.png,0,0
/speed-scratch/a_shahj/EvolvingThreat-DeepfakeImageDetect/defenses/DCT/data/MidStyleCLIPjourney_train/StyleCLIP_dataset/test/0_real/13443.png,0,0
/speed-scratch/a_shahj/EvolvingThreat-DeepfakeImageDetect/defenses/DCT/data/MidStyleCLIPjourney_train/StyleCLIP_dataset/test/0_real/13444.png,0,0
/speed-scratch/a_shahj/EvolvingThreat-DeepfakeImageDetect/defenses/DCT/data/MidStyleCLIPjourney_train/StyleCLIP_dataset/test/0_real/13445.png,0,0
/speed-scratch/a_shahj/EvolvingThreat-DeepfakeImageDetect/defenses/DCT/data/MidStyleCLIPjourney_train/StyleCLIP_dataset/test/0_real/13446.png,0,0
/speed-scratch/a_shahj/EvolvingThreat-DeepfakeImageDetect/defenses/DCT/data/MidStyleCLIPjourney_train/StyleCLIP_dataset/test/0_real/13447.png,0,0
/speed-scratch/a_shahj/EvolvingThreat-DeepfakeImageDetect/defenses/DCT/data/MidStyleCLIPjourney_train/StyleCLIP_dataset/test/0_real/13448.png,0,0
/speed-scratch/a_shahj/EvolvingThreat-DeepfakeImageDetect/defenses/DCT/data/MidStyleCLIPjourney_train/StyleCLIP_dataset/test/0_real/13449.png,0,0
/speed-scratch/a_shahj/EvolvingThreat-DeepfakeImageDetect/defenses/DCT/data/MidStyleCLIPjourney_train/StyleCLIP_dataset/test/0_real/13450.png,0,0
/speed-scratch/a_shahj/EvolvingThreat-DeepfakeImageDetect/defenses/DCT/data/MidStyleCLIPjourney_train/StyleCLIP_dataset/test/0_real/13451.png,0,0
/speed-scratch/a_shahj/EvolvingThreat-DeepfakeImageDetect/defenses/DCT/data/MidStyleCLIPjourney_train/StyleCLIP_dataset/test/0_real/13452.png,0,0
/speed-scratch/a_shahj/EvolvingThreat-DeepfakeImageDetect/defenses/DCT/data/MidStyleCLIPjourney_train/StyleCLIP_dataset/test/0_real/13453.png,0,0
/speed-scratch/a_shahj/EvolvingThreat-DeepfakeImageDetect/defenses/DCT/data/MidStyleCLIPjourney_train/StyleCLIP_dataset/test/0_real/13454.png,0,0
/speed-scratch/a_shahj/EvolvingThreat-DeepfakeImageDetect/defenses/DCT/data/MidStyleCLIPjourney_train/StyleCLIP_dataset/test/0_real/13455.png,0,0
/speed-scratch/a_shahj/EvolvingThreat-DeepfakeImageDetect/defenses/DCT/data/MidStyleCLIPjourney_train/StyleCLIP_dataset/test/0_real/13456.png,0,0
/speed-scratch/a_shahj/EvolvingThreat-DeepfakeImageDetect/defenses/DCT/data/MidStyleCLIPjourney_train/StyleCLIP_dataset/test/0_real/13457.png,0,0
/speed-scratch/a_shahj/EvolvingThreat-DeepfakeImageDetect/defenses/DCT/data/MidStyleCLIPjourney_train/StyleCLIP_dataset/test/0_real/13458.png,0,0
/speed-scratch/a_shahj/EvolvingThreat-DeepfakeImageDetect/defenses/DCT/data/MidStyleCLIPjourney_train/StyleCLIP_dataset/test/0_real/13459.png,0,0
/speed-scratch/a_shahj/EvolvingThreat-DeepfakeImageDetect/defenses/DCT/data/MidStyleCLIPjourney_train/StyleCLIP_dataset/test/0_real/13460.png,0,0
/speed-scratch/a_shahj/EvolvingThreat-DeepfakeImageDetect/defenses/DCT/data/MidStyleCLIPjourney_train/StyleCLIP_dataset/test/0_real/13461.png,0,0
/speed-scratch/a_shahj/EvolvingThreat-DeepfakeImageDetect/defenses/DCT/data/MidStyleCLIPjourney_train/StyleCLIP_dataset/test/0_real/13462.png,0,0
/speed-scratch/a_shahj/EvolvingThreat-DeepfakeImageDetect/defenses/DCT/data/MidStyleCLIPjourney_train/StyleCLIP_dataset/test/0_real/13463.png,0,0
/speed-scratch/a_shahj/EvolvingThreat-DeepfakeImageDetect/defenses/DCT/data/MidStyleCLIPjourney_train/StyleCLIP_dataset/test/0_real/13464.png,0,0
/speed-scratch/a_shahj/EvolvingThreat-DeepfakeImageDetect/defenses/DCT/data/MidStyleCLIPjourney_train/StyleCLIP_dataset/test/0_real/13465.png,0,0
/speed-scratch/a_shahj/EvolvingThreat-DeepfakeImageDetect/defenses/DCT/data/MidStyleCLIPjourney_train/StyleCLIP_dataset/test/0_real/13466.png,0,0
/speed-scratch/a_shahj/EvolvingThreat-DeepfakeImageDetect/defenses/DCT/data/MidStyleCLIPjourney_train/StyleCLIP_dataset/test/0_real/13467.png,0,0
/speed-scratch/a_shahj/EvolvingThreat-DeepfakeImageDetect/defenses/DCT/data/MidStyleCLIPjourney_train/StyleCLIP_dataset/test/0_real/13468.png,0,0
/speed-scratch/a_shahj/EvolvingThreat-DeepfakeImageDetect/defenses/DCT/data/MidStyleCLIPjourney_train/StyleCLIP_dataset/test/0_real/13469.png,0,0
/speed-scratch/a_shahj/EvolvingThreat-DeepfakeImageDetect/defenses/DCT/data/MidStyleCLIPjourney_train/StyleCLIP_dataset/test/0_real/13470.png,0,0
/speed-scratch/a_shahj/EvolvingThreat-DeepfakeImageDetect/defenses/DCT/data/MidStyleCLIPjourney_train/StyleCLIP_dataset/test/0_real/13471.png,0,0
/speed-scratch/a_shahj/EvolvingThreat-DeepfakeImageDetect/defenses/DCT/data/MidStyleCLIPjourney_train/StyleCLIP_dataset/test/0_real/13472.png,0,0
/speed-scratch/a_shahj/EvolvingThreat-DeepfakeImageDetect/defenses/DCT/data/MidStyleCLIPjourney_train/StyleCLIP_dataset/test/0_real/13473.png,0,0
/speed-scratch/a_shahj/EvolvingThreat-DeepfakeImageDetect/defenses/DCT/data/MidStyleCLIPjourney_train/StyleCLIP_dataset/test/0_real/13474.png,0,0
/speed-scratch/a_shahj/EvolvingThreat-DeepfakeImageDetect/defenses/DCT/data/MidStyleCLIPjourney_train/StyleCLIP_dataset/test/0_real/13475.png,0,0
/speed-scratch/a_shahj/EvolvingThreat-DeepfakeImageDetect/defenses/DCT/data/MidStyleCLIPjourney_train/StyleCLIP_dataset/test/0_real/13476.png,0,0
/speed-scratch/a_shahj/EvolvingThreat-DeepfakeImageDetect/defenses/DCT/data/MidStyleCLIPjourney_train/StyleCLIP_dataset/test/0_real/13477.png,0,0
/speed-scratch/a_shahj/EvolvingThreat-DeepfakeImageDetect/defenses/DCT/data/MidStyleCLIPjourney_train/StyleCLIP_dataset/test/0_real/13478.png,0,0
/speed-scratch/a_shahj/EvolvingThreat-DeepfakeImageDetect/defenses/DCT/data/MidStyleCLIPjourney_train/StyleCLIP_dataset/test/0_real/13479.png,0,0
/speed-scratch/a_shahj/EvolvingThreat-DeepfakeImageDetect/defenses/DCT/data/MidStyleCLIPjourney_train/StyleCLIP_dataset/test/0_real/13480.png,0,0
/speed-scratch/a_shahj/EvolvingThreat-DeepfakeImageDetect/defenses/DCT/data/MidStyleCLIPjourney_train/StyleCLIP_dataset/test/0_real/13481.png,0,0
/speed-scratch/a_shahj/EvolvingThreat-DeepfakeImageDetect/defenses/DCT/data/MidStyleCLIPjourney_train/StyleCLIP_dataset/test/0_real/13482.png,0,0
/speed-scratch/a_shahj/EvolvingThreat-DeepfakeImageDetect/defenses/DCT/data/MidStyleCLIPjourney_train/StyleCLIP_dataset/test/0_real/13483.png,0,0
/speed-scratch/a_shahj/EvolvingThreat-DeepfakeImageDetect/defenses/DCT/data/MidStyleCLIPjourney_train/StyleCLIP_dataset/test/0_real/13484.png,0,0
/speed-scratch/a_shahj/EvolvingThreat-DeepfakeImageDetect/defenses/DCT/data/MidStyleCLIPjourney_train/StyleCLIP_dataset/test/0_real/13485.png,0,0
/speed-scratch/a_shahj/EvolvingThreat-DeepfakeImageDetect/defenses/DCT/data/MidStyleCLIPjourney_train/StyleCLIP_dataset/test/0_real/13486.png,0,0
/speed-scratch/a_shahj/EvolvingThreat-DeepfakeImageDetect/defenses/DCT/data/MidStyleCLIPjourney_train/StyleCLIP_dataset/test/0_real/13487.png,0,0
/speed-scratch/a_shahj/EvolvingThreat-DeepfakeImageDetect/defenses/DCT/data/MidStyleCLIPjourney_train/StyleCLIP_dataset/test/0_real/13488.png,0,0
/speed-scratch/a_shahj/EvolvingThreat-DeepfakeImageDetect/defenses/DCT/data/MidStyleCLIPjourney_train/StyleCLIP_dataset/test/0_real/13489.png,0,0
/speed-scratch/a_shahj/EvolvingThreat-DeepfakeImageDetect/defenses/DCT/data/MidStyleCLIPjourney_train/StyleCLIP_dataset/test/0_real/13490.png,0,0
/speed-scratch/a_shahj/EvolvingThreat-DeepfakeImageDetect/defenses/DCT/data/MidStyleCLIPjourney_train/StyleCLIP_dataset/test/0_real/13491.png,0,0
/speed-scratch/a_shahj/EvolvingThreat-DeepfakeImageDetect/defenses/DCT/data/MidStyleCLIPjourney_train/StyleCLIP_dataset/test/0_real/13492.png,0,0
/speed-scratch/a_shahj/EvolvingThreat-DeepfakeImageDetect/defenses/DCT/data/MidStyleCLIPjourney_train/StyleCLIP_dataset/test/0_real/13493.png,0,0
/speed-scratch/a_shahj/EvolvingThreat-DeepfakeImageDetect/defenses/DCT/data/MidStyleCLIPjourney_train/StyleCLIP_dataset/test/0_real/13494.png,0,0
/speed-scratch/a_shahj/EvolvingThreat-DeepfakeImageDetect/defenses/DCT/data/MidStyleCLIPjourney_train/StyleCLIP_dataset/test/0_real/13495.png,0,0
/speed-scratch/a_shahj/EvolvingThreat-DeepfakeImageDetect/defenses/DCT/data/MidStyleCLIPjourney_train/StyleCLIP_dataset/test/0_real/13496.png,0,0
/speed-scratch/a_shahj/EvolvingThreat-DeepfakeImageDetect/defenses/DCT/data/MidStyleCLIPjourney_train/StyleCLIP_dataset/test/0_real/13497.png,0,0
/speed-scratch/a_shahj/EvolvingThreat-DeepfakeImageDetect/defenses/DCT/data/MidStyleCLIPjourney_train/StyleCLIP_dataset/test/0_real/13498.png,0,0
/speed-scratch/a_shahj/EvolvingThreat-DeepfakeImageDetect/defenses/DCT/data/MidStyleCLIPjourney_train/StyleCLIP_dataset/test/0_real/13499.png,0,0
/speed-scratch/a_shahj/EvolvingThreat-DeepfakeImageDetect/defenses/DCT/data/MidStyleCLIPjourney_train/StyleCLIP_dataset/test/0_real/13500.png,0,0
/speed-scratch/a_shahj/EvolvingThreat-DeepfakeImageDetect/defenses/DCT/data/MidStyleCLIPjourney_train/StyleCLIP_dataset/test/0_real/13501.png,0,0
/speed-scratch/a_shahj/EvolvingThreat-DeepfakeImageDetect/defenses/DCT/data/MidStyleCLIPjourney_train/StyleCLIP_dataset/test/0_real/13502.png,0,0
/speed-scratch/a_shahj/EvolvingThreat-DeepfakeImageDetect/defenses/DCT/data/MidStyleCLIPjourney_train/StyleCLIP_dataset/test/0_real/13503.png,0,0
/speed-scratch/a_shahj/EvolvingThreat-DeepfakeImageDetect/defenses/DCT/data/MidStyleCLIPjourney_train/StyleCLIP_dataset/test/0_real/13504.png,0,0
/speed-scratch/a_shahj/EvolvingThreat-DeepfakeImageDetect/defenses/DCT/data/MidStyleCLIPjourney_train/StyleCLIP_dataset/test/0_real/13505.png,0,0
/speed-scratch/a_shahj/EvolvingThreat-DeepfakeImageDetect/defenses/DCT/data/MidStyleCLIPjourney_train/StyleCLIP_dataset/test/0_real/13506.png,0,0
/speed-scratch/a_shahj/EvolvingThreat-DeepfakeImageDetect/defenses/DCT/data/MidStyleCLIPjourney_train/StyleCLIP_dataset/test/0_real/13507.png,0,0
/speed-scratch/a_shahj/EvolvingThreat-DeepfakeImageDetect/defenses/DCT/data/MidStyleCLIPjourney_train/StyleCLIP_dataset/test/0_real/13508.png,0,0
/speed-scratch/a_shahj/EvolvingThreat-DeepfakeImageDetect/defenses/DCT/data/MidStyleCLIPjourney_train/StyleCLIP_dataset/test/0_real/13509.png,0,0
/speed-scratch/a_shahj/EvolvingThreat-DeepfakeImageDetect/defenses/DCT/data/MidStyleCLIPjourney_train/StyleCLIP_dataset/test/0_real/13510.png,0,0
/speed-scratch/a_shahj/EvolvingThreat-DeepfakeImageDetect/defenses/DCT/data/MidStyleCLIPjourney_train/StyleCLIP_dataset/test/0_real/13511.png,0,0
/speed-scratch/a_shahj/EvolvingThreat-DeepfakeImageDetect/defenses/DCT/data/MidStyleCLIPjourney_train/StyleCLIP_dataset/test/0_real/13512.png,0,0
/speed-scratch/a_shahj/EvolvingThreat-DeepfakeImageDetect/defenses/DCT/data/MidStyleCLIPjourney_train/StyleCLIP_dataset/test/0_real/13513.png,0,0
/speed-scratch/a_shahj/EvolvingThreat-DeepfakeImageDetect/defenses/DCT/data/MidStyleCLIPjourney_train/StyleCLIP_dataset/test/0_real/13514.png,0,0
/speed-scratch/a_shahj/EvolvingThreat-DeepfakeImageDetect/defenses/DCT/data/MidStyleCLIPjourney_train/StyleCLIP_dataset/test/0_real/13515.png,0,0
/speed-scratch/a_shahj/EvolvingThreat-DeepfakeImageDetect/defenses/DCT/data/MidStyleCLIPjourney_train/StyleCLIP_dataset/test/0_real/13516.png,0,0
/speed-scratch/a_shahj/EvolvingThreat-DeepfakeImageDetect/defenses/DCT/data/MidStyleCLIPjourney_train/StyleCLIP_dataset/test/0_real/13517.png,0,0
/speed-scratch/a_shahj/EvolvingThreat-DeepfakeImageDetect/defenses/DCT/data/MidStyleCLIPjourney_train/StyleCLIP_dataset/test/0_real/13518.png,0,0
/speed-scratch/a_shahj/EvolvingThreat-DeepfakeImageDetect/defenses/DCT/data/MidStyleCLIPjourney_train/StyleCLIP_dataset/test/0_real/13519.png,0,0
/speed-scratch/a_shahj/EvolvingThreat-DeepfakeImageDetect/defenses/DCT/data/MidStyleCLIPjourney_train/StyleCLIP_dataset/test/0_real/13520.png,0,0
/speed-scratch/a_shahj/EvolvingThreat-DeepfakeImageDetect/defenses/DCT/data/MidStyleCLIPjourney_train/StyleCLIP_dataset/test/0_real/13521.png,0,0
/speed-scratch/a_shahj/EvolvingThreat-DeepfakeImageDetect/defenses/DCT/data/MidStyleCLIPjourney_train/StyleCLIP_dataset/test/0_real/13522.png,0,0
/speed-scratch/a_shahj/EvolvingThreat-DeepfakeImageDetect/defenses/DCT/data/MidStyleCLIPjourney_train/StyleCLIP_dataset/test/0_real/13523.png,0,0
/speed-scratch/a_shahj/EvolvingThreat-DeepfakeImageDetect/defenses/DCT/data/MidStyleCLIPjourney_train/StyleCLIP_dataset/test/0_real/13524.png,0,0
/speed-scratch/a_shahj/EvolvingThreat-DeepfakeImageDetect/defenses/DCT/data/MidStyleCLIPjourney_train/StyleCLIP_dataset/test/0_real/13525.png,0,0
/speed-scratch/a_shahj/EvolvingThreat-DeepfakeImageDetect/defenses/DCT/data/MidStyleCLIPjourney_train/StyleCLIP_dataset/test/0_real/13526.png,0,0
/speed-scratch/a_shahj/EvolvingThreat-DeepfakeImageDetect/defenses/DCT/data/MidStyleCLIPjourney_train/StyleCLIP_dataset/test/0_real/13527.png,0,0
/speed-scratch/a_shahj/EvolvingThreat-DeepfakeImageDetect/defenses/DCT/data/MidStyleCLIPjourney_train/StyleCLIP_dataset/test/0_real/13528.png,0,0
/speed-scratch/a_shahj/EvolvingThreat-DeepfakeImageDetect/defenses/DCT/data/MidStyleCLIPjourney_train/StyleCLIP_dataset/test/0_real/13529.png,0,0
/speed-scratch/a_shahj/EvolvingThreat-DeepfakeImageDetect/defenses/DCT/data/MidStyleCLIPjourney_train/StyleCLIP_dataset/test/0_real/13530.png,0,0
/speed-scratch/a_shahj/EvolvingThreat-DeepfakeImageDetect/defenses/DCT/data/MidStyleCLIPjourney_train/StyleCLIP_dataset/test/0_real/13531.png,0,0
/speed-scratch/a_shahj/EvolvingThreat-DeepfakeImageDetect/defenses/DCT/data/MidStyleCLIPjourney_train/StyleCLIP_dataset/test/0_real/13532.png,0,0
/speed-scratch/a_shahj/EvolvingThreat-DeepfakeImageDetect/defenses/DCT/data/MidStyleCLIPjourney_train/StyleCLIP_dataset/test/0_real/13533.png,0,0
/speed-scratch/a_shahj/EvolvingThreat-DeepfakeImageDetect/defenses/DCT/data/MidStyleCLIPjourney_train/StyleCLIP_dataset/test/0_real/13534.png,0,0
/speed-scratch/a_shahj/EvolvingThreat-DeepfakeImageDetect/defenses/DCT/data/MidStyleCLIPjourney_train/StyleCLIP_dataset/test/0_real/13535.png,0,0
/speed-scratch/a_shahj/EvolvingThreat-DeepfakeImageDetect/defenses/DCT/data/MidStyleCLIPjourney_train/StyleCLIP_dataset/test/0_real/13536.png,0,0
/speed-scratch/a_shahj/EvolvingThreat-DeepfakeImageDetect/defenses/DCT/data/MidStyleCLIPjourney_train/StyleCLIP_dataset/test/0_real/13537.png,0,0
/speed-scratch/a_shahj/EvolvingThreat-DeepfakeImageDetect/defenses/DCT/data/MidStyleCLIPjourney_train/StyleCLIP_dataset/test/0_real/13538.png,0,0
/speed-scratch/a_shahj/EvolvingThreat-DeepfakeImageDetect/defenses/DCT/data/MidStyleCLIPjourney_train/StyleCLIP_dataset/test/0_real/13539.png,0,0
/speed-scratch/a_shahj/EvolvingThreat-DeepfakeImageDetect/defenses/DCT/data/MidStyleCLIPjourney_train/StyleCLIP_dataset/test/0_real/13540.png,0,0
/speed-scratch/a_shahj/EvolvingThreat-DeepfakeImageDetect/defenses/DCT/data/MidStyleCLIPjourney_train/StyleCLIP_dataset/test/0_real/13541.png,0,0
/speed-scratch/a_shahj/EvolvingThreat-DeepfakeImageDetect/defenses/DCT/data/MidStyleCLIPjourney_train/StyleCLIP_dataset/test/0_real/13542.png,0,0
/speed-scratch/a_shahj/EvolvingThreat-DeepfakeImageDetect/defenses/DCT/data/MidStyleCLIPjourney_train/StyleCLIP_dataset/test/0_real/13543.png,0,0
/speed-scratch/a_shahj/EvolvingThreat-DeepfakeImageDetect/defenses/DCT/data/MidStyleCLIPjourney_train/StyleCLIP_dataset/test/0_real/13544.png,0,0
/speed-scratch/a_shahj/EvolvingThreat-DeepfakeImageDetect/defenses/DCT/data/MidStyleCLIPjourney_train/StyleCLIP_dataset/test/0_real/13545.png,0,0
/speed-scratch/a_shahj/EvolvingThreat-DeepfakeImageDetect/defenses/DCT/data/MidStyleCLIPjourney_train/StyleCLIP_dataset/test/0_real/13546.png,0,0
/speed-scratch/a_shahj/EvolvingThreat-DeepfakeImageDetect/defenses/DCT/data/MidStyleCLIPjourney_train/StyleCLIP_dataset/test/0_real/13547.png,0,0
/speed-scratch/a_shahj/EvolvingThreat-DeepfakeImageDetect/defenses/DCT/data/MidStyleCLIPjourney_train/StyleCLIP_dataset/test/0_real/13548.png,0,0
/speed-scratch/a_shahj/EvolvingThreat-DeepfakeImageDetect/defenses/DCT/data/MidStyleCLIPjourney_train/StyleCLIP_dataset/test/0_real/13549.png,0,0
/speed-scratch/a_shahj/EvolvingThreat-DeepfakeImageDetect/defenses/DCT/data/MidStyleCLIPjourney_train/StyleCLIP_dataset/test/0_real/13550.png,0,0
/speed-scratch/a_shahj/EvolvingThreat-DeepfakeImageDetect/defenses/DCT/data/MidStyleCLIPjourney_train/StyleCLIP_dataset/test/0_real/13551.png,0,0
/speed-scratch/a_shahj/EvolvingThreat-DeepfakeImageDetect/defenses/DCT/data/MidStyleCLIPjourney_train/StyleCLIP_dataset/test/0_real/13552.png,0,0
/speed-scratch/a_shahj/EvolvingThreat-DeepfakeImageDetect/defenses/DCT/data/MidStyleCLIPjourney_train/StyleCLIP_dataset/test/0_real/13553.png,0,0
/speed-scratch/a_shahj/EvolvingThreat-DeepfakeImageDetect/defenses/DCT/data/MidStyleCLIPjourney_train/StyleCLIP_dataset/test/0_real/13554.png,0,0
/speed-scratch/a_shahj/EvolvingThreat-DeepfakeImageDetect/defenses/DCT/data/MidStyleCLIPjourney_train/StyleCLIP_dataset/test/0_real/13555.png,0,0
/speed-scratch/a_shahj/EvolvingThreat-DeepfakeImageDetect/defenses/DCT/data/MidStyleCLIPjourney_train/StyleCLIP_dataset/test/0_real/13556.png,0,0
/speed-scratch/a_shahj/EvolvingThreat-DeepfakeImageDetect/defenses/DCT/data/MidStyleCLIPjourney_train/StyleCLIP_dataset/test/0_real/13557.png,0,0
/speed-scratch/a_shahj/EvolvingThreat-DeepfakeImageDetect/defenses/DCT/data/MidStyleCLIPjourney_train/StyleCLIP_dataset/test/0_real/13558.png,0,0
/speed-scratch/a_shahj/EvolvingThreat-DeepfakeImageDetect/defenses/DCT/data/MidStyleCLIPjourney_train/StyleCLIP_dataset/test/0_real/13559.png,0,0
/speed-scratch/a_shahj/EvolvingThreat-DeepfakeImageDetect/defenses/DCT/data/MidStyleCLIPjourney_train/StyleCLIP_dataset/test/0_real/13560.png,0,0
/speed-scratch/a_shahj/EvolvingThreat-DeepfakeImageDetect/defenses/DCT/data/MidStyleCLIPjourney_train/StyleCLIP_dataset/test/0_real/13561.png,0,0
/speed-scratch/a_shahj/EvolvingThreat-DeepfakeImageDetect/defenses/DCT/data/MidStyleCLIPjourney_train/StyleCLIP_dataset/test/0_real/13562.png,0,0
/speed-scratch/a_shahj/EvolvingThreat-DeepfakeImageDetect/defenses/DCT/data/MidStyleCLIPjourney_train/StyleCLIP_dataset/test/0_real/13563.png,0,0
/speed-scratch/a_shahj/EvolvingThreat-DeepfakeImageDetect/defenses/DCT/data/MidStyleCLIPjourney_train/StyleCLIP_dataset/test/0_real/13564.png,0,0
/speed-scratch/a_shahj/EvolvingThreat-DeepfakeImageDetect/defenses/DCT/data/MidStyleCLIPjourney_train/StyleCLIP_dataset/test/0_real/13565.png,0,0
/speed-scratch/a_shahj/EvolvingThreat-DeepfakeImageDetect/defenses/DCT/data/MidStyleCLIPjourney_train/StyleCLIP_dataset/test/0_real/13566.png,0,0
/speed-scratch/a_shahj/EvolvingThreat-DeepfakeImageDetect/defenses/DCT/data/MidStyleCLIPjourney_train/StyleCLIP_dataset/test/0_real/13567.png,0,0
/speed-scratch/a_shahj/EvolvingThreat-DeepfakeImageDetect/defenses/DCT/data/MidStyleCLIPjourney_train/StyleCLIP_dataset/test/0_real/13568.png,0,0
/speed-scratch/a_shahj/EvolvingThreat-DeepfakeImageDetect/defenses/DCT/data/MidStyleCLIPjourney_train/StyleCLIP_dataset/test/0_real/13569.png,0,0
/speed-scratch/a_shahj/EvolvingThreat-DeepfakeImageDetect/defenses/DCT/data/MidStyleCLIPjourney_train/StyleCLIP_dataset/test/0_real/13570.png,0,0
/speed-scratch/a_shahj/EvolvingThreat-DeepfakeImageDetect/defenses/DCT/data/MidStyleCLIPjourney_train/StyleCLIP_dataset/test/0_real/13571.png,0,0
/speed-scratch/a_shahj/EvolvingThreat-DeepfakeImageDetect/defenses/DCT/data/MidStyleCLIPjourney_train/StyleCLIP_dataset/test/0_real/13572.png,0,0
/speed-scratch/a_shahj/EvolvingThreat-DeepfakeImageDetect/defenses/DCT/data/MidStyleCLIPjourney_train/StyleCLIP_dataset/test/0_real/13573.png,0,0
/speed-scratch/a_shahj/EvolvingThreat-DeepfakeImageDetect/defenses/DCT/data/MidStyleCLIPjourney_train/StyleCLIP_dataset/test/0_real/13574.png,0,0
/speed-scratch/a_shahj/EvolvingThreat-DeepfakeImageDetect/defenses/DCT/data/MidStyleCLIPjourney_train/StyleCLIP_dataset/test/0_real/13575.png,0,0
/speed-scratch/a_shahj/EvolvingThreat-DeepfakeImageDetect/defenses/DCT/data/MidStyleCLIPjourney_train/StyleCLIP_dataset/test/0_real/13576.png,0,0
/speed-scratch/a_shahj/EvolvingThreat-DeepfakeImageDetect/defenses/DCT/data/MidStyleCLIPjourney_train/StyleCLIP_dataset/test/0_real/13577.png,0,0
/speed-scratch/a_shahj/EvolvingThreat-DeepfakeImageDetect/defenses/DCT/data/MidStyleCLIPjourney_train/StyleCLIP_dataset/test/0_real/13578.png,0,0
/speed-scratch/a_shahj/EvolvingThreat-DeepfakeImageDetect/defenses/DCT/data/MidStyleCLIPjourney_train/StyleCLIP_dataset/test/0_real/13579.png,0,0
/speed-scratch/a_shahj/EvolvingThreat-DeepfakeImageDetect/defenses/DCT/data/MidStyleCLIPjourney_train/StyleCLIP_dataset/test/0_real/13580.png,0,0
/speed-scratch/a_shahj/EvolvingThreat-DeepfakeImageDetect/defenses/DCT/data/MidStyleCLIPjourney_train/StyleCLIP_dataset/test/0_real/13581.png,0,0
/speed-scratch/a_shahj/EvolvingThreat-DeepfakeImageDetect/defenses/DCT/data/MidStyleCLIPjourney_train/StyleCLIP_dataset/test/0_real/13582.png,0,0
/speed-scratch/a_shahj/EvolvingThreat-DeepfakeImageDetect/defenses/DCT/data/MidStyleCLIPjourney_train/StyleCLIP_dataset/test/0_real/13583.png,0,0
/speed-scratch/a_shahj/EvolvingThreat-DeepfakeImageDetect/defenses/DCT/data/MidStyleCLIPjourney_train/StyleCLIP_dataset/test/0_real/13584.png,0,0
/speed-scratch/a_shahj/EvolvingThreat-DeepfakeImageDetect/defenses/DCT/data/MidStyleCLIPjourney_train/StyleCLIP_dataset/test/0_real/13585.png,0,0
/speed-scratch/a_shahj/EvolvingThreat-DeepfakeImageDetect/defenses/DCT/data/MidStyleCLIPjourney_train/StyleCLIP_dataset/test/0_real/13586.png,0,0
/speed-scratch/a_shahj/EvolvingThreat-DeepfakeImageDetect/defenses/DCT/data/MidStyleCLIPjourney_train/StyleCLIP_dataset/test/0_real/13587.png,0,0
/speed-scratch/a_shahj/EvolvingThreat-DeepfakeImageDetect/defenses/DCT/data/MidStyleCLIPjourney_train/StyleCLIP_dataset/test/0_real/13588.png,0,0
/speed-scratch/a_shahj/EvolvingThreat-DeepfakeImageDetect/defenses/DCT/data/MidStyleCLIPjourney_train/StyleCLIP_dataset/test/0_real/13589.png,0,0
/speed-scratch/a_shahj/EvolvingThreat-DeepfakeImageDetect/defenses/DCT/data/MidStyleCLIPjourney_train/StyleCLIP_dataset/test/0_real/13590.png,0,0
/speed-scratch/a_shahj/EvolvingThreat-DeepfakeImageDetect/defenses/DCT/data/MidStyleCLIPjourney_train/StyleCLIP_dataset/test/0_real/13591.png,0,0
/speed-scratch/a_shahj/EvolvingThreat-DeepfakeImageDetect/defenses/DCT/data/MidStyleCLIPjourney_train/StyleCLIP_dataset/test/0_real/13592.png,0,0
/speed-scratch/a_shahj/EvolvingThreat-DeepfakeImageDetect/defenses/DCT/data/MidStyleCLIPjourney_train/StyleCLIP_dataset/test/0_real/13593.png,0,0
/speed-scratch/a_shahj/EvolvingThreat-DeepfakeImageDetect/defenses/DCT/data/MidStyleCLIPjourney_train/StyleCLIP_dataset/test/0_real/13594.png,0,0
/speed-scratch/a_shahj/EvolvingThreat-DeepfakeImageDetect/defenses/DCT/data/MidStyleCLIPjourney_train/StyleCLIP_dataset/test/0_real/13595.png,0,0
/speed-scratch/a_shahj/EvolvingThreat-DeepfakeImageDetect/defenses/DCT/data/MidStyleCLIPjourney_train/StyleCLIP_dataset/test/0_real/13596.png,0,0
/speed-scratch/a_shahj/EvolvingThreat-DeepfakeImageDetect/defenses/DCT/data/MidStyleCLIPjourney_train/StyleCLIP_dataset/test/0_real/13597.png,0,0
/speed-scratch/a_shahj/EvolvingThreat-DeepfakeImageDetect/defenses/DCT/data/MidStyleCLIPjourney_train/StyleCLIP_dataset/test/0_real/13598.png,0,0
/speed-scratch/a_shahj/EvolvingThreat-DeepfakeImageDetect/defenses/DCT/data/MidStyleCLIPjourney_train/StyleCLIP_dataset/test/0_real/13599.png,0,0
/speed-scratch/a_shahj/EvolvingThreat-DeepfakeImageDetect/defenses/DCT/data/MidStyleCLIPjourney_train/StyleCLIP_dataset/test/0_real/13600.png,0,0
/speed-scratch/a_shahj/EvolvingThreat-DeepfakeImageDetect/defenses/DCT/data/MidStyleCLIPjourney_train/StyleCLIP_dataset/test/0_real/13601.png,0,0
/speed-scratch/a_shahj/EvolvingThreat-DeepfakeImageDetect/defenses/DCT/data/MidStyleCLIPjourney_train/StyleCLIP_dataset/test/0_real/13602.png,0,0
/speed-scratch/a_shahj/EvolvingThreat-DeepfakeImageDetect/defenses/DCT/data/MidStyleCLIPjourney_train/StyleCLIP_dataset/test/0_real/13603.png,0,0
/speed-scratch/a_shahj/EvolvingThreat-DeepfakeImageDetect/defenses/DCT/data/MidStyleCLIPjourney_train/StyleCLIP_dataset/test/0_real/13604.png,0,0
/speed-scratch/a_shahj/EvolvingThreat-DeepfakeImageDetect/defenses/DCT/data/MidStyleCLIPjourney_train/StyleCLIP_dataset/test/0_real/13605.png,0,0
/speed-scratch/a_shahj/EvolvingThreat-DeepfakeImageDetect/defenses/DCT/data/MidStyleCLIPjourney_train/StyleCLIP_dataset/test/0_real/13606.png,0,0
/speed-scratch/a_shahj/EvolvingThreat-DeepfakeImageDetect/defenses/DCT/data/MidStyleCLIPjourney_train/StyleCLIP_dataset/test/0_real/13607.png,0,0
/speed-scratch/a_shahj/EvolvingThreat-DeepfakeImageDetect/defenses/DCT/data/MidStyleCLIPjourney_train/StyleCLIP_dataset/test/0_real/13608.png,0,0
/speed-scratch/a_shahj/EvolvingThreat-DeepfakeImageDetect/defenses/DCT/data/MidStyleCLIPjourney_train/StyleCLIP_dataset/test/0_real/13609.png,0,0
/speed-scratch/a_shahj/EvolvingThreat-DeepfakeImageDetect/defenses/DCT/data/MidStyleCLIPjourney_train/StyleCLIP_dataset/test/0_real/13610.png,0,0
/speed-scratch/a_shahj/EvolvingThreat-DeepfakeImageDetect/defenses/DCT/data/MidStyleCLIPjourney_train/StyleCLIP_dataset/test/0_real/13611.png,0,0
/speed-scratch/a_shahj/EvolvingThreat-DeepfakeImageDetect/defenses/DCT/data/MidStyleCLIPjourney_train/StyleCLIP_dataset/test/0_real/13612.png,0,0
/speed-scratch/a_shahj/EvolvingThreat-DeepfakeImageDetect/defenses/DCT/data/MidStyleCLIPjourney_train/StyleCLIP_dataset/test/0_real/13613.png,0,0
/speed-scratch/a_shahj/EvolvingThreat-DeepfakeImageDetect/defenses/DCT/data/MidStyleCLIPjourney_train/StyleCLIP_dataset/test/0_real/13614.png,0,0
/speed-scratch/a_shahj/EvolvingThreat-DeepfakeImageDetect/defenses/DCT/data/MidStyleCLIPjourney_train/StyleCLIP_dataset/test/0_real/13615.png,0,0
/speed-scratch/a_shahj/EvolvingThreat-DeepfakeImageDetect/defenses/DCT/data/MidStyleCLIPjourney_train/StyleCLIP_dataset/test/0_real/13616.png,0,0
/speed-scratch/a_shahj/EvolvingThreat-DeepfakeImageDetect/defenses/DCT/data/MidStyleCLIPjourney_train/StyleCLIP_dataset/test/0_real/13617.png,0,0
/speed-scratch/a_shahj/EvolvingThreat-DeepfakeImageDetect/defenses/DCT/data/MidStyleCLIPjourney_train/StyleCLIP_dataset/test/0_real/13618.png,0,0
/speed-scratch/a_shahj/EvolvingThreat-DeepfakeImageDetect/defenses/DCT/data/MidStyleCLIPjourney_train/StyleCLIP_dataset/test/0_real/13619.png,0,0
/speed-scratch/a_shahj/EvolvingThreat-DeepfakeImageDetect/defenses/DCT/data/MidStyleCLIPjourney_train/StyleCLIP_dataset/test/0_real/13620.png,0,0
/speed-scratch/a_shahj/EvolvingThreat-DeepfakeImageDetect/defenses/DCT/data/MidStyleCLIPjourney_train/StyleCLIP_dataset/test/0_real/13621.png,0,0
/speed-scratch/a_shahj/EvolvingThreat-DeepfakeImageDetect/defenses/DCT/data/MidStyleCLIPjourney_train/StyleCLIP_dataset/test/0_real/13622.png,0,0
/speed-scratch/a_shahj/EvolvingThreat-DeepfakeImageDetect/defenses/DCT/data/MidStyleCLIPjourney_train/StyleCLIP_dataset/test/0_real/13623.png,0,0
/speed-scratch/a_shahj/EvolvingThreat-DeepfakeImageDetect/defenses/DCT/data/MidStyleCLIPjourney_train/StyleCLIP_dataset/test/0_real/13624.png,0,0
/speed-scratch/a_shahj/EvolvingThreat-DeepfakeImageDetect/defenses/DCT/data/MidStyleCLIPjourney_train/StyleCLIP_dataset/test/0_real/13625.png,0,0
/speed-scratch/a_shahj/EvolvingThreat-DeepfakeImageDetect/defenses/DCT/data/MidStyleCLIPjourney_train/StyleCLIP_dataset/test/0_real/13626.png,0,0
/speed-scratch/a_shahj/EvolvingThreat-DeepfakeImageDetect/defenses/DCT/data/MidStyleCLIPjourney_train/StyleCLIP_dataset/test/0_real/13627.png,0,0
/speed-scratch/a_shahj/EvolvingThreat-DeepfakeImageDetect/defenses/DCT/data/MidStyleCLIPjourney_train/StyleCLIP_dataset/test/0_real/13628.png,0,0
/speed-scratch/a_shahj/EvolvingThreat-DeepfakeImageDetect/defenses/DCT/data/MidStyleCLIPjourney_train/StyleCLIP_dataset/test/0_real/13629.png,0,0
/speed-scratch/a_shahj/EvolvingThreat-DeepfakeImageDetect/defenses/DCT/data/MidStyleCLIPjourney_train/StyleCLIP_dataset/test/0_real/13630.png,0,0
/speed-scratch/a_shahj/EvolvingThreat-DeepfakeImageDetect/defenses/DCT/data/MidStyleCLIPjourney_train/StyleCLIP_dataset/test/0_real/13631.png,0,0
/speed-scratch/a_shahj/EvolvingThreat-DeepfakeImageDetect/defenses/DCT/data/MidStyleCLIPjourney_train/StyleCLIP_dataset/test/0_real/13632.png,0,0
/speed-scratch/a_shahj/EvolvingThreat-DeepfakeImageDetect/defenses/DCT/data/MidStyleCLIPjourney_train/StyleCLIP_dataset/test/0_real/13633.png,0,0
/speed-scratch/a_shahj/EvolvingThreat-DeepfakeImageDetect/defenses/DCT/data/MidStyleCLIPjourney_train/StyleCLIP_dataset/test/0_real/13634.png,0,0
/speed-scratch/a_shahj/EvolvingThreat-DeepfakeImageDetect/defenses/DCT/data/MidStyleCLIPjourney_train/StyleCLIP_dataset/test/0_real/13635.png,0,0
/speed-scratch/a_shahj/EvolvingThreat-DeepfakeImageDetect/defenses/DCT/data/MidStyleCLIPjourney_train/StyleCLIP_dataset/test/0_real/13636.png,0,0
/speed-scratch/a_shahj/EvolvingThreat-DeepfakeImageDetect/defenses/DCT/data/MidStyleCLIPjourney_train/StyleCLIP_dataset/test/0_real/13637.png,0,0
/speed-scratch/a_shahj/EvolvingThreat-DeepfakeImageDetect/defenses/DCT/data/MidStyleCLIPjourney_train/StyleCLIP_dataset/test/0_real/13638.png,0,0
/speed-scratch/a_shahj/EvolvingThreat-DeepfakeImageDetect/defenses/DCT/data/MidStyleCLIPjourney_train/StyleCLIP_dataset/test/0_real/13639.png,0,0
/speed-scratch/a_shahj/EvolvingThreat-DeepfakeImageDetect/defenses/DCT/data/MidStyleCLIPjourney_train/StyleCLIP_dataset/test/0_real/13640.png,0,0
/speed-scratch/a_shahj/EvolvingThreat-DeepfakeImageDetect/defenses/DCT/data/MidStyleCLIPjourney_train/StyleCLIP_dataset/test/0_real/13641.png,0,0
/speed-scratch/a_shahj/EvolvingThreat-DeepfakeImageDetect/defenses/DCT/data/MidStyleCLIPjourney_train/StyleCLIP_dataset/test/0_real/13642.png,0,0
/speed-scratch/a_shahj/EvolvingThreat-DeepfakeImageDetect/defenses/DCT/data/MidStyleCLIPjourney_train/StyleCLIP_dataset/test/0_real/13643.png,0,0
/speed-scratch/a_shahj/EvolvingThreat-DeepfakeImageDetect/defenses/DCT/data/MidStyleCLIPjourney_train/StyleCLIP_dataset/test/0_real/13644.png,0,0
/speed-scratch/a_shahj/EvolvingThreat-DeepfakeImageDetect/defenses/DCT/data/MidStyleCLIPjourney_train/StyleCLIP_dataset/test/0_real/13645.png,0,0
/speed-scratch/a_shahj/EvolvingThreat-DeepfakeImageDetect/defenses/DCT/data/MidStyleCLIPjourney_train/StyleCLIP_dataset/test/0_real/13646.png,0,0
/speed-scratch/a_shahj/EvolvingThreat-DeepfakeImageDetect/defenses/DCT/data/MidStyleCLIPjourney_train/StyleCLIP_dataset/test/0_real/13647.png,0,0
/speed-scratch/a_shahj/EvolvingThreat-DeepfakeImageDetect/defenses/DCT/data/MidStyleCLIPjourney_train/StyleCLIP_dataset/test/0_real/13648.png,0,0
/speed-scratch/a_shahj/EvolvingThreat-DeepfakeImageDetect/defenses/DCT/data/MidStyleCLIPjourney_train/StyleCLIP_dataset/test/0_real/13649.png,0,0
/speed-scratch/a_shahj/EvolvingThreat-DeepfakeImageDetect/defenses/DCT/data/MidStyleCLIPjourney_train/StyleCLIP_dataset/test/0_real/13650.png,0,0
/speed-scratch/a_shahj/EvolvingThreat-DeepfakeImageDetect/defenses/DCT/data/MidStyleCLIPjourney_train/StyleCLIP_dataset/test/0_real/13651.png,0,0
/speed-scratch/a_shahj/EvolvingThreat-DeepfakeImageDetect/defenses/DCT/data/MidStyleCLIPjourney_train/StyleCLIP_dataset/test/0_real/13652.png,0,0
/speed-scratch/a_shahj/EvolvingThreat-DeepfakeImageDetect/defenses/DCT/data/MidStyleCLIPjourney_train/StyleCLIP_dataset/test/0_real/13653.png,0,0
/speed-scratch/a_shahj/EvolvingThreat-DeepfakeImageDetect/defenses/DCT/data/MidStyleCLIPjourney_train/StyleCLIP_dataset/test/0_real/13654.png,0,0
/speed-scratch/a_shahj/EvolvingThreat-DeepfakeImageDetect/defenses/DCT/data/MidStyleCLIPjourney_train/StyleCLIP_dataset/test/0_real/13655.png,0,0
/speed-scratch/a_shahj/EvolvingThreat-DeepfakeImageDetect/defenses/DCT/data/MidStyleCLIPjourney_train/StyleCLIP_dataset/test/0_real/13656.png,0,0
/speed-scratch/a_shahj/EvolvingThreat-DeepfakeImageDetect/defenses/DCT/data/MidStyleCLIPjourney_train/StyleCLIP_dataset/test/0_real/13657.png,0,0
/speed-scratch/a_shahj/EvolvingThreat-DeepfakeImageDetect/defenses/DCT/data/MidStyleCLIPjourney_train/StyleCLIP_dataset/test/0_real/13658.png,0,0
/speed-scratch/a_shahj/EvolvingThreat-DeepfakeImageDetect/defenses/DCT/data/MidStyleCLIPjourney_train/StyleCLIP_dataset/test/0_real/13659.png,0,0
/speed-scratch/a_shahj/EvolvingThreat-DeepfakeImageDetect/defenses/DCT/data/MidStyleCLIPjourney_train/StyleCLIP_dataset/test/0_real/13660.png,0,0
/speed-scratch/a_shahj/EvolvingThreat-DeepfakeImageDetect/defenses/DCT/data/MidStyleCLIPjourney_train/StyleCLIP_dataset/test/0_real/13661.png,0,0
/speed-scratch/a_shahj/EvolvingThreat-DeepfakeImageDetect/defenses/DCT/data/MidStyleCLIPjourney_train/StyleCLIP_dataset/test/0_real/13662.png,0,0
/speed-scratch/a_shahj/EvolvingThreat-DeepfakeImageDetect/defenses/DCT/data/MidStyleCLIPjourney_train/StyleCLIP_dataset/test/0_real/13663.png,0,0
/speed-scratch/a_shahj/EvolvingThreat-DeepfakeImageDetect/defenses/DCT/data/MidStyleCLIPjourney_train/StyleCLIP_dataset/test/0_real/13664.png,0,0
/speed-scratch/a_shahj/EvolvingThreat-DeepfakeImageDetect/defenses/DCT/data/MidStyleCLIPjourney_train/StyleCLIP_dataset/test/0_real/13665.png,0,0
/speed-scratch/a_shahj/EvolvingThreat-DeepfakeImageDetect/defenses/DCT/data/MidStyleCLIPjourney_train/StyleCLIP_dataset/test/0_real/13666.png,0,0
/speed-scratch/a_shahj/EvolvingThreat-DeepfakeImageDetect/defenses/DCT/data/MidStyleCLIPjourney_train/StyleCLIP_dataset/test/0_real/13667.png,0,0
/speed-scratch/a_shahj/EvolvingThreat-DeepfakeImageDetect/defenses/DCT/data/MidStyleCLIPjourney_train/StyleCLIP_dataset/test/0_real/13668.png,0,0
/speed-scratch/a_shahj/EvolvingThreat-DeepfakeImageDetect/defenses/DCT/data/MidStyleCLIPjourney_train/StyleCLIP_dataset/test/0_real/13669.png,0,0
/speed-scratch/a_shahj/EvolvingThreat-DeepfakeImageDetect/defenses/DCT/data/MidStyleCLIPjourney_train/StyleCLIP_dataset/test/0_real/13670.png,0,0
/speed-scratch/a_shahj/EvolvingThreat-DeepfakeImageDetect/defenses/DCT/data/MidStyleCLIPjourney_train/StyleCLIP_dataset/test/0_real/13671.png,0,0
/speed-scratch/a_shahj/EvolvingThreat-DeepfakeImageDetect/defenses/DCT/data/MidStyleCLIPjourney_train/StyleCLIP_dataset/test/0_real/13672.png,0,0
/speed-scratch/a_shahj/EvolvingThreat-DeepfakeImageDetect/defenses/DCT/data/MidStyleCLIPjourney_train/StyleCLIP_dataset/test/0_real/13673.png,0,0
/speed-scratch/a_shahj/EvolvingThreat-DeepfakeImageDetect/defenses/DCT/data/MidStyleCLIPjourney_train/StyleCLIP_dataset/test/0_real/13674.png,0,0
/speed-scratch/a_shahj/EvolvingThreat-DeepfakeImageDetect/defenses/DCT/data/MidStyleCLIPjourney_train/StyleCLIP_dataset/test/0_real/13675.png,0,0
/speed-scratch/a_shahj/EvolvingThreat-DeepfakeImageDetect/defenses/DCT/data/MidStyleCLIPjourney_train/StyleCLIP_dataset/test/0_real/13676.png,0,0
/speed-scratch/a_shahj/EvolvingThreat-DeepfakeImageDetect/defenses/DCT/data/MidStyleCLIPjourney_train/StyleCLIP_dataset/test/0_real/13677.png,0,0
/speed-scratch/a_shahj/EvolvingThreat-DeepfakeImageDetect/defenses/DCT/data/MidStyleCLIPjourney_train/StyleCLIP_dataset/test/0_real/13678.png,0,0
/speed-scratch/a_shahj/EvolvingThreat-DeepfakeImageDetect/defenses/DCT/data/MidStyleCLIPjourney_train/StyleCLIP_dataset/test/0_real/13679.png,0,0
/speed-scratch/a_shahj/EvolvingThreat-DeepfakeImageDetect/defenses/DCT/data/MidStyleCLIPjourney_train/StyleCLIP_dataset/test/0_real/13680.png,0,0
/speed-scratch/a_shahj/EvolvingThreat-DeepfakeImageDetect/defenses/DCT/data/MidStyleCLIPjourney_train/StyleCLIP_dataset/test/0_real/13681.png,0,0
/speed-scratch/a_shahj/EvolvingThreat-DeepfakeImageDetect/defenses/DCT/data/MidStyleCLIPjourney_train/StyleCLIP_dataset/test/0_real/13682.png,0,0
/speed-scratch/a_shahj/EvolvingThreat-DeepfakeImageDetect/defenses/DCT/data/MidStyleCLIPjourney_train/StyleCLIP_dataset/test/0_real/13683.png,0,0
/speed-scratch/a_shahj/EvolvingThreat-DeepfakeImageDetect/defenses/DCT/data/MidStyleCLIPjourney_train/StyleCLIP_dataset/test/0_real/13684.png,0,0
/speed-scratch/a_shahj/EvolvingThreat-DeepfakeImageDetect/defenses/DCT/data/MidStyleCLIPjourney_train/StyleCLIP_dataset/test/0_real/13685.png,0,0
/speed-scratch/a_shahj/EvolvingThreat-DeepfakeImageDetect/defenses/DCT/data/MidStyleCLIPjourney_train/StyleCLIP_dataset/test/0_real/13686.png,0,0
/speed-scratch/a_shahj/EvolvingThreat-DeepfakeImageDetect/defenses/DCT/data/MidStyleCLIPjourney_train/StyleCLIP_dataset/test/0_real/13687.png,0,0
/speed-scratch/a_shahj/EvolvingThreat-DeepfakeImageDetect/defenses/DCT/data/MidStyleCLIPjourney_train/StyleCLIP_dataset/test/0_real/13688.png,0,0
/speed-scratch/a_shahj/EvolvingThreat-DeepfakeImageDetect/defenses/DCT/data/MidStyleCLIPjourney_train/StyleCLIP_dataset/test/0_real/13689.png,0,0
/speed-scratch/a_shahj/EvolvingThreat-DeepfakeImageDetect/defenses/DCT/data/MidStyleCLIPjourney_train/StyleCLIP_dataset/test/0_real/13690.png,0,0
/speed-scratch/a_shahj/EvolvingThreat-DeepfakeImageDetect/defenses/DCT/data/MidStyleCLIPjourney_train/StyleCLIP_dataset/test/0_real/13691.png,0,0
/speed-scratch/a_shahj/EvolvingThreat-DeepfakeImageDetect/defenses/DCT/data/MidStyleCLIPjourney_train/StyleCLIP_dataset/test/0_real/13692.png,0,0
/speed-scratch/a_shahj/EvolvingThreat-DeepfakeImageDetect/defenses/DCT/data/MidStyleCLIPjourney_train/StyleCLIP_dataset/test/0_real/13693.png,0,0
/speed-scratch/a_shahj/EvolvingThreat-DeepfakeImageDetect/defenses/DCT/data/MidStyleCLIPjourney_train/StyleCLIP_dataset/test/0_real/13694.png,0,0
/speed-scratch/a_shahj/EvolvingThreat-DeepfakeImageDetect/defenses/DCT/data/MidStyleCLIPjourney_train/StyleCLIP_dataset/test/0_real/13695.png,0,0
/speed-scratch/a_shahj/EvolvingThreat-DeepfakeImageDetect/defenses/DCT/data/MidStyleCLIPjourney_train/StyleCLIP_dataset/test/0_real/13696.png,0,0
/speed-scratch/a_shahj/EvolvingThreat-DeepfakeImageDetect/defenses/DCT/data/MidStyleCLIPjourney_train/StyleCLIP_dataset/test/0_real/13697.png,0,0
/speed-scratch/a_shahj/EvolvingThreat-DeepfakeImageDetect/defenses/DCT/data/MidStyleCLIPjourney_train/StyleCLIP_dataset/test/0_real/13698.png,0,0
/speed-scratch/a_shahj/EvolvingThreat-DeepfakeImageDetect/defenses/DCT/data/MidStyleCLIPjourney_train/StyleCLIP_dataset/test/0_real/13699.png,0,0
/speed-scratch/a_shahj/EvolvingThreat-DeepfakeImageDetect/defenses/DCT/data/MidStyleCLIPjourney_train/StyleCLIP_dataset/test/0_real/13700.png,0,0
/speed-scratch/a_shahj/EvolvingThreat-DeepfakeImageDetect/defenses/DCT/data/MidStyleCLIPjourney_train/StyleCLIP_dataset/test/0_real/13701.png,0,0
/speed-scratch/a_shahj/EvolvingThreat-DeepfakeImageDetect/defenses/DCT/data/MidStyleCLIPjourney_train/StyleCLIP_dataset/test/0_real/13702.png,0,0
/speed-scratch/a_shahj/EvolvingThreat-DeepfakeImageDetect/defenses/DCT/data/MidStyleCLIPjourney_train/StyleCLIP_dataset/test/0_real/13703.png,0,0
/speed-scratch/a_shahj/EvolvingThreat-DeepfakeImageDetect/defenses/DCT/data/MidStyleCLIPjourney_train/StyleCLIP_dataset/test/0_real/13704.png,0,0
/speed-scratch/a_shahj/EvolvingThreat-DeepfakeImageDetect/defenses/DCT/data/MidStyleCLIPjourney_train/StyleCLIP_dataset/test/0_real/13705.png,0,0
/speed-scratch/a_shahj/EvolvingThreat-DeepfakeImageDetect/defenses/DCT/data/MidStyleCLIPjourney_train/StyleCLIP_dataset/test/0_real/13706.png,0,0
/speed-scratch/a_shahj/EvolvingThreat-DeepfakeImageDetect/defenses/DCT/data/MidStyleCLIPjourney_train/StyleCLIP_dataset/test/0_real/13707.png,0,0
/speed-scratch/a_shahj/EvolvingThreat-DeepfakeImageDetect/defenses/DCT/data/MidStyleCLIPjourney_train/StyleCLIP_dataset/test/0_real/13708.png,0,0
/speed-scratch/a_shahj/EvolvingThreat-DeepfakeImageDetect/defenses/DCT/data/MidStyleCLIPjourney_train/StyleCLIP_dataset/test/0_real/13709.png,0,0
/speed-scratch/a_shahj/EvolvingThreat-DeepfakeImageDetect/defenses/DCT/data/MidStyleCLIPjourney_train/StyleCLIP_dataset/test/0_real/13710.png,0,0
/speed-scratch/a_shahj/EvolvingThreat-DeepfakeImageDetect/defenses/DCT/data/MidStyleCLIPjourney_train/StyleCLIP_dataset/test/0_real/13711.png,0,0
/speed-scratch/a_shahj/EvolvingThreat-DeepfakeImageDetect/defenses/DCT/data/MidStyleCLIPjourney_train/StyleCLIP_dataset/test/0_real/13712.png,0,0
/speed-scratch/a_shahj/EvolvingThreat-DeepfakeImageDetect/defenses/DCT/data/MidStyleCLIPjourney_train/StyleCLIP_dataset/test/0_real/13713.png,0,0
/speed-scratch/a_shahj/EvolvingThreat-DeepfakeImageDetect/defenses/DCT/data/MidStyleCLIPjourney_train/StyleCLIP_dataset/test/0_real/13714.png,0,0
/speed-scratch/a_shahj/EvolvingThreat-DeepfakeImageDetect/defenses/DCT/data/MidStyleCLIPjourney_train/StyleCLIP_dataset/test/0_real/13715.png,0,0
/speed-scratch/a_shahj/EvolvingThreat-DeepfakeImageDetect/defenses/DCT/data/MidStyleCLIPjourney_train/StyleCLIP_dataset/test/0_real/13716.png,0,0
/speed-scratch/a_shahj/EvolvingThreat-DeepfakeImageDetect/defenses/DCT/data/MidStyleCLIPjourney_train/StyleCLIP_dataset/test/0_real/13717.png,0,0
/speed-scratch/a_shahj/EvolvingThreat-DeepfakeImageDetect/defenses/DCT/data/MidStyleCLIPjourney_train/StyleCLIP_dataset/test/0_real/13718.png,0,0
/speed-scratch/a_shahj/EvolvingThreat-DeepfakeImageDetect/defenses/DCT/data/MidStyleCLIPjourney_train/StyleCLIP_dataset/test/0_real/13719.png,0,0
/speed-scratch/a_shahj/EvolvingThreat-DeepfakeImageDetect/defenses/DCT/data/MidStyleCLIPjourney_train/StyleCLIP_dataset/test/0_real/13720.png,0,0
/speed-scratch/a_shahj/EvolvingThreat-DeepfakeImageDetect/defenses/DCT/data/MidStyleCLIPjourney_train/StyleCLIP_dataset/test/0_real/13721.png,0,0
/speed-scratch/a_shahj/EvolvingThreat-DeepfakeImageDetect/defenses/DCT/data/MidStyleCLIPjourney_train/StyleCLIP_dataset/test/0_real/13722.png,0,0
/speed-scratch/a_shahj/EvolvingThreat-DeepfakeImageDetect/defenses/DCT/data/MidStyleCLIPjourney_train/StyleCLIP_dataset/test/0_real/13723.png,0,0
/speed-scratch/a_shahj/EvolvingThreat-DeepfakeImageDetect/defenses/DCT/data/MidStyleCLIPjourney_train/StyleCLIP_dataset/test/0_real/13724.png,0,0
/speed-scratch/a_shahj/EvolvingThreat-DeepfakeImageDetect/defenses/DCT/data/MidStyleCLIPjourney_train/StyleCLIP_dataset/test/0_real/13725.png,0,0
/speed-scratch/a_shahj/EvolvingThreat-DeepfakeImageDetect/defenses/DCT/data/MidStyleCLIPjourney_train/StyleCLIP_dataset/test/0_real/13726.png,0,0
/speed-scratch/a_shahj/EvolvingThreat-DeepfakeImageDetect/defenses/DCT/data/MidStyleCLIPjourney_train/StyleCLIP_dataset/test/0_real/13727.png,0,0
/speed-scratch/a_shahj/EvolvingThreat-DeepfakeImageDetect/defenses/DCT/data/MidStyleCLIPjourney_train/StyleCLIP_dataset/test/0_real/13728.png,0,0
/speed-scratch/a_shahj/EvolvingThreat-DeepfakeImageDetect/defenses/DCT/data/MidStyleCLIPjourney_train/StyleCLIP_dataset/test/0_real/13729.png,0,0
/speed-scratch/a_shahj/EvolvingThreat-DeepfakeImageDetect/defenses/DCT/data/MidStyleCLIPjourney_train/StyleCLIP_dataset/test/0_real/13730.png,0,0
/speed-scratch/a_shahj/EvolvingThreat-DeepfakeImageDetect/defenses/DCT/data/MidStyleCLIPjourney_train/StyleCLIP_dataset/test/0_real/13731.png,0,0
/speed-scratch/a_shahj/EvolvingThreat-DeepfakeImageDetect/defenses/DCT/data/MidStyleCLIPjourney_train/StyleCLIP_dataset/test/0_real/13732.png,0,0
/speed-scratch/a_shahj/EvolvingThreat-DeepfakeImageDetect/defenses/DCT/data/MidStyleCLIPjourney_train/StyleCLIP_dataset/test/0_real/13733.png,0,0
/speed-scratch/a_shahj/EvolvingThreat-DeepfakeImageDetect/defenses/DCT/data/MidStyleCLIPjourney_train/StyleCLIP_dataset/test/0_real/13734.png,0,0
/speed-scratch/a_shahj/EvolvingThreat-DeepfakeImageDetect/defenses/DCT/data/MidStyleCLIPjourney_train/StyleCLIP_dataset/test/0_real/13735.png,0,0
/speed-scratch/a_shahj/EvolvingThreat-DeepfakeImageDetect/defenses/DCT/data/MidStyleCLIPjourney_train/StyleCLIP_dataset/test/0_real/13736.png,0,0
/speed-scratch/a_shahj/EvolvingThreat-DeepfakeImageDetect/defenses/DCT/data/MidStyleCLIPjourney_train/StyleCLIP_dataset/test/0_real/13737.png,0,0
/speed-scratch/a_shahj/EvolvingThreat-DeepfakeImageDetect/defenses/DCT/data/MidStyleCLIPjourney_train/StyleCLIP_dataset/test/0_real/13738.png,0,0
/speed-scratch/a_shahj/EvolvingThreat-DeepfakeImageDetect/defenses/DCT/data/MidStyleCLIPjourney_train/StyleCLIP_dataset/test/0_real/13739.png,0,0
/speed-scratch/a_shahj/EvolvingThreat-DeepfakeImageDetect/defenses/DCT/data/MidStyleCLIPjourney_train/StyleCLIP_dataset/test/0_real/13740.png,0,0
/speed-scratch/a_shahj/EvolvingThreat-DeepfakeImageDetect/defenses/DCT/data/MidStyleCLIPjourney_train/StyleCLIP_dataset/test/0_real/13741.png,0,0
/speed-scratch/a_shahj/EvolvingThreat-DeepfakeImageDetect/defenses/DCT/data/MidStyleCLIPjourney_train/StyleCLIP_dataset/test/0_real/13742.png,0,0
/speed-scratch/a_shahj/EvolvingThreat-DeepfakeImageDetect/defenses/DCT/data/MidStyleCLIPjourney_train/StyleCLIP_dataset/test/0_real/13743.png,0,0
/speed-scratch/a_shahj/EvolvingThreat-DeepfakeImageDetect/defenses/DCT/data/MidStyleCLIPjourney_train/StyleCLIP_dataset/test/0_real/13744.png,0,0
/speed-scratch/a_shahj/EvolvingThreat-DeepfakeImageDetect/defenses/DCT/data/MidStyleCLIPjourney_train/StyleCLIP_dataset/test/0_real/13745.png,0,0
/speed-scratch/a_shahj/EvolvingThreat-DeepfakeImageDetect/defenses/DCT/data/MidStyleCLIPjourney_train/StyleCLIP_dataset/test/0_real/13746.png,0,0
/speed-scratch/a_shahj/EvolvingThreat-DeepfakeImageDetect/defenses/DCT/data/MidStyleCLIPjourney_train/StyleCLIP_dataset/test/0_real/13747.png,0,0
/speed-scratch/a_shahj/EvolvingThreat-DeepfakeImageDetect/defenses/DCT/data/MidStyleCLIPjourney_train/StyleCLIP_dataset/test/0_real/13748.png,0,0
/speed-scratch/a_shahj/EvolvingThreat-DeepfakeImageDetect/defenses/DCT/data/MidStyleCLIPjourney_train/StyleCLIP_dataset/test/0_real/13749.png,0,0
/speed-scratch/a_shahj/EvolvingThreat-DeepfakeImageDetect/defenses/DCT/data/MidStyleCLIPjourney_train/StyleCLIP_dataset/test/0_real/13750.png,0,0
/speed-scratch/a_shahj/EvolvingThreat-DeepfakeImageDetect/defenses/DCT/data/MidStyleCLIPjourney_train/StyleCLIP_dataset/test/0_real/13751.png,0,0
/speed-scratch/a_shahj/EvolvingThreat-DeepfakeImageDetect/defenses/DCT/data/MidStyleCLIPjourney_train/StyleCLIP_dataset/test/0_real/13752.png,0,0
/speed-scratch/a_shahj/EvolvingThreat-DeepfakeImageDetect/defenses/DCT/data/MidStyleCLIPjourney_train/StyleCLIP_dataset/test/0_real/13753.png,0,0
/speed-scratch/a_shahj/EvolvingThreat-DeepfakeImageDetect/defenses/DCT/data/MidStyleCLIPjourney_train/StyleCLIP_dataset/test/0_real/13754.png,0,0
/speed-scratch/a_shahj/EvolvingThreat-DeepfakeImageDetect/defenses/DCT/data/MidStyleCLIPjourney_train/StyleCLIP_dataset/test/0_real/13755.png,0,0
/speed-scratch/a_shahj/EvolvingThreat-DeepfakeImageDetect/defenses/DCT/data/MidStyleCLIPjourney_train/StyleCLIP_dataset/test/0_real/13756.png,0,0
/speed-scratch/a_shahj/EvolvingThreat-DeepfakeImageDetect/defenses/DCT/data/MidStyleCLIPjourney_train/StyleCLIP_dataset/test/0_real/13757.png,0,0
/speed-scratch/a_shahj/EvolvingThreat-DeepfakeImageDetect/defenses/DCT/data/MidStyleCLIPjourney_train/StyleCLIP_dataset/test/0_real/13758.png,0,0
/speed-scratch/a_shahj/EvolvingThreat-DeepfakeImageDetect/defenses/DCT/data/MidStyleCLIPjourney_train/StyleCLIP_dataset/test/0_real/13759.png,0,0
/speed-scratch/a_shahj/EvolvingThreat-DeepfakeImageDetect/defenses/DCT/data/MidStyleCLIPjourney_train/StyleCLIP_dataset/test/0_real/13760.png,0,0
/speed-scratch/a_shahj/EvolvingThreat-DeepfakeImageDetect/defenses/DCT/data/MidStyleCLIPjourney_train/StyleCLIP_dataset/test/0_real/13761.png,0,0
/speed-scratch/a_shahj/EvolvingThreat-DeepfakeImageDetect/defenses/DCT/data/MidStyleCLIPjourney_train/StyleCLIP_dataset/test/0_real/13762.png,0,0
/speed-scratch/a_shahj/EvolvingThreat-DeepfakeImageDetect/defenses/DCT/data/MidStyleCLIPjourney_train/StyleCLIP_dataset/test/0_real/13763.png,0,0
/speed-scratch/a_shahj/EvolvingThreat-DeepfakeImageDetect/defenses/DCT/data/MidStyleCLIPjourney_train/StyleCLIP_dataset/test/0_real/13764.png,0,0
/speed-scratch/a_shahj/EvolvingThreat-DeepfakeImageDetect/defenses/DCT/data/MidStyleCLIPjourney_train/StyleCLIP_dataset/test/0_real/13765.png,0,0
/speed-scratch/a_shahj/EvolvingThreat-DeepfakeImageDetect/defenses/DCT/data/MidStyleCLIPjourney_train/StyleCLIP_dataset/test/0_real/13766.png,0,0
/speed-scratch/a_shahj/EvolvingThreat-DeepfakeImageDetect/defenses/DCT/data/MidStyleCLIPjourney_train/StyleCLIP_dataset/test/0_real/13767.png,0,0
/speed-scratch/a_shahj/EvolvingThreat-DeepfakeImageDetect/defenses/DCT/data/MidStyleCLIPjourney_train/StyleCLIP_dataset/test/0_real/13768.png,0,0
/speed-scratch/a_shahj/EvolvingThreat-DeepfakeImageDetect/defenses/DCT/data/MidStyleCLIPjourney_train/StyleCLIP_dataset/test/0_real/13769.png,0,0
/speed-scratch/a_shahj/EvolvingThreat-DeepfakeImageDetect/defenses/DCT/data/MidStyleCLIPjourney_train/StyleCLIP_dataset/test/0_real/13770.png,0,0
/speed-scratch/a_shahj/EvolvingThreat-DeepfakeImageDetect/defenses/DCT/data/MidStyleCLIPjourney_train/StyleCLIP_dataset/test/0_real/13771.png,0,0
/speed-scratch/a_shahj/EvolvingThreat-DeepfakeImageDetect/defenses/DCT/data/MidStyleCLIPjourney_train/StyleCLIP_dataset/test/0_real/13772.png,0,0
/speed-scratch/a_shahj/EvolvingThreat-DeepfakeImageDetect/defenses/DCT/data/MidStyleCLIPjourney_train/StyleCLIP_dataset/test/0_real/13773.png,0,0
/speed-scratch/a_shahj/EvolvingThreat-DeepfakeImageDetect/defenses/DCT/data/MidStyleCLIPjourney_train/StyleCLIP_dataset/test/0_real/13774.png,0,0
/speed-scratch/a_shahj/EvolvingThreat-DeepfakeImageDetect/defenses/DCT/data/MidStyleCLIPjourney_train/StyleCLIP_dataset/test/0_real/13775.png,0,0
/speed-scratch/a_shahj/EvolvingThreat-DeepfakeImageDetect/defenses/DCT/data/MidStyleCLIPjourney_train/StyleCLIP_dataset/test/0_real/13776.png,0,0
/speed-scratch/a_shahj/EvolvingThreat-DeepfakeImageDetect/defenses/DCT/data/MidStyleCLIPjourney_train/StyleCLIP_dataset/test/0_real/13777.png,0,0
/speed-scratch/a_shahj/EvolvingThreat-DeepfakeImageDetect/defenses/DCT/data/MidStyleCLIPjourney_train/StyleCLIP_dataset/test/0_real/13778.png,0,0
/speed-scratch/a_shahj/EvolvingThreat-DeepfakeImageDetect/defenses/DCT/data/MidStyleCLIPjourney_train/StyleCLIP_dataset/test/0_real/13779.png,0,0
/speed-scratch/a_shahj/EvolvingThreat-DeepfakeImageDetect/defenses/DCT/data/MidStyleCLIPjourney_train/StyleCLIP_dataset/test/0_real/13780.png,0,0
/speed-scratch/a_shahj/EvolvingThreat-DeepfakeImageDetect/defenses/DCT/data/MidStyleCLIPjourney_train/StyleCLIP_dataset/test/0_real/13781.png,0,0
/speed-scratch/a_shahj/EvolvingThreat-DeepfakeImageDetect/defenses/DCT/data/MidStyleCLIPjourney_train/StyleCLIP_dataset/test/0_real/13782.png,0,0
/speed-scratch/a_shahj/EvolvingThreat-DeepfakeImageDetect/defenses/DCT/data/MidStyleCLIPjourney_train/StyleCLIP_dataset/test/0_real/13783.png,0,0
/speed-scratch/a_shahj/EvolvingThreat-DeepfakeImageDetect/defenses/DCT/data/MidStyleCLIPjourney_train/StyleCLIP_dataset/test/0_real/13784.png,0,0
/speed-scratch/a_shahj/EvolvingThreat-DeepfakeImageDetect/defenses/DCT/data/MidStyleCLIPjourney_train/StyleCLIP_dataset/test/0_real/13785.png,0,0
/speed-scratch/a_shahj/EvolvingThreat-DeepfakeImageDetect/defenses/DCT/data/MidStyleCLIPjourney_train/StyleCLIP_dataset/test/0_real/13786.png,0,0
/speed-scratch/a_shahj/EvolvingThreat-DeepfakeImageDetect/defenses/DCT/data/MidStyleCLIPjourney_train/StyleCLIP_dataset/test/0_real/13787.png,0,0
/speed-scratch/a_shahj/EvolvingThreat-DeepfakeImageDetect/defenses/DCT/data/MidStyleCLIPjourney_train/StyleCLIP_dataset/test/0_real/13788.png,0,0
/speed-scratch/a_shahj/EvolvingThreat-DeepfakeImageDetect/defenses/DCT/data/MidStyleCLIPjourney_train/StyleCLIP_dataset/test/0_real/13789.png,0,0
/speed-scratch/a_shahj/EvolvingThreat-DeepfakeImageDetect/defenses/DCT/data/MidStyleCLIPjourney_train/StyleCLIP_dataset/test/0_real/13790.png,0,0
/speed-scratch/a_shahj/EvolvingThreat-DeepfakeImageDetect/defenses/DCT/data/MidStyleCLIPjourney_train/StyleCLIP_dataset/test/0_real/13791.png,0,0
/speed-scratch/a_shahj/EvolvingThreat-DeepfakeImageDetect/defenses/DCT/data/MidStyleCLIPjourney_train/StyleCLIP_dataset/test/0_real/13792.png,0,0
/speed-scratch/a_shahj/EvolvingThreat-DeepfakeImageDetect/defenses/DCT/data/MidStyleCLIPjourney_train/StyleCLIP_dataset/test/0_real/13793.png,0,0
/speed-scratch/a_shahj/EvolvingThreat-DeepfakeImageDetect/defenses/DCT/data/MidStyleCLIPjourney_train/StyleCLIP_dataset/test/0_real/13794.png,0,0
/speed-scratch/a_shahj/EvolvingThreat-DeepfakeImageDetect/defenses/DCT/data/MidStyleCLIPjourney_train/StyleCLIP_dataset/test/0_real/13795.png,0,0
/speed-scratch/a_shahj/EvolvingThreat-DeepfakeImageDetect/defenses/DCT/data/MidStyleCLIPjourney_train/StyleCLIP_dataset/test/0_real/13796.png,0,0
/speed-scratch/a_shahj/EvolvingThreat-DeepfakeImageDetect/defenses/DCT/data/MidStyleCLIPjourney_train/StyleCLIP_dataset/test/0_real/13797.png,0,0
/speed-scratch/a_shahj/EvolvingThreat-DeepfakeImageDetect/defenses/DCT/data/MidStyleCLIPjourney_train/StyleCLIP_dataset/test/0_real/13798.png,0,0
/speed-scratch/a_shahj/EvolvingThreat-DeepfakeImageDetect/defenses/DCT/data/MidStyleCLIPjourney_train/StyleCLIP_dataset/test/0_real/13799.png,0,0
/speed-scratch/a_shahj/EvolvingThreat-DeepfakeImageDetect/defenses/DCT/data/MidStyleCLIPjourney_train/StyleCLIP_dataset/test/0_real/13800.png,0,0
/speed-scratch/a_shahj/EvolvingThreat-DeepfakeImageDetect/defenses/DCT/data/MidStyleCLIPjourney_train/StyleCLIP_dataset/test/0_real/13801.png,0,0
/speed-scratch/a_shahj/EvolvingThreat-DeepfakeImageDetect/defenses/DCT/data/MidStyleCLIPjourney_train/StyleCLIP_dataset/test/0_real/13802.png,0,0
/speed-scratch/a_shahj/EvolvingThreat-DeepfakeImageDetect/defenses/DCT/data/MidStyleCLIPjourney_train/StyleCLIP_dataset/test/0_real/13803.png,0,0
/speed-scratch/a_shahj/EvolvingThreat-DeepfakeImageDetect/defenses/DCT/data/MidStyleCLIPjourney_train/StyleCLIP_dataset/test/0_real/13804.png,0,0
/speed-scratch/a_shahj/EvolvingThreat-DeepfakeImageDetect/defenses/DCT/data/MidStyleCLIPjourney_train/StyleCLIP_dataset/test/0_real/13805.png,0,0
/speed-scratch/a_shahj/EvolvingThreat-DeepfakeImageDetect/defenses/DCT/data/MidStyleCLIPjourney_train/StyleCLIP_dataset/test/0_real/13806.png,0,0
/speed-scratch/a_shahj/EvolvingThreat-DeepfakeImageDetect/defenses/DCT/data/MidStyleCLIPjourney_train/StyleCLIP_dataset/test/0_real/13807.png,0,0
/speed-scratch/a_shahj/EvolvingThreat-DeepfakeImageDetect/defenses/DCT/data/MidStyleCLIPjourney_train/StyleCLIP_dataset/test/0_real/13808.png,0,0
/speed-scratch/a_shahj/EvolvingThreat-DeepfakeImageDetect/defenses/DCT/data/MidStyleCLIPjourney_train/StyleCLIP_dataset/test/0_real/13809.png,0,0
/speed-scratch/a_shahj/EvolvingThreat-DeepfakeImageDetect/defenses/DCT/data/MidStyleCLIPjourney_train/StyleCLIP_dataset/test/0_real/13810.png,0,0
/speed-scratch/a_shahj/EvolvingThreat-DeepfakeImageDetect/defenses/DCT/data/MidStyleCLIPjourney_train/StyleCLIP_dataset/test/0_real/13811.png,0,0
/speed-scratch/a_shahj/EvolvingThreat-DeepfakeImageDetect/defenses/DCT/data/MidStyleCLIPjourney_train/StyleCLIP_dataset/test/0_real/13812.png,0,0
/speed-scratch/a_shahj/EvolvingThreat-DeepfakeImageDetect/defenses/DCT/data/MidStyleCLIPjourney_train/StyleCLIP_dataset/test/0_real/13813.png,0,0
/speed-scratch/a_shahj/EvolvingThreat-DeepfakeImageDetect/defenses/DCT/data/MidStyleCLIPjourney_train/StyleCLIP_dataset/test/0_real/13814.png,0,0
/speed-scratch/a_shahj/EvolvingThreat-DeepfakeImageDetect/defenses/DCT/data/MidStyleCLIPjourney_train/StyleCLIP_dataset/test/0_real/13815.png,0,0
/speed-scratch/a_shahj/EvolvingThreat-DeepfakeImageDetect/defenses/DCT/data/MidStyleCLIPjourney_train/StyleCLIP_dataset/test/0_real/13816.png,0,0
/speed-scratch/a_shahj/EvolvingThreat-DeepfakeImageDetect/defenses/DCT/data/MidStyleCLIPjourney_train/StyleCLIP_dataset/test/0_real/13817.png,0,0
/speed-scratch/a_shahj/EvolvingThreat-DeepfakeImageDetect/defenses/DCT/data/MidStyleCLIPjourney_train/StyleCLIP_dataset/test/0_real/13818.png,0,0
/speed-scratch/a_shahj/EvolvingThreat-DeepfakeImageDetect/defenses/DCT/data/MidStyleCLIPjourney_train/StyleCLIP_dataset/test/0_real/13819.png,0,0
/speed-scratch/a_shahj/EvolvingThreat-DeepfakeImageDetect/defenses/DCT/data/MidStyleCLIPjourney_train/StyleCLIP_dataset/test/0_real/13820.png,0,0
/speed-scratch/a_shahj/EvolvingThreat-DeepfakeImageDetect/defenses/DCT/data/MidStyleCLIPjourney_train/StyleCLIP_dataset/test/0_real/13821.png,0,0
/speed-scratch/a_shahj/EvolvingThreat-DeepfakeImageDetect/defenses/DCT/data/MidStyleCLIPjourney_train/StyleCLIP_dataset/test/0_real/13822.png,0,0
/speed-scratch/a_shahj/EvolvingThreat-DeepfakeImageDetect/defenses/DCT/data/MidStyleCLIPjourney_train/StyleCLIP_dataset/test/0_real/13823.png,0,0
/speed-scratch/a_shahj/EvolvingThreat-DeepfakeImageDetect/defenses/DCT/data/MidStyleCLIPjourney_train/StyleCLIP_dataset/test/0_real/13824.png,0,0
/speed-scratch/a_shahj/EvolvingThreat-DeepfakeImageDetect/defenses/DCT/data/MidStyleCLIPjourney_train/StyleCLIP_dataset/test/0_real/13825.png,0,0
/speed-scratch/a_shahj/EvolvingThreat-DeepfakeImageDetect/defenses/DCT/data/MidStyleCLIPjourney_train/StyleCLIP_dataset/test/0_real/13826.png,0,0
/speed-scratch/a_shahj/EvolvingThreat-DeepfakeImageDetect/defenses/DCT/data/MidStyleCLIPjourney_train/StyleCLIP_dataset/test/0_real/13827.png,0,0
/speed-scratch/a_shahj/EvolvingThreat-DeepfakeImageDetect/defenses/DCT/data/MidStyleCLIPjourney_train/StyleCLIP_dataset/test/0_real/13828.png,0,0
/speed-scratch/a_shahj/EvolvingThreat-DeepfakeImageDetect/defenses/DCT/data/MidStyleCLIPjourney_train/StyleCLIP_dataset/test/0_real/13829.png,0,0
/speed-scratch/a_shahj/EvolvingThreat-DeepfakeImageDetect/defenses/DCT/data/MidStyleCLIPjourney_train/StyleCLIP_dataset/test/0_real/13830.png,0,0
/speed-scratch/a_shahj/EvolvingThreat-DeepfakeImageDetect/defenses/DCT/data/MidStyleCLIPjourney_train/StyleCLIP_dataset/test/0_real/13831.png,0,0
/speed-scratch/a_shahj/EvolvingThreat-DeepfakeImageDetect/defenses/DCT/data/MidStyleCLIPjourney_train/StyleCLIP_dataset/test/0_real/13832.png,0,0
/speed-scratch/a_shahj/EvolvingThreat-DeepfakeImageDetect/defenses/DCT/data/MidStyleCLIPjourney_train/StyleCLIP_dataset/test/0_real/13833.png,0,0
/speed-scratch/a_shahj/EvolvingThreat-DeepfakeImageDetect/defenses/DCT/data/MidStyleCLIPjourney_train/StyleCLIP_dataset/test/0_real/13834.png,0,0
/speed-scratch/a_shahj/EvolvingThreat-DeepfakeImageDetect/defenses/DCT/data/MidStyleCLIPjourney_train/StyleCLIP_dataset/test/0_real/13835.png,0,0
/speed-scratch/a_shahj/EvolvingThreat-DeepfakeImageDetect/defenses/DCT/data/MidStyleCLIPjourney_train/StyleCLIP_dataset/test/0_real/13836.png,0,0
/speed-scratch/a_shahj/EvolvingThreat-DeepfakeImageDetect/defenses/DCT/data/MidStyleCLIPjourney_train/StyleCLIP_dataset/test/0_real/13837.png,0,0
/speed-scratch/a_shahj/EvolvingThreat-DeepfakeImageDetect/defenses/DCT/data/MidStyleCLIPjourney_train/StyleCLIP_dataset/test/0_real/13838.png,0,0
/speed-scratch/a_shahj/EvolvingThreat-DeepfakeImageDetect/defenses/DCT/data/MidStyleCLIPjourney_train/StyleCLIP_dataset/test/0_real/13839.png,0,0
/speed-scratch/a_shahj/EvolvingThreat-DeepfakeImageDetect/defenses/DCT/data/MidStyleCLIPjourney_train/StyleCLIP_dataset/test/0_real/13840.png,0,0
/speed-scratch/a_shahj/EvolvingThreat-DeepfakeImageDetect/defenses/DCT/data/MidStyleCLIPjourney_train/StyleCLIP_dataset/test/0_real/13841.png,0,0
/speed-scratch/a_shahj/EvolvingThreat-DeepfakeImageDetect/defenses/DCT/data/MidStyleCLIPjourney_train/StyleCLIP_dataset/test/0_real/13842.png,0,0
/speed-scratch/a_shahj/EvolvingThreat-DeepfakeImageDetect/defenses/DCT/data/MidStyleCLIPjourney_train/StyleCLIP_dataset/test/0_real/13843.png,0,0
/speed-scratch/a_shahj/EvolvingThreat-DeepfakeImageDetect/defenses/DCT/data/MidStyleCLIPjourney_train/StyleCLIP_dataset/test/0_real/13844.png,0,0
/speed-scratch/a_shahj/EvolvingThreat-DeepfakeImageDetect/defenses/DCT/data/MidStyleCLIPjourney_train/StyleCLIP_dataset/test/0_real/13845.png,0,0
/speed-scratch/a_shahj/EvolvingThreat-DeepfakeImageDetect/defenses/DCT/data/MidStyleCLIPjourney_train/StyleCLIP_dataset/test/0_real/13846.png,0,0
/speed-scratch/a_shahj/EvolvingThreat-DeepfakeImageDetect/defenses/DCT/data/MidStyleCLIPjourney_train/StyleCLIP_dataset/test/0_real/13847.png,0,0
/speed-scratch/a_shahj/EvolvingThreat-DeepfakeImageDetect/defenses/DCT/data/MidStyleCLIPjourney_train/StyleCLIP_dataset/test/0_real/13848.png,0,0
/speed-scratch/a_shahj/EvolvingThreat-DeepfakeImageDetect/defenses/DCT/data/MidStyleCLIPjourney_train/StyleCLIP_dataset/test/0_real/13849.png,0,0
/speed-scratch/a_shahj/EvolvingThreat-DeepfakeImageDetect/defenses/DCT/data/MidStyleCLIPjourney_train/StyleCLIP_dataset/test/0_real/13850.png,0,0
/speed-scratch/a_shahj/EvolvingThreat-DeepfakeImageDetect/defenses/DCT/data/MidStyleCLIPjourney_train/StyleCLIP_dataset/test/0_real/13851.png,0,0
/speed-scratch/a_shahj/EvolvingThreat-DeepfakeImageDetect/defenses/DCT/data/MidStyleCLIPjourney_train/StyleCLIP_dataset/test/0_real/13852.png,0,0
/speed-scratch/a_shahj/EvolvingThreat-DeepfakeImageDetect/defenses/DCT/data/MidStyleCLIPjourney_train/StyleCLIP_dataset/test/0_real/13853.png,0,0
/speed-scratch/a_shahj/EvolvingThreat-DeepfakeImageDetect/defenses/DCT/data/MidStyleCLIPjourney_train/StyleCLIP_dataset/test/0_real/13854.png,0,0
/speed-scratch/a_shahj/EvolvingThreat-DeepfakeImageDetect/defenses/DCT/data/MidStyleCLIPjourney_train/StyleCLIP_dataset/test/0_real/13855.png,0,0
/speed-scratch/a_shahj/EvolvingThreat-DeepfakeImageDetect/defenses/DCT/data/MidStyleCLIPjourney_train/StyleCLIP_dataset/test/0_real/13856.png,0,0
/speed-scratch/a_shahj/EvolvingThreat-DeepfakeImageDetect/defenses/DCT/data/MidStyleCLIPjourney_train/StyleCLIP_dataset/test/0_real/13857.png,0,0
/speed-scratch/a_shahj/EvolvingThreat-DeepfakeImageDetect/defenses/DCT/data/MidStyleCLIPjourney_train/StyleCLIP_dataset/test/0_real/13858.png,0,0
/speed-scratch/a_shahj/EvolvingThreat-DeepfakeImageDetect/defenses/DCT/data/MidStyleCLIPjourney_train/StyleCLIP_dataset/test/0_real/13859.png,0,0
/speed-scratch/a_shahj/EvolvingThreat-DeepfakeImageDetect/defenses/DCT/data/MidStyleCLIPjourney_train/StyleCLIP_dataset/test/0_real/13860.png,0,0
/speed-scratch/a_shahj/EvolvingThreat-DeepfakeImageDetect/defenses/DCT/data/MidStyleCLIPjourney_train/StyleCLIP_dataset/test/0_real/13861.png,0,0
/speed-scratch/a_shahj/EvolvingThreat-DeepfakeImageDetect/defenses/DCT/data/MidStyleCLIPjourney_train/StyleCLIP_dataset/test/0_real/13862.png,0,0
/speed-scratch/a_shahj/EvolvingThreat-DeepfakeImageDetect/defenses/DCT/data/MidStyleCLIPjourney_train/StyleCLIP_dataset/test/0_real/13863.png,0,0
/speed-scratch/a_shahj/EvolvingThreat-DeepfakeImageDetect/defenses/DCT/data/MidStyleCLIPjourney_train/StyleCLIP_dataset/test/0_real/13864.png,0,0
/speed-scratch/a_shahj/EvolvingThreat-DeepfakeImageDetect/defenses/DCT/data/MidStyleCLIPjourney_train/StyleCLIP_dataset/test/0_real/13865.png,0,0
/speed-scratch/a_shahj/EvolvingThreat-DeepfakeImageDetect/defenses/DCT/data/MidStyleCLIPjourney_train/StyleCLIP_dataset/test/0_real/13866.png,0,0
/speed-scratch/a_shahj/EvolvingThreat-DeepfakeImageDetect/defenses/DCT/data/MidStyleCLIPjourney_train/StyleCLIP_dataset/test/0_real/13867.png,0,0
/speed-scratch/a_shahj/EvolvingThreat-DeepfakeImageDetect/defenses/DCT/data/MidStyleCLIPjourney_train/StyleCLIP_dataset/test/0_real/13868.png,0,0
/speed-scratch/a_shahj/EvolvingThreat-DeepfakeImageDetect/defenses/DCT/data/MidStyleCLIPjourney_train/StyleCLIP_dataset/test/0_real/13869.png,0,0
/speed-scratch/a_shahj/EvolvingThreat-DeepfakeImageDetect/defenses/DCT/data/MidStyleCLIPjourney_train/StyleCLIP_dataset/test/0_real/13870.png,0,0
/speed-scratch/a_shahj/EvolvingThreat-DeepfakeImageDetect/defenses/DCT/data/MidStyleCLIPjourney_train/StyleCLIP_dataset/test/0_real/13871.png,0,0
/speed-scratch/a_shahj/EvolvingThreat-DeepfakeImageDetect/defenses/DCT/data/MidStyleCLIPjourney_train/StyleCLIP_dataset/test/0_real/13872.png,0,0
/speed-scratch/a_shahj/EvolvingThreat-DeepfakeImageDetect/defenses/DCT/data/MidStyleCLIPjourney_train/StyleCLIP_dataset/test/0_real/13873.png,0,0
/speed-scratch/a_shahj/EvolvingThreat-DeepfakeImageDetect/defenses/DCT/data/MidStyleCLIPjourney_train/StyleCLIP_dataset/test/0_real/13874.png,0,0
/speed-scratch/a_shahj/EvolvingThreat-DeepfakeImageDetect/defenses/DCT/data/MidStyleCLIPjourney_train/StyleCLIP_dataset/test/0_real/13875.png,0,0
/speed-scratch/a_shahj/EvolvingThreat-DeepfakeImageDetect/defenses/DCT/data/MidStyleCLIPjourney_train/StyleCLIP_dataset/test/0_real/13876.png,0,0
/speed-scratch/a_shahj/EvolvingThreat-DeepfakeImageDetect/defenses/DCT/data/MidStyleCLIPjourney_train/StyleCLIP_dataset/test/0_real/13877.png,0,0
/speed-scratch/a_shahj/EvolvingThreat-DeepfakeImageDetect/defenses/DCT/data/MidStyleCLIPjourney_train/StyleCLIP_dataset/test/0_real/13878.png,0,0
/speed-scratch/a_shahj/EvolvingThreat-DeepfakeImageDetect/defenses/DCT/data/MidStyleCLIPjourney_train/StyleCLIP_dataset/test/0_real/13879.png,0,0
/speed-scratch/a_shahj/EvolvingThreat-DeepfakeImageDetect/defenses/DCT/data/MidStyleCLIPjourney_train/StyleCLIP_dataset/test/0_real/13880.png,0,0
/speed-scratch/a_shahj/EvolvingThreat-DeepfakeImageDetect/defenses/DCT/data/MidStyleCLIPjourney_train/StyleCLIP_dataset/test/0_real/13881.png,0,0
/speed-scratch/a_shahj/EvolvingThreat-DeepfakeImageDetect/defenses/DCT/data/MidStyleCLIPjourney_train/StyleCLIP_dataset/test/0_real/13882.png,0,0
/speed-scratch/a_shahj/EvolvingThreat-DeepfakeImageDetect/defenses/DCT/data/MidStyleCLIPjourney_train/StyleCLIP_dataset/test/0_real/13883.png,0,0
/speed-scratch/a_shahj/EvolvingThreat-DeepfakeImageDetect/defenses/DCT/data/MidStyleCLIPjourney_train/StyleCLIP_dataset/test/0_real/13884.png,0,0
/speed-scratch/a_shahj/EvolvingThreat-DeepfakeImageDetect/defenses/DCT/data/MidStyleCLIPjourney_train/StyleCLIP_dataset/test/0_real/13885.png,0,0
/speed-scratch/a_shahj/EvolvingThreat-DeepfakeImageDetect/defenses/DCT/data/MidStyleCLIPjourney_train/StyleCLIP_dataset/test/0_real/13886.png,0,0
/speed-scratch/a_shahj/EvolvingThreat-DeepfakeImageDetect/defenses/DCT/data/MidStyleCLIPjourney_train/StyleCLIP_dataset/test/0_real/13887.png,0,0
/speed-scratch/a_shahj/EvolvingThreat-DeepfakeImageDetect/defenses/DCT/data/MidStyleCLIPjourney_train/StyleCLIP_dataset/test/0_real/13888.png,0,0
/speed-scratch/a_shahj/EvolvingThreat-DeepfakeImageDetect/defenses/DCT/data/MidStyleCLIPjourney_train/StyleCLIP_dataset/test/0_real/13889.png,0,0
/speed-scratch/a_shahj/EvolvingThreat-DeepfakeImageDetect/defenses/DCT/data/MidStyleCLIPjourney_train/StyleCLIP_dataset/test/0_real/13890.png,0,0
/speed-scratch/a_shahj/EvolvingThreat-DeepfakeImageDetect/defenses/DCT/data/MidStyleCLIPjourney_train/StyleCLIP_dataset/test/0_real/13891.png,0,0
/speed-scratch/a_shahj/EvolvingThreat-DeepfakeImageDetect/defenses/DCT/data/MidStyleCLIPjourney_train/StyleCLIP_dataset/test/0_real/13892.png,0,0
/speed-scratch/a_shahj/EvolvingThreat-DeepfakeImageDetect/defenses/DCT/data/MidStyleCLIPjourney_train/StyleCLIP_dataset/test/0_real/13893.png,0,0
/speed-scratch/a_shahj/EvolvingThreat-DeepfakeImageDetect/defenses/DCT/data/MidStyleCLIPjourney_train/StyleCLIP_dataset/test/0_real/13894.png,0,0
/speed-scratch/a_shahj/EvolvingThreat-DeepfakeImageDetect/defenses/DCT/data/MidStyleCLIPjourney_train/StyleCLIP_dataset/test/0_real/13895.png,0,0
/speed-scratch/a_shahj/EvolvingThreat-DeepfakeImageDetect/defenses/DCT/data/MidStyleCLIPjourney_train/StyleCLIP_dataset/test/0_real/13896.png,0,0
/speed-scratch/a_shahj/EvolvingThreat-DeepfakeImageDetect/defenses/DCT/data/MidStyleCLIPjourney_train/StyleCLIP_dataset/test/0_real/13897.png,0,0
/speed-scratch/a_shahj/EvolvingThreat-DeepfakeImageDetect/defenses/DCT/data/MidStyleCLIPjourney_train/StyleCLIP_dataset/test/0_real/13898.png,0,0
/speed-scratch/a_shahj/EvolvingThreat-DeepfakeImageDetect/defenses/DCT/data/MidStyleCLIPjourney_train/StyleCLIP_dataset/test/0_real/13899.png,0,0
/speed-scratch/a_shahj/EvolvingThreat-DeepfakeImageDetect/defenses/DCT/data/MidStyleCLIPjourney_train/StyleCLIP_dataset/test/0_real/13900.png,0,0
/speed-scratch/a_shahj/EvolvingThreat-DeepfakeImageDetect/defenses/DCT/data/MidStyleCLIPjourney_train/StyleCLIP_dataset/test/0_real/13901.png,0,0
/speed-scratch/a_shahj/EvolvingThreat-DeepfakeImageDetect/defenses/DCT/data/MidStyleCLIPjourney_train/StyleCLIP_dataset/test/0_real/13902.png,0,0
/speed-scratch/a_shahj/EvolvingThreat-DeepfakeImageDetect/defenses/DCT/data/MidStyleCLIPjourney_train/StyleCLIP_dataset/test/0_real/13903.png,0,0
/speed-scratch/a_shahj/EvolvingThreat-DeepfakeImageDetect/defenses/DCT/data/MidStyleCLIPjourney_train/StyleCLIP_dataset/test/0_real/13904.png,0,0
/speed-scratch/a_shahj/EvolvingThreat-DeepfakeImageDetect/defenses/DCT/data/MidStyleCLIPjourney_train/StyleCLIP_dataset/test/0_real/13905.png,0,0
/speed-scratch/a_shahj/EvolvingThreat-DeepfakeImageDetect/defenses/DCT/data/MidStyleCLIPjourney_train/StyleCLIP_dataset/test/0_real/13906.png,0,0
/speed-scratch/a_shahj/EvolvingThreat-DeepfakeImageDetect/defenses/DCT/data/MidStyleCLIPjourney_train/StyleCLIP_dataset/test/0_real/13907.png,0,0
/speed-scratch/a_shahj/EvolvingThreat-DeepfakeImageDetect/defenses/DCT/data/MidStyleCLIPjourney_train/StyleCLIP_dataset/test/0_real/13908.png,0,0
/speed-scratch/a_shahj/EvolvingThreat-DeepfakeImageDetect/defenses/DCT/data/MidStyleCLIPjourney_train/StyleCLIP_dataset/test/0_real/13909.png,0,0
/speed-scratch/a_shahj/EvolvingThreat-DeepfakeImageDetect/defenses/DCT/data/MidStyleCLIPjourney_train/StyleCLIP_dataset/test/0_real/13910.png,0,0
/speed-scratch/a_shahj/EvolvingThreat-DeepfakeImageDetect/defenses/DCT/data/MidStyleCLIPjourney_train/StyleCLIP_dataset/test/0_real/13911.png,0,0
/speed-scratch/a_shahj/EvolvingThreat-DeepfakeImageDetect/defenses/DCT/data/MidStyleCLIPjourney_train/StyleCLIP_dataset/test/0_real/13912.png,0,0
/speed-scratch/a_shahj/EvolvingThreat-DeepfakeImageDetect/defenses/DCT/data/MidStyleCLIPjourney_train/StyleCLIP_dataset/test/0_real/13913.png,0,0
/speed-scratch/a_shahj/EvolvingThreat-DeepfakeImageDetect/defenses/DCT/data/MidStyleCLIPjourney_train/StyleCLIP_dataset/test/0_real/13914.png,0,0
/speed-scratch/a_shahj/EvolvingThreat-DeepfakeImageDetect/defenses/DCT/data/MidStyleCLIPjourney_train/StyleCLIP_dataset/test/0_real/13915.png,0,0
/speed-scratch/a_shahj/EvolvingThreat-DeepfakeImageDetect/defenses/DCT/data/MidStyleCLIPjourney_train/StyleCLIP_dataset/test/0_real/13916.png,0,0
/speed-scratch/a_shahj/EvolvingThreat-DeepfakeImageDetect/defenses/DCT/data/MidStyleCLIPjourney_train/StyleCLIP_dataset/test/0_real/13917.png,0,0
/speed-scratch/a_shahj/EvolvingThreat-DeepfakeImageDetect/defenses/DCT/data/MidStyleCLIPjourney_train/StyleCLIP_dataset/test/0_real/13918.png,0,0
/speed-scratch/a_shahj/EvolvingThreat-DeepfakeImageDetect/defenses/DCT/data/MidStyleCLIPjourney_train/StyleCLIP_dataset/test/0_real/13919.png,0,0
/speed-scratch/a_shahj/EvolvingThreat-DeepfakeImageDetect/defenses/DCT/data/MidStyleCLIPjourney_train/StyleCLIP_dataset/test/0_real/13920.png,0,0
/speed-scratch/a_shahj/EvolvingThreat-DeepfakeImageDetect/defenses/DCT/data/MidStyleCLIPjourney_train/StyleCLIP_dataset/test/0_real/13921.png,0,0
/speed-scratch/a_shahj/EvolvingThreat-DeepfakeImageDetect/defenses/DCT/data/MidStyleCLIPjourney_train/StyleCLIP_dataset/test/0_real/13922.png,0,0
/speed-scratch/a_shahj/EvolvingThreat-DeepfakeImageDetect/defenses/DCT/data/MidStyleCLIPjourney_train/StyleCLIP_dataset/test/0_real/13923.png,0,0
/speed-scratch/a_shahj/EvolvingThreat-DeepfakeImageDetect/defenses/DCT/data/MidStyleCLIPjourney_train/StyleCLIP_dataset/test/0_real/13924.png,0,0
/speed-scratch/a_shahj/EvolvingThreat-DeepfakeImageDetect/defenses/DCT/data/MidStyleCLIPjourney_train/StyleCLIP_dataset/test/0_real/13925.png,0,0
/speed-scratch/a_shahj/EvolvingThreat-DeepfakeImageDetect/defenses/DCT/data/MidStyleCLIPjourney_train/StyleCLIP_dataset/test/0_real/13926.png,0,0
/speed-scratch/a_shahj/EvolvingThreat-DeepfakeImageDetect/defenses/DCT/data/MidStyleCLIPjourney_train/StyleCLIP_dataset/test/0_real/13927.png,0,0
/speed-scratch/a_shahj/EvolvingThreat-DeepfakeImageDetect/defenses/DCT/data/MidStyleCLIPjourney_train/StyleCLIP_dataset/test/0_real/13928.png,0,0
/speed-scratch/a_shahj/EvolvingThreat-DeepfakeImageDetect/defenses/DCT/data/MidStyleCLIPjourney_train/StyleCLIP_dataset/test/0_real/13929.png,0,0
/speed-scratch/a_shahj/EvolvingThreat-DeepfakeImageDetect/defenses/DCT/data/MidStyleCLIPjourney_train/StyleCLIP_dataset/test/0_real/13930.png,0,0
/speed-scratch/a_shahj/EvolvingThreat-DeepfakeImageDetect/defenses/DCT/data/MidStyleCLIPjourney_train/StyleCLIP_dataset/test/0_real/13931.png,0,0
/speed-scratch/a_shahj/EvolvingThreat-DeepfakeImageDetect/defenses/DCT/data/MidStyleCLIPjourney_train/StyleCLIP_dataset/test/0_real/13932.png,0,0
/speed-scratch/a_shahj/EvolvingThreat-DeepfakeImageDetect/defenses/DCT/data/MidStyleCLIPjourney_train/StyleCLIP_dataset/test/0_real/13933.png,0,0
/speed-scratch/a_shahj/EvolvingThreat-DeepfakeImageDetect/defenses/DCT/data/MidStyleCLIPjourney_train/StyleCLIP_dataset/test/0_real/13934.png,0,0
/speed-scratch/a_shahj/EvolvingThreat-DeepfakeImageDetect/defenses/DCT/data/MidStyleCLIPjourney_train/StyleCLIP_dataset/test/0_real/13935.png,0,0
/speed-scratch/a_shahj/EvolvingThreat-DeepfakeImageDetect/defenses/DCT/data/MidStyleCLIPjourney_train/StyleCLIP_dataset/test/0_real/13936.png,0,0
/speed-scratch/a_shahj/EvolvingThreat-DeepfakeImageDetect/defenses/DCT/data/MidStyleCLIPjourney_train/StyleCLIP_dataset/test/0_real/13937.png,0,0
/speed-scratch/a_shahj/EvolvingThreat-DeepfakeImageDetect/defenses/DCT/data/MidStyleCLIPjourney_train/StyleCLIP_dataset/test/0_real/13938.png,0,0
/speed-scratch/a_shahj/EvolvingThreat-DeepfakeImageDetect/defenses/DCT/data/MidStyleCLIPjourney_train/StyleCLIP_dataset/test/0_real/13939.png,0,0
/speed-scratch/a_shahj/EvolvingThreat-DeepfakeImageDetect/defenses/DCT/data/MidStyleCLIPjourney_train/StyleCLIP_dataset/test/0_real/13940.png,0,0
/speed-scratch/a_shahj/EvolvingThreat-DeepfakeImageDetect/defenses/DCT/data/MidStyleCLIPjourney_train/StyleCLIP_dataset/test/0_real/13941.png,0,0
/speed-scratch/a_shahj/EvolvingThreat-DeepfakeImageDetect/defenses/DCT/data/MidStyleCLIPjourney_train/StyleCLIP_dataset/test/0_real/13942.png,0,0
/speed-scratch/a_shahj/EvolvingThreat-DeepfakeImageDetect/defenses/DCT/data/MidStyleCLIPjourney_train/StyleCLIP_dataset/test/0_real/13943.png,0,0
/speed-scratch/a_shahj/EvolvingThreat-DeepfakeImageDetect/defenses/DCT/data/MidStyleCLIPjourney_train/StyleCLIP_dataset/test/0_real/13944.png,0,0
/speed-scratch/a_shahj/EvolvingThreat-DeepfakeImageDetect/defenses/DCT/data/MidStyleCLIPjourney_train/StyleCLIP_dataset/test/0_real/13945.png,0,0
/speed-scratch/a_shahj/EvolvingThreat-DeepfakeImageDetect/defenses/DCT/data/MidStyleCLIPjourney_train/StyleCLIP_dataset/test/0_real/13946.png,0,0
/speed-scratch/a_shahj/EvolvingThreat-DeepfakeImageDetect/defenses/DCT/data/MidStyleCLIPjourney_train/StyleCLIP_dataset/test/0_real/13947.png,0,0
/speed-scratch/a_shahj/EvolvingThreat-DeepfakeImageDetect/defenses/DCT/data/MidStyleCLIPjourney_train/StyleCLIP_dataset/test/0_real/13948.png,0,0
/speed-scratch/a_shahj/EvolvingThreat-DeepfakeImageDetect/defenses/DCT/data/MidStyleCLIPjourney_train/StyleCLIP_dataset/test/0_real/13949.png,0,0
/speed-scratch/a_shahj/EvolvingThreat-DeepfakeImageDetect/defenses/DCT/data/MidStyleCLIPjourney_train/StyleCLIP_dataset/test/0_real/13950.png,0,0
/speed-scratch/a_shahj/EvolvingThreat-DeepfakeImageDetect/defenses/DCT/data/MidStyleCLIPjourney_train/StyleCLIP_dataset/test/0_real/13951.png,0,0
/speed-scratch/a_shahj/EvolvingThreat-DeepfakeImageDetect/defenses/DCT/data/MidStyleCLIPjourney_train/StyleCLIP_dataset/test/0_real/13952.png,0,0
/speed-scratch/a_shahj/EvolvingThreat-DeepfakeImageDetect/defenses/DCT/data/MidStyleCLIPjourney_train/StyleCLIP_dataset/test/0_real/13953.png,0,0
/speed-scratch/a_shahj/EvolvingThreat-DeepfakeImageDetect/defenses/DCT/data/MidStyleCLIPjourney_train/StyleCLIP_dataset/test/0_real/13954.png,0,0
/speed-scratch/a_shahj/EvolvingThreat-DeepfakeImageDetect/defenses/DCT/data/MidStyleCLIPjourney_train/StyleCLIP_dataset/test/0_real/13955.png,0,0
/speed-scratch/a_shahj/EvolvingThreat-DeepfakeImageDetect/defenses/DCT/data/MidStyleCLIPjourney_train/StyleCLIP_dataset/test/0_real/13956.png,0,0
/speed-scratch/a_shahj/EvolvingThreat-DeepfakeImageDetect/defenses/DCT/data/MidStyleCLIPjourney_train/StyleCLIP_dataset/test/0_real/13957.png,0,0
/speed-scratch/a_shahj/EvolvingThreat-DeepfakeImageDetect/defenses/DCT/data/MidStyleCLIPjourney_train/StyleCLIP_dataset/test/0_real/13958.png,0,0
/speed-scratch/a_shahj/EvolvingThreat-DeepfakeImageDetect/defenses/DCT/data/MidStyleCLIPjourney_train/StyleCLIP_dataset/test/0_real/13959.png,0,0
/speed-scratch/a_shahj/EvolvingThreat-DeepfakeImageDetect/defenses/DCT/data/MidStyleCLIPjourney_train/StyleCLIP_dataset/test/0_real/13960.png,0,0
/speed-scratch/a_shahj/EvolvingThreat-DeepfakeImageDetect/defenses/DCT/data/MidStyleCLIPjourney_train/StyleCLIP_dataset/test/0_real/13961.png,0,0
/speed-scratch/a_shahj/EvolvingThreat-DeepfakeImageDetect/defenses/DCT/data/MidStyleCLIPjourney_train/StyleCLIP_dataset/test/0_real/13962.png,0,0
/speed-scratch/a_shahj/EvolvingThreat-DeepfakeImageDetect/defenses/DCT/data/MidStyleCLIPjourney_train/StyleCLIP_dataset/test/0_real/13963.png,0,0
/speed-scratch/a_shahj/EvolvingThreat-DeepfakeImageDetect/defenses/DCT/data/MidStyleCLIPjourney_train/StyleCLIP_dataset/test/0_real/13964.png,0,0
/speed-scratch/a_shahj/EvolvingThreat-DeepfakeImageDetect/defenses/DCT/data/MidStyleCLIPjourney_train/StyleCLIP_dataset/test/0_real/13965.png,0,0
/speed-scratch/a_shahj/EvolvingThreat-DeepfakeImageDetect/defenses/DCT/data/MidStyleCLIPjourney_train/StyleCLIP_dataset/test/0_real/13966.png,0,0
/speed-scratch/a_shahj/EvolvingThreat-DeepfakeImageDetect/defenses/DCT/data/MidStyleCLIPjourney_train/StyleCLIP_dataset/test/0_real/13967.png,0,0
/speed-scratch/a_shahj/EvolvingThreat-DeepfakeImageDetect/defenses/DCT/data/MidStyleCLIPjourney_train/StyleCLIP_dataset/test/0_real/13968.png,0,0
/speed-scratch/a_shahj/EvolvingThreat-DeepfakeImageDetect/defenses/DCT/data/MidStyleCLIPjourney_train/StyleCLIP_dataset/test/0_real/13969.png,0,0
/speed-scratch/a_shahj/EvolvingThreat-DeepfakeImageDetect/defenses/DCT/data/MidStyleCLIPjourney_train/StyleCLIP_dataset/test/0_real/13970.png,0,0
/speed-scratch/a_shahj/EvolvingThreat-DeepfakeImageDetect/defenses/DCT/data/MidStyleCLIPjourney_train/StyleCLIP_dataset/test/0_real/13971.png,0,0
/speed-scratch/a_shahj/EvolvingThreat-DeepfakeImageDetect/defenses/DCT/data/MidStyleCLIPjourney_train/StyleCLIP_dataset/test/0_real/13972.png,0,0
/speed-scratch/a_shahj/EvolvingThreat-DeepfakeImageDetect/defenses/DCT/data/MidStyleCLIPjourney_train/StyleCLIP_dataset/test/0_real/13973.png,0,0
/speed-scratch/a_shahj/EvolvingThreat-DeepfakeImageDetect/defenses/DCT/data/MidStyleCLIPjourney_train/StyleCLIP_dataset/test/0_real/13974.png,0,0
/speed-scratch/a_shahj/EvolvingThreat-DeepfakeImageDetect/defenses/DCT/data/MidStyleCLIPjourney_train/StyleCLIP_dataset/test/0_real/13975.png,0,0
/speed-scratch/a_shahj/EvolvingThreat-DeepfakeImageDetect/defenses/DCT/data/MidStyleCLIPjourney_train/StyleCLIP_dataset/test/0_real/13976.png,0,0
/speed-scratch/a_shahj/EvolvingThreat-DeepfakeImageDetect/defenses/DCT/data/MidStyleCLIPjourney_train/StyleCLIP_dataset/test/0_real/13977.png,0,0
/speed-scratch/a_shahj/EvolvingThreat-DeepfakeImageDetect/defenses/DCT/data/MidStyleCLIPjourney_train/StyleCLIP_dataset/test/0_real/13978.png,0,0
/speed-scratch/a_shahj/EvolvingThreat-DeepfakeImageDetect/defenses/DCT/data/MidStyleCLIPjourney_train/StyleCLIP_dataset/test/0_real/13979.png,0,0
/speed-scratch/a_shahj/EvolvingThreat-DeepfakeImageDetect/defenses/DCT/data/MidStyleCLIPjourney_train/StyleCLIP_dataset/test/0_real/13980.png,0,0
/speed-scratch/a_shahj/EvolvingThreat-DeepfakeImageDetect/defenses/DCT/data/MidStyleCLIPjourney_train/StyleCLIP_dataset/test/0_real/13981.png,0,0
/speed-scratch/a_shahj/EvolvingThreat-DeepfakeImageDetect/defenses/DCT/data/MidStyleCLIPjourney_train/StyleCLIP_dataset/test/0_real/13982.png,0,0
/speed-scratch/a_shahj/EvolvingThreat-DeepfakeImageDetect/defenses/DCT/data/MidStyleCLIPjourney_train/StyleCLIP_dataset/test/0_real/13983.png,0,0
/speed-scratch/a_shahj/EvolvingThreat-DeepfakeImageDetect/defenses/DCT/data/MidStyleCLIPjourney_train/StyleCLIP_dataset/test/0_real/13984.png,0,0
/speed-scratch/a_shahj/EvolvingThreat-DeepfakeImageDetect/defenses/DCT/data/MidStyleCLIPjourney_train/StyleCLIP_dataset/test/0_real/13985.png,0,0
/speed-scratch/a_shahj/EvolvingThreat-DeepfakeImageDetect/defenses/DCT/data/MidStyleCLIPjourney_train/StyleCLIP_dataset/test/0_real/13986.png,0,0
/speed-scratch/a_shahj/EvolvingThreat-DeepfakeImageDetect/defenses/DCT/data/MidStyleCLIPjourney_train/StyleCLIP_dataset/test/0_real/13987.png,0,0
/speed-scratch/a_shahj/EvolvingThreat-DeepfakeImageDetect/defenses/DCT/data/MidStyleCLIPjourney_train/StyleCLIP_dataset/test/0_real/13988.png,0,0
/speed-scratch/a_shahj/EvolvingThreat-DeepfakeImageDetect/defenses/DCT/data/MidStyleCLIPjourney_train/StyleCLIP_dataset/test/0_real/13989.png,0,0
/speed-scratch/a_shahj/EvolvingThreat-DeepfakeImageDetect/defenses/DCT/data/MidStyleCLIPjourney_train/StyleCLIP_dataset/test/0_real/13990.png,0,0
/speed-scratch/a_shahj/EvolvingThreat-DeepfakeImageDetect/defenses/DCT/data/MidStyleCLIPjourney_train/StyleCLIP_dataset/test/0_real/13991.png,0,0
/speed-scratch/a_shahj/EvolvingThreat-DeepfakeImageDetect/defenses/DCT/data/MidStyleCLIPjourney_train/StyleCLIP_dataset/test/0_real/13992.png,0,0
/speed-scratch/a_shahj/EvolvingThreat-DeepfakeImageDetect/defenses/DCT/data/MidStyleCLIPjourney_train/StyleCLIP_dataset/test/0_real/13993.png,0,0
/speed-scratch/a_shahj/EvolvingThreat-DeepfakeImageDetect/defenses/DCT/data/MidStyleCLIPjourney_train/StyleCLIP_dataset/test/0_real/13994.png,0,0
/speed-scratch/a_shahj/EvolvingThreat-DeepfakeImageDetect/defenses/DCT/data/MidStyleCLIPjourney_train/StyleCLIP_dataset/test/0_real/13995.png,0,0
/speed-scratch/a_shahj/EvolvingThreat-DeepfakeImageDetect/defenses/DCT/data/MidStyleCLIPjourney_train/StyleCLIP_dataset/test/0_real/13996.png,0,0
/speed-scratch/a_shahj/EvolvingThreat-DeepfakeImageDetect/defenses/DCT/data/MidStyleCLIPjourney_train/StyleCLIP_dataset/test/0_real/13997.png,0,0
/speed-scratch/a_shahj/EvolvingThreat-DeepfakeImageDetect/defenses/DCT/data/MidStyleCLIPjourney_train/StyleCLIP_dataset/test/0_real/13998.png,0,0
/speed-scratch/a_shahj/EvolvingThreat-DeepfakeImageDetect/defenses/DCT/data/MidStyleCLIPjourney_train/StyleCLIP_dataset/test/0_real/13999.png,0,0
/speed-scratch/a_shahj/EvolvingThreat-DeepfakeImageDetect/defenses/DCT/data/AdvImages_w_SurrogateModels/ViT/1_fake/011000.png,1,1
/speed-scratch/a_shahj/EvolvingThreat-DeepfakeImageDetect/defenses/DCT/data/AdvImages_w_SurrogateModels/ViT/1_fake/011001.png,1,1
/speed-scratch/a_shahj/EvolvingThreat-DeepfakeImageDetect/defenses/DCT/data/AdvImages_w_SurrogateModels/ViT/1_fake/011003.png,1,1
/speed-scratch/a_shahj/EvolvingThreat-DeepfakeImageDetect/defenses/DCT/data/AdvImages_w_SurrogateModels/ViT/1_fake/011004.png,1,1
/speed-scratch/a_shahj/EvolvingThreat-DeepfakeImageDetect/defenses/DCT/data/AdvImages_w_SurrogateModels/ViT/1_fake/011005.png,1,0
/speed-scratch/a_shahj/EvolvingThreat-DeepfakeImageDetect/defenses/DCT/data/AdvImages_w_SurrogateModels/ViT/1_fake/011006.png,1,1
/speed-scratch/a_shahj/EvolvingThreat-DeepfakeImageDetect/defenses/DCT/data/AdvImages_w_SurrogateModels/ViT/1_fake/011008.png,1,1
/speed-scratch/a_shahj/EvolvingThreat-DeepfakeImageDetect/defenses/DCT/data/AdvImages_w_SurrogateModels/ViT/1_fake/011009.png,1,0
/speed-scratch/a_shahj/EvolvingThreat-DeepfakeImageDetect/defenses/DCT/data/AdvImages_w_SurrogateModels/ViT/1_fake/011011.png,1,1
/speed-scratch/a_shahj/EvolvingThreat-DeepfakeImageDetect/defenses/DCT/data/AdvImages_w_SurrogateModels/ViT/1_fake/011012.png,1,0
/speed-scratch/a_shahj/EvolvingThreat-DeepfakeImageDetect/defenses/DCT/data/AdvImages_w_SurrogateModels/ViT/1_fake/011013.png,1,1
/speed-scratch/a_shahj/EvolvingThreat-DeepfakeImageDetect/defenses/DCT/data/AdvImages_w_SurrogateModels/ViT/1_fake/011014.png,1,0
/speed-scratch/a_shahj/EvolvingThreat-DeepfakeImageDetect/defenses/DCT/data/AdvImages_w_SurrogateModels/ViT/1_fake/011015.png,1,1
/speed-scratch/a_shahj/EvolvingThreat-DeepfakeImageDetect/defenses/DCT/data/AdvImages_w_SurrogateModels/ViT/1_fake/011017.png,1,0
/speed-scratch/a_shahj/EvolvingThreat-DeepfakeImageDetect/defenses/DCT/data/AdvImages_w_SurrogateModels/ViT/1_fake/011019.png,1,1
/speed-scratch/a_shahj/EvolvingThreat-DeepfakeImageDetect/defenses/DCT/data/AdvImages_w_SurrogateModels/ViT/1_fake/011020.png,1,1
/speed-scratch/a_shahj/EvolvingThreat-DeepfakeImageDetect/defenses/DCT/data/AdvImages_w_SurrogateModels/ViT/1_fake/011021.png,1,0
/speed-scratch/a_shahj/EvolvingThreat-DeepfakeImageDetect/defenses/DCT/data/AdvImages_w_SurrogateModels/ViT/1_fake/011022.png,1,0
/speed-scratch/a_shahj/EvolvingThreat-DeepfakeImageDetect/defenses/DCT/data/AdvImages_w_SurrogateModels/ViT/1_fake/011023.png,1,1
/speed-scratch/a_shahj/EvolvingThreat-DeepfakeImageDetect/defenses/DCT/data/AdvImages_w_SurrogateModels/ViT/1_fake/011024.png,1,1
/speed-scratch/a_shahj/EvolvingThreat-DeepfakeImageDetect/defenses/DCT/data/AdvImages_w_SurrogateModels/ViT/1_fake/011025.png,1,1
/speed-scratch/a_shahj/EvolvingThreat-DeepfakeImageDetect/defenses/DCT/data/AdvImages_w_SurrogateModels/ViT/1_fake/011026.png,1,1
/speed-scratch/a_shahj/EvolvingThreat-DeepfakeImageDetect/defenses/DCT/data/AdvImages_w_SurrogateModels/ViT/1_fake/011027.png,1,1
/speed-scratch/a_shahj/EvolvingThreat-DeepfakeImageDetect/defenses/DCT/data/AdvImages_w_SurrogateModels/ViT/1_fake/011028.png,1,1
/speed-scratch/a_shahj/EvolvingThreat-DeepfakeImageDetect/defenses/DCT/data/AdvImages_w_SurrogateModels/ViT/1_fake/011029.png,1,1
/speed-scratch/a_shahj/EvolvingThreat-DeepfakeImageDetect/defenses/DCT/data/AdvImages_w_SurrogateModels/ViT/1_fake/011030.png,1,1
/speed-scratch/a_shahj/EvolvingThreat-DeepfakeImageDetect/defenses/DCT/data/AdvImages_w_SurrogateModels/ViT/1_fake/011031.png,1,0
/speed-scratch/a_shahj/EvolvingThreat-DeepfakeImageDetect/defenses/DCT/data/AdvImages_w_SurrogateModels/ViT/1_fake/011032.png,1,0
/speed-scratch/a_shahj/EvolvingThreat-DeepfakeImageDetect/defenses/DCT/data/AdvImages_w_SurrogateModels/ViT/1_fake/011033.png,1,1
/speed-scratch/a_shahj/EvolvingThreat-DeepfakeImageDetect/defenses/DCT/data/AdvImages_w_SurrogateModels/ViT/1_fake/011034.png,1,1
/speed-scratch/a_shahj/EvolvingThreat-DeepfakeImageDetect/defenses/DCT/data/AdvImages_w_SurrogateModels/ViT/1_fake/011035.png,1,1
/speed-scratch/a_shahj/EvolvingThreat-DeepfakeImageDetect/defenses/DCT/data/AdvImages_w_SurrogateModels/ViT/1_fake/011036.png,1,1
/speed-scratch/a_shahj/EvolvingThreat-DeepfakeImageDetect/defenses/DCT/data/AdvImages_w_SurrogateModels/ViT/1_fake/011038.png,1,0
/speed-scratch/a_shahj/EvolvingThreat-DeepfakeImageDetect/defenses/DCT/data/AdvImages_w_SurrogateModels/ViT/1_fake/011039.png,1,1
/speed-scratch/a_shahj/EvolvingThreat-DeepfakeImageDetect/defenses/DCT/data/AdvImages_w_SurrogateModels/ViT/1_fake/011040.png,1,1
/speed-scratch/a_shahj/EvolvingThreat-DeepfakeImageDetect/defenses/DCT/data/AdvImages_w_SurrogateModels/ViT/1_fake/011042.png,1,0
/speed-scratch/a_shahj/EvolvingThreat-DeepfakeImageDetect/defenses/DCT/data/AdvImages_w_SurrogateModels/ViT/1_fake/011044.png,1,0
/speed-scratch/a_shahj/EvolvingThreat-DeepfakeImageDetect/defenses/DCT/data/AdvImages_w_SurrogateModels/ViT/1_fake/011045.png,1,0
/speed-scratch/a_shahj/EvolvingThreat-DeepfakeImageDetect/defenses/DCT/data/AdvImages_w_SurrogateModels/ViT/1_fake/011046.png,1,1
/speed-scratch/a_shahj/EvolvingThreat-DeepfakeImageDetect/defenses/DCT/data/AdvImages_w_SurrogateModels/ViT/1_fake/011047.png,1,1
/speed-scratch/a_shahj/EvolvingThreat-DeepfakeImageDetect/defenses/DCT/data/AdvImages_w_SurrogateModels/ViT/1_fake/011050.png,1,1
/speed-scratch/a_shahj/EvolvingThreat-DeepfakeImageDetect/defenses/DCT/data/AdvImages_w_SurrogateModels/ViT/1_fake/011052.png,1,1
/speed-scratch/a_shahj/EvolvingThreat-DeepfakeImageDetect/defenses/DCT/data/AdvImages_w_SurrogateModels/ViT/1_fake/011053.png,1,1
/speed-scratch/a_shahj/EvolvingThreat-DeepfakeImageDetect/defenses/DCT/data/AdvImages_w_SurrogateModels/ViT/1_fake/011054.png,1,1
/speed-scratch/a_shahj/EvolvingThreat-DeepfakeImageDetect/defenses/DCT/data/AdvImages_w_SurrogateModels/ViT/1_fake/011055.png,1,0
/speed-scratch/a_shahj/EvolvingThreat-DeepfakeImageDetect/defenses/DCT/data/AdvImages_w_SurrogateModels/ViT/1_fake/011056.png,1,1
/speed-scratch/a_shahj/EvolvingThreat-DeepfakeImageDetect/defenses/DCT/data/AdvImages_w_SurrogateModels/ViT/1_fake/011057.png,1,1
/speed-scratch/a_shahj/EvolvingThreat-DeepfakeImageDetect/defenses/DCT/data/AdvImages_w_SurrogateModels/ViT/1_fake/011058.png,1,0
/speed-scratch/a_shahj/EvolvingThreat-DeepfakeImageDetect/defenses/DCT/data/AdvImages_w_SurrogateModels/ViT/1_fake/011059.png,1,1
/speed-scratch/a_shahj/EvolvingThreat-DeepfakeImageDetect/defenses/DCT/data/AdvImages_w_SurrogateModels/ViT/1_fake/011060.png,1,1
/speed-scratch/a_shahj/EvolvingThreat-DeepfakeImageDetect/defenses/DCT/data/AdvImages_w_SurrogateModels/ViT/1_fake/011061.png,1,1
/speed-scratch/a_shahj/EvolvingThreat-DeepfakeImageDetect/defenses/DCT/data/AdvImages_w_SurrogateModels/ViT/1_fake/011062.png,1,1
/speed-scratch/a_shahj/EvolvingThreat-DeepfakeImageDetect/defenses/DCT/data/AdvImages_w_SurrogateModels/ViT/1_fake/011063.png,1,1
/speed-scratch/a_shahj/EvolvingThreat-DeepfakeImageDetect/defenses/DCT/data/AdvImages_w_SurrogateModels/ViT/1_fake/011064.png,1,1
/speed-scratch/a_shahj/EvolvingThreat-DeepfakeImageDetect/defenses/DCT/data/AdvImages_w_SurrogateModels/ViT/1_fake/011065.png,1,1
/speed-scratch/a_shahj/EvolvingThreat-DeepfakeImageDetect/defenses/DCT/data/AdvImages_w_SurrogateModels/ViT/1_fake/011066.png,1,1
/speed-scratch/a_shahj/EvolvingThreat-DeepfakeImageDetect/defenses/DCT/data/AdvImages_w_SurrogateModels/ViT/1_fake/011067.png,1,1
/speed-scratch/a_shahj/EvolvingThreat-DeepfakeImageDetect/defenses/DCT/data/AdvImages_w_SurrogateModels/ViT/1_fake/011070.png,1,1
/speed-scratch/a_shahj/EvolvingThreat-DeepfakeImageDetect/defenses/DCT/data/AdvImages_w_SurrogateModels/ViT/1_fake/011072.png,1,1
/speed-scratch/a_shahj/EvolvingThreat-DeepfakeImageDetect/defenses/DCT/data/AdvImages_w_SurrogateModels/ViT/1_fake/011073.png,1,0
/speed-scratch/a_shahj/EvolvingThreat-DeepfakeImageDetect/defenses/DCT/data/AdvImages_w_SurrogateModels/ViT/1_fake/011074.png,1,1
/speed-scratch/a_shahj/EvolvingThreat-DeepfakeImageDetect/defenses/DCT/data/AdvImages_w_SurrogateModels/ViT/1_fake/011075.png,1,1
/speed-scratch/a_shahj/EvolvingThreat-DeepfakeImageDetect/defenses/DCT/data/AdvImages_w_SurrogateModels/ViT/1_fake/011077.png,1,0
/speed-scratch/a_shahj/EvolvingThreat-DeepfakeImageDetect/defenses/DCT/data/AdvImages_w_SurrogateModels/ViT/1_fake/011080.png,1,1
/speed-scratch/a_shahj/EvolvingThreat-DeepfakeImageDetect/defenses/DCT/data/AdvImages_w_SurrogateModels/ViT/1_fake/011082.png,1,0
/speed-scratch/a_shahj/EvolvingThreat-DeepfakeImageDetect/defenses/DCT/data/AdvImages_w_SurrogateModels/ViT/1_fake/011083.png,1,1
/speed-scratch/a_shahj/EvolvingThreat-DeepfakeImageDetect/defenses/DCT/data/AdvImages_w_SurrogateModels/ViT/1_fake/011084.png,1,1
/speed-scratch/a_shahj/EvolvingThreat-DeepfakeImageDetect/defenses/DCT/data/AdvImages_w_SurrogateModels/ViT/1_fake/011085.png,1,0
/speed-scratch/a_shahj/EvolvingThreat-DeepfakeImageDetect/defenses/DCT/data/AdvImages_w_SurrogateModels/ViT/1_fake/011086.png,1,0
/speed-scratch/a_shahj/EvolvingThreat-DeepfakeImageDetect/defenses/DCT/data/AdvImages_w_SurrogateModels/ViT/1_fake/011087.png,1,1
/speed-scratch/a_shahj/EvolvingThreat-DeepfakeImageDetect/defenses/DCT/data/AdvImages_w_SurrogateModels/ViT/1_fake/011088.png,1,1
/speed-scratch/a_shahj/EvolvingThreat-DeepfakeImageDetect/defenses/DCT/data/AdvImages_w_SurrogateModels/ViT/1_fake/011089.png,1,1
/speed-scratch/a_shahj/EvolvingThreat-DeepfakeImageDetect/defenses/DCT/data/AdvImages_w_SurrogateModels/ViT/1_fake/011090.png,1,1
/speed-scratch/a_shahj/EvolvingThreat-DeepfakeImageDetect/defenses/DCT/data/AdvImages_w_SurrogateModels/ViT/1_fake/011091.png,1,0
/speed-scratch/a_shahj/EvolvingThreat-DeepfakeImageDetect/defenses/DCT/data/AdvImages_w_SurrogateModels/ViT/1_fake/011092.png,1,1
/speed-scratch/a_shahj/EvolvingThreat-DeepfakeImageDetect/defenses/DCT/data/AdvImages_w_SurrogateModels/ViT/1_fake/011094.png,1,1
/speed-scratch/a_shahj/EvolvingThreat-DeepfakeImageDetect/defenses/DCT/data/AdvImages_w_SurrogateModels/ViT/1_fake/011095.png,1,1
/speed-scratch/a_shahj/EvolvingThreat-DeepfakeImageDetect/defenses/DCT/data/AdvImages_w_SurrogateModels/ViT/1_fake/011096.png,1,1
/speed-scratch/a_shahj/EvolvingThreat-DeepfakeImageDetect/defenses/DCT/data/AdvImages_w_SurrogateModels/ViT/1_fake/011097.png,1,1
/speed-scratch/a_shahj/EvolvingThreat-DeepfakeImageDetect/defenses/DCT/data/AdvImages_w_SurrogateModels/ViT/1_fake/011098.png,1,1
/speed-scratch/a_shahj/EvolvingThreat-DeepfakeImageDetect/defenses/DCT/data/AdvImages_w_SurrogateModels/ViT/1_fake/011099.png,1,1
/speed-scratch/a_shahj/EvolvingThreat-DeepfakeImageDetect/defenses/DCT/data/AdvImages_w_SurrogateModels/ViT/1_fake/011100.png,1,0
/speed-scratch/a_shahj/EvolvingThreat-DeepfakeImageDetect/defenses/DCT/data/AdvImages_w_SurrogateModels/ViT/1_fake/011101.png,1,1
/speed-scratch/a_shahj/EvolvingThreat-DeepfakeImageDetect/defenses/DCT/data/AdvImages_w_SurrogateModels/ViT/1_fake/011102.png,1,1
/speed-scratch/a_shahj/EvolvingThreat-DeepfakeImageDetect/defenses/DCT/data/AdvImages_w_SurrogateModels/ViT/1_fake/011104.png,1,0
/speed-scratch/a_shahj/EvolvingThreat-DeepfakeImageDetect/defenses/DCT/data/AdvImages_w_SurrogateModels/ViT/1_fake/011105.png,1,1
/speed-scratch/a_shahj/EvolvingThreat-DeepfakeImageDetect/defenses/DCT/data/AdvImages_w_SurrogateModels/ViT/1_fake/011106.png,1,1
/speed-scratch/a_shahj/EvolvingThreat-DeepfakeImageDetect/defenses/DCT/data/AdvImages_w_SurrogateModels/ViT/1_fake/011108.png,1,1
/speed-scratch/a_shahj/EvolvingThreat-DeepfakeImageDetect/defenses/DCT/data/AdvImages_w_SurrogateModels/ViT/1_fake/011110.png,1,1
/speed-scratch/a_shahj/EvolvingThreat-DeepfakeImageDetect/defenses/DCT/data/AdvImages_w_SurrogateModels/ViT/1_fake/011111.png,1,0
/speed-scratch/a_shahj/EvolvingThreat-DeepfakeImageDetect/defenses/DCT/data/AdvImages_w_SurrogateModels/ViT/1_fake/011112.png,1,1
/speed-scratch/a_shahj/EvolvingThreat-DeepfakeImageDetect/defenses/DCT/data/AdvImages_w_SurrogateModels/ViT/1_fake/011113.png,1,1
/speed-scratch/a_shahj/EvolvingThreat-DeepfakeImageDetect/defenses/DCT/data/AdvImages_w_SurrogateModels/ViT/1_fake/011114.png,1,1
/speed-scratch/a_shahj/EvolvingThreat-DeepfakeImageDetect/defenses/DCT/data/AdvImages_w_SurrogateModels/ViT/1_fake/011115.png,1,1
/speed-scratch/a_shahj/EvolvingThreat-DeepfakeImageDetect/defenses/DCT/data/AdvImages_w_SurrogateModels/ViT/1_fake/011116.png,1,1
/speed-scratch/a_shahj/EvolvingThreat-DeepfakeImageDetect/defenses/DCT/data/AdvImages_w_SurrogateModels/ViT/1_fake/011117.png,1,0
/speed-scratch/a_shahj/EvolvingThreat-DeepfakeImageDetect/defenses/DCT/data/AdvImages_w_SurrogateModels/ViT/1_fake/011118.png,1,1
/speed-scratch/a_shahj/EvolvingThreat-DeepfakeImageDetect/defenses/DCT/data/AdvImages_w_SurrogateModels/ViT/1_fake/011119.png,1,1
/speed-scratch/a_shahj/EvolvingThreat-DeepfakeImageDetect/defenses/DCT/data/AdvImages_w_SurrogateModels/ViT/1_fake/011120.png,1,1
/speed-scratch/a_shahj/EvolvingThreat-DeepfakeImageDetect/defenses/DCT/data/AdvImages_w_SurrogateModels/ViT/1_fake/011121.png,1,1
/speed-scratch/a_shahj/EvolvingThreat-DeepfakeImageDetect/defenses/DCT/data/AdvImages_w_SurrogateModels/ViT/1_fake/011122.png,1,0
/speed-scratch/a_shahj/EvolvingThreat-DeepfakeImageDetect/defenses/DCT/data/AdvImages_w_SurrogateModels/ViT/1_fake/011123.png,1,0
/speed-scratch/a_shahj/EvolvingThreat-DeepfakeImageDetect/defenses/DCT/data/AdvImages_w_SurrogateModels/ViT/1_fake/011124.png,1,1
/speed-scratch/a_shahj/EvolvingThreat-DeepfakeImageDetect/defenses/DCT/data/AdvImages_w_SurrogateModels/ViT/1_fake/011125.png,1,1
/speed-scratch/a_shahj/EvolvingThreat-DeepfakeImageDetect/defenses/DCT/data/AdvImages_w_SurrogateModels/ViT/1_fake/011126.png,1,1
/speed-scratch/a_shahj/EvolvingThreat-DeepfakeImageDetect/defenses/DCT/data/AdvImages_w_SurrogateModels/ViT/1_fake/011127.png,1,1
/speed-scratch/a_shahj/EvolvingThreat-DeepfakeImageDetect/defenses/DCT/data/AdvImages_w_SurrogateModels/ViT/1_fake/011128.png,1,0
/speed-scratch/a_shahj/EvolvingThreat-DeepfakeImageDetect/defenses/DCT/data/AdvImages_w_SurrogateModels/ViT/1_fake/011129.png,1,1
/speed-scratch/a_shahj/EvolvingThreat-DeepfakeImageDetect/defenses/DCT/data/AdvImages_w_SurrogateModels/ViT/1_fake/011130.png,1,0
/speed-scratch/a_shahj/EvolvingThreat-DeepfakeImageDetect/defenses/DCT/data/AdvImages_w_SurrogateModels/ViT/1_fake/011131.png,1,0
/speed-scratch/a_shahj/EvolvingThreat-DeepfakeImageDetect/defenses/DCT/data/AdvImages_w_SurrogateModels/ViT/1_fake/011132.png,1,1
/speed-scratch/a_shahj/EvolvingThreat-DeepfakeImageDetect/defenses/DCT/data/AdvImages_w_SurrogateModels/ViT/1_fake/011133.png,1,1
/speed-scratch/a_shahj/EvolvingThreat-DeepfakeImageDetect/defenses/DCT/data/AdvImages_w_SurrogateModels/ViT/1_fake/011134.png,1,1
/speed-scratch/a_shahj/EvolvingThreat-DeepfakeImageDetect/defenses/DCT/data/AdvImages_w_SurrogateModels/ViT/1_fake/011135.png,1,1
/speed-scratch/a_shahj/EvolvingThreat-DeepfakeImageDetect/defenses/DCT/data/AdvImages_w_SurrogateModels/ViT/1_fake/011136.png,1,0
/speed-scratch/a_shahj/EvolvingThreat-DeepfakeImageDetect/defenses/DCT/data/AdvImages_w_SurrogateModels/ViT/1_fake/011137.png,1,1
/speed-scratch/a_shahj/EvolvingThreat-DeepfakeImageDetect/defenses/DCT/data/AdvImages_w_SurrogateModels/ViT/1_fake/011138.png,1,1
/speed-scratch/a_shahj/EvolvingThreat-DeepfakeImageDetect/defenses/DCT/data/AdvImages_w_SurrogateModels/ViT/1_fake/011140.png,1,1
/speed-scratch/a_shahj/EvolvingThreat-DeepfakeImageDetect/defenses/DCT/data/AdvImages_w_SurrogateModels/ViT/1_fake/011142.png,1,1
/speed-scratch/a_shahj/EvolvingThreat-DeepfakeImageDetect/defenses/DCT/data/AdvImages_w_SurrogateModels/ViT/1_fake/011143.png,1,1
/speed-scratch/a_shahj/EvolvingThreat-DeepfakeImageDetect/defenses/DCT/data/AdvImages_w_SurrogateModels/ViT/1_fake/011144.png,1,0
/speed-scratch/a_shahj/EvolvingThreat-DeepfakeImageDetect/defenses/DCT/data/AdvImages_w_SurrogateModels/ViT/1_fake/011145.png,1,1
/speed-scratch/a_shahj/EvolvingThreat-DeepfakeImageDetect/defenses/DCT/data/AdvImages_w_SurrogateModels/ViT/1_fake/011146.png,1,1
/speed-scratch/a_shahj/EvolvingThreat-DeepfakeImageDetect/defenses/DCT/data/AdvImages_w_SurrogateModels/ViT/1_fake/011148.png,1,0
/speed-scratch/a_shahj/EvolvingThreat-DeepfakeImageDetect/defenses/DCT/data/AdvImages_w_SurrogateModels/ViT/1_fake/011149.png,1,0
/speed-scratch/a_shahj/EvolvingThreat-DeepfakeImageDetect/defenses/DCT/data/AdvImages_w_SurrogateModels/ViT/1_fake/011150.png,1,1
/speed-scratch/a_shahj/EvolvingThreat-DeepfakeImageDetect/defenses/DCT/data/AdvImages_w_SurrogateModels/ViT/1_fake/011151.png,1,0
/speed-scratch/a_shahj/EvolvingThreat-DeepfakeImageDetect/defenses/DCT/data/AdvImages_w_SurrogateModels/ViT/1_fake/011152.png,1,1
/speed-scratch/a_shahj/EvolvingThreat-DeepfakeImageDetect/defenses/DCT/data/AdvImages_w_SurrogateModels/ViT/1_fake/011153.png,1,1
/speed-scratch/a_shahj/EvolvingThreat-DeepfakeImageDetect/defenses/DCT/data/AdvImages_w_SurrogateModels/ViT/1_fake/011154.png,1,1
/speed-scratch/a_shahj/EvolvingThreat-DeepfakeImageDetect/defenses/DCT/data/AdvImages_w_SurrogateModels/ViT/1_fake/011156.png,1,1
/speed-scratch/a_shahj/EvolvingThreat-DeepfakeImageDetect/defenses/DCT/data/AdvImages_w_SurrogateModels/ViT/1_fake/011157.png,1,0
/speed-scratch/a_shahj/EvolvingThreat-DeepfakeImageDetect/defenses/DCT/data/AdvImages_w_SurrogateModels/ViT/1_fake/011159.png,1,1
/speed-scratch/a_shahj/EvolvingThreat-DeepfakeImageDetect/defenses/DCT/data/AdvImages_w_SurrogateModels/ViT/1_fake/011160.png,1,1
/speed-scratch/a_shahj/EvolvingThreat-DeepfakeImageDetect/defenses/DCT/data/AdvImages_w_SurrogateModels/ViT/1_fake/011161.png,1,1
/speed-scratch/a_shahj/EvolvingThreat-DeepfakeImageDetect/defenses/DCT/data/AdvImages_w_SurrogateModels/ViT/1_fake/011162.png,1,1
/speed-scratch/a_shahj/EvolvingThreat-DeepfakeImageDetect/defenses/DCT/data/AdvImages_w_SurrogateModels/ViT/1_fake/011163.png,1,1
/speed-scratch/a_shahj/EvolvingThreat-DeepfakeImageDetect/defenses/DCT/data/AdvImages_w_SurrogateModels/ViT/1_fake/011164.png,1,1
/speed-scratch/a_shahj/EvolvingThreat-DeepfakeImageDetect/defenses/DCT/data/AdvImages_w_SurrogateModels/ViT/1_fake/011166.png,1,1
/speed-scratch/a_shahj/EvolvingThreat-DeepfakeImageDetect/defenses/DCT/data/AdvImages_w_SurrogateModels/ViT/1_fake/011168.png,1,0
/speed-scratch/a_shahj/EvolvingThreat-DeepfakeImageDetect/defenses/DCT/data/AdvImages_w_SurrogateModels/ViT/1_fake/011169.png,1,1
/speed-scratch/a_shahj/EvolvingThreat-DeepfakeImageDetect/defenses/DCT/data/AdvImages_w_SurrogateModels/ViT/1_fake/011170.png,1,0
/speed-scratch/a_shahj/EvolvingThreat-DeepfakeImageDetect/defenses/DCT/data/AdvImages_w_SurrogateModels/ViT/1_fake/011173.png,1,1
/speed-scratch/a_shahj/EvolvingThreat-DeepfakeImageDetect/defenses/DCT/data/AdvImages_w_SurrogateModels/ViT/1_fake/011174.png,1,1
/speed-scratch/a_shahj/EvolvingThreat-DeepfakeImageDetect/defenses/DCT/data/AdvImages_w_SurrogateModels/ViT/1_fake/011175.png,1,0
/speed-scratch/a_shahj/EvolvingThreat-DeepfakeImageDetect/defenses/DCT/data/AdvImages_w_SurrogateModels/ViT/1_fake/011177.png,1,1
/speed-scratch/a_shahj/EvolvingThreat-DeepfakeImageDetect/defenses/DCT/data/AdvImages_w_SurrogateModels/ViT/1_fake/011178.png,1,0
/speed-scratch/a_shahj/EvolvingThreat-DeepfakeImageDetect/defenses/DCT/data/AdvImages_w_SurrogateModels/ViT/1_fake/011179.png,1,0
/speed-scratch/a_shahj/EvolvingThreat-DeepfakeImageDetect/defenses/DCT/data/AdvImages_w_SurrogateModels/ViT/1_fake/011181.png,1,1
/speed-scratch/a_shahj/EvolvingThreat-DeepfakeImageDetect/defenses/DCT/data/AdvImages_w_SurrogateModels/ViT/1_fake/011182.png,1,0
/speed-scratch/a_shahj/EvolvingThreat-DeepfakeImageDetect/defenses/DCT/data/AdvImages_w_SurrogateModels/ViT/1_fake/011183.png,1,1
/speed-scratch/a_shahj/EvolvingThreat-DeepfakeImageDetect/defenses/DCT/data/AdvImages_w_SurrogateModels/ViT/1_fake/011184.png,1,0
/speed-scratch/a_shahj/EvolvingThreat-DeepfakeImageDetect/defenses/DCT/data/AdvImages_w_SurrogateModels/ViT/1_fake/011186.png,1,1
/speed-scratch/a_shahj/EvolvingThreat-DeepfakeImageDetect/defenses/DCT/data/AdvImages_w_SurrogateModels/ViT/1_fake/011188.png,1,1
/speed-scratch/a_shahj/EvolvingThreat-DeepfakeImageDetect/defenses/DCT/data/AdvImages_w_SurrogateModels/ViT/1_fake/011190.png,1,1
/speed-scratch/a_shahj/EvolvingThreat-DeepfakeImageDetect/defenses/DCT/data/AdvImages_w_SurrogateModels/ViT/1_fake/011191.png,1,0
/speed-scratch/a_shahj/EvolvingThreat-DeepfakeImageDetect/defenses/DCT/data/AdvImages_w_SurrogateModels/ViT/1_fake/011192.png,1,1
/speed-scratch/a_shahj/EvolvingThreat-DeepfakeImageDetect/defenses/DCT/data/AdvImages_w_SurrogateModels/ViT/1_fake/011193.png,1,1
/speed-scratch/a_shahj/EvolvingThreat-DeepfakeImageDetect/defenses/DCT/data/AdvImages_w_SurrogateModels/ViT/1_fake/011194.png,1,1
/speed-scratch/a_shahj/EvolvingThreat-DeepfakeImageDetect/defenses/DCT/data/AdvImages_w_SurrogateModels/ViT/1_fake/011195.png,1,1
/speed-scratch/a_shahj/EvolvingThreat-DeepfakeImageDetect/defenses/DCT/data/AdvImages_w_SurrogateModels/ViT/1_fake/011196.png,1,0
/speed-scratch/a_shahj/EvolvingThreat-DeepfakeImageDetect/defenses/DCT/data/AdvImages_w_SurrogateModels/ViT/1_fake/011197.png,1,1
/speed-scratch/a_shahj/EvolvingThreat-DeepfakeImageDetect/defenses/DCT/data/AdvImages_w_SurrogateModels/ViT/1_fake/011199.png,1,1
/speed-scratch/a_shahj/EvolvingThreat-DeepfakeImageDetect/defenses/DCT/data/AdvImages_w_SurrogateModels/ViT/1_fake/011200.png,1,0
/speed-scratch/a_shahj/EvolvingThreat-DeepfakeImageDetect/defenses/DCT/data/AdvImages_w_SurrogateModels/ViT/1_fake/011201.png,1,1
/speed-scratch/a_shahj/EvolvingThreat-DeepfakeImageDetect/defenses/DCT/data/AdvImages_w_SurrogateModels/ViT/1_fake/011202.png,1,1
/speed-scratch/a_shahj/EvolvingThreat-DeepfakeImageDetect/defenses/DCT/data/AdvImages_w_SurrogateModels/ViT/1_fake/011203.png,1,1
/speed-scratch/a_shahj/EvolvingThreat-DeepfakeImageDetect/defenses/DCT/data/AdvImages_w_SurrogateModels/ViT/1_fake/011206.png,1,1
/speed-scratch/a_shahj/EvolvingThreat-DeepfakeImageDetect/defenses/DCT/data/AdvImages_w_SurrogateModels/ViT/1_fake/011207.png,1,1
/speed-scratch/a_shahj/EvolvingThreat-DeepfakeImageDetect/defenses/DCT/data/AdvImages_w_SurrogateModels/ViT/1_fake/011208.png,1,1
/speed-scratch/a_shahj/EvolvingThreat-DeepfakeImageDetect/defenses/DCT/data/AdvImages_w_SurrogateModels/ViT/1_fake/011209.png,1,1
/speed-scratch/a_shahj/EvolvingThreat-DeepfakeImageDetect/defenses/DCT/data/AdvImages_w_SurrogateModels/ViT/1_fake/011210.png,1,0
/speed-scratch/a_shahj/EvolvingThreat-DeepfakeImageDetect/defenses/DCT/data/AdvImages_w_SurrogateModels/ViT/1_fake/011212.png,1,1
/speed-scratch/a_shahj/EvolvingThreat-DeepfakeImageDetect/defenses/DCT/data/AdvImages_w_SurrogateModels/ViT/1_fake/011213.png,1,0
/speed-scratch/a_shahj/EvolvingThreat-DeepfakeImageDetect/defenses/DCT/data/AdvImages_w_SurrogateModels/ViT/1_fake/011214.png,1,0
/speed-scratch/a_shahj/EvolvingThreat-DeepfakeImageDetect/defenses/DCT/data/AdvImages_w_SurrogateModels/ViT/1_fake/011215.png,1,1
/speed-scratch/a_shahj/EvolvingThreat-DeepfakeImageDetect/defenses/DCT/data/AdvImages_w_SurrogateModels/ViT/1_fake/011216.png,1,1
/speed-scratch/a_shahj/EvolvingThreat-DeepfakeImageDetect/defenses/DCT/data/AdvImages_w_SurrogateModels/ViT/1_fake/011217.png,1,1
/speed-scratch/a_shahj/EvolvingThreat-DeepfakeImageDetect/defenses/DCT/data/AdvImages_w_SurrogateModels/ViT/1_fake/011219.png,1,0
/speed-scratch/a_shahj/EvolvingThreat-DeepfakeImageDetect/defenses/DCT/data/AdvImages_w_SurrogateModels/ViT/1_fake/011221.png,1,0
/speed-scratch/a_shahj/EvolvingThreat-DeepfakeImageDetect/defenses/DCT/data/AdvImages_w_SurrogateModels/ViT/1_fake/011222.png,1,1
/speed-scratch/a_shahj/EvolvingThreat-DeepfakeImageDetect/defenses/DCT/data/AdvImages_w_SurrogateModels/ViT/1_fake/011223.png,1,1
/speed-scratch/a_shahj/EvolvingThreat-DeepfakeImageDetect/defenses/DCT/data/AdvImages_w_SurrogateModels/ViT/1_fake/011224.png,1,0
/speed-scratch/a_shahj/EvolvingThreat-DeepfakeImageDetect/defenses/DCT/data/AdvImages_w_SurrogateModels/ViT/1_fake/011225.png,1,0
/speed-scratch/a_shahj/EvolvingThreat-DeepfakeImageDetect/defenses/DCT/data/AdvImages_w_SurrogateModels/ViT/1_fake/011226.png,1,1
/speed-scratch/a_shahj/EvolvingThreat-DeepfakeImageDetect/defenses/DCT/data/AdvImages_w_SurrogateModels/ViT/1_fake/011227.png,1,1
/speed-scratch/a_shahj/EvolvingThreat-DeepfakeImageDetect/defenses/DCT/data/AdvImages_w_SurrogateModels/ViT/1_fake/011228.png,1,0
/speed-scratch/a_shahj/EvolvingThreat-DeepfakeImageDetect/defenses/DCT/data/AdvImages_w_SurrogateModels/ViT/1_fake/011230.png,1,1
/speed-scratch/a_shahj/EvolvingThreat-DeepfakeImageDetect/defenses/DCT/data/AdvImages_w_SurrogateModels/ViT/1_fake/011231.png,1,1
/speed-scratch/a_shahj/EvolvingThreat-DeepfakeImageDetect/defenses/DCT/data/AdvImages_w_SurrogateModels/ViT/1_fake/011232.png,1,1
/speed-scratch/a_shahj/EvolvingThreat-DeepfakeImageDetect/defenses/DCT/data/AdvImages_w_SurrogateModels/ViT/1_fake/011233.png,1,1
/speed-scratch/a_shahj/EvolvingThreat-DeepfakeImageDetect/defenses/DCT/data/AdvImages_w_SurrogateModels/ViT/1_fake/011234.png,1,0
/speed-scratch/a_shahj/EvolvingThreat-DeepfakeImageDetect/defenses/DCT/data/AdvImages_w_SurrogateModels/ViT/1_fake/011235.png,1,0
/speed-scratch/a_shahj/EvolvingThreat-DeepfakeImageDetect/defenses/DCT/data/AdvImages_w_SurrogateModels/ViT/1_fake/011236.png,1,1
/speed-scratch/a_shahj/EvolvingThreat-DeepfakeImageDetect/defenses/DCT/data/AdvImages_w_SurrogateModels/ViT/1_fake/011237.png,1,1
/speed-scratch/a_shahj/EvolvingThreat-DeepfakeImageDetect/defenses/DCT/data/AdvImages_w_SurrogateModels/ViT/1_fake/011238.png,1,0
/speed-scratch/a_shahj/EvolvingThreat-DeepfakeImageDetect/defenses/DCT/data/AdvImages_w_SurrogateModels/ViT/1_fake/011240.png,1,1
/speed-scratch/a_shahj/EvolvingThreat-DeepfakeImageDetect/defenses/DCT/data/AdvImages_w_SurrogateModels/ViT/1_fake/011241.png,1,1
/speed-scratch/a_shahj/EvolvingThreat-DeepfakeImageDetect/defenses/DCT/data/AdvImages_w_SurrogateModels/ViT/1_fake/011242.png,1,0
/speed-scratch/a_shahj/EvolvingThreat-DeepfakeImageDetect/defenses/DCT/data/AdvImages_w_SurrogateModels/ViT/1_fake/011244.png,1,0
/speed-scratch/a_shahj/EvolvingThreat-DeepfakeImageDetect/defenses/DCT/data/AdvImages_w_SurrogateModels/ViT/1_fake/011245.png,1,0
/speed-scratch/a_shahj/EvolvingThreat-DeepfakeImageDetect/defenses/DCT/data/AdvImages_w_SurrogateModels/ViT/1_fake/011246.png,1,1
/speed-scratch/a_shahj/EvolvingThreat-DeepfakeImageDetect/defenses/DCT/data/AdvImages_w_SurrogateModels/ViT/1_fake/011247.png,1,1
/speed-scratch/a_shahj/EvolvingThreat-DeepfakeImageDetect/defenses/DCT/data/AdvImages_w_SurrogateModels/ViT/1_fake/011248.png,1,1
/speed-scratch/a_shahj/EvolvingThreat-DeepfakeImageDetect/defenses/DCT/data/AdvImages_w_SurrogateModels/ViT/1_fake/011250.png,1,0
/speed-scratch/a_shahj/EvolvingThreat-DeepfakeImageDetect/defenses/DCT/data/AdvImages_w_SurrogateModels/ViT/1_fake/011251.png,1,1
/speed-scratch/a_shahj/EvolvingThreat-DeepfakeImageDetect/defenses/DCT/data/AdvImages_w_SurrogateModels/ViT/1_fake/011252.png,1,1
/speed-scratch/a_shahj/EvolvingThreat-DeepfakeImageDetect/defenses/DCT/data/AdvImages_w_SurrogateModels/ViT/1_fake/011253.png,1,0
/speed-scratch/a_shahj/EvolvingThreat-DeepfakeImageDetect/defenses/DCT/data/AdvImages_w_SurrogateModels/ViT/1_fake/011254.png,1,0
/speed-scratch/a_shahj/EvolvingThreat-DeepfakeImageDetect/defenses/DCT/data/AdvImages_w_SurrogateModels/ViT/1_fake/011255.png,1,1
/speed-scratch/a_shahj/EvolvingThreat-DeepfakeImageDetect/defenses/DCT/data/AdvImages_w_SurrogateModels/ViT/1_fake/011256.png,1,1
/speed-scratch/a_shahj/EvolvingThreat-DeepfakeImageDetect/defenses/DCT/data/AdvImages_w_SurrogateModels/ViT/1_fake/011257.png,1,1
/speed-scratch/a_shahj/EvolvingThreat-DeepfakeImageDetect/defenses/DCT/data/AdvImages_w_SurrogateModels/ViT/1_fake/011258.png,1,0
/speed-scratch/a_shahj/EvolvingThreat-DeepfakeImageDetect/defenses/DCT/data/AdvImages_w_SurrogateModels/ViT/1_fake/011261.png,1,1
/speed-scratch/a_shahj/EvolvingThreat-DeepfakeImageDetect/defenses/DCT/data/AdvImages_w_SurrogateModels/ViT/1_fake/011262.png,1,1
/speed-scratch/a_shahj/EvolvingThreat-DeepfakeImageDetect/defenses/DCT/data/AdvImages_w_SurrogateModels/ViT/1_fake/011263.png,1,1
/speed-scratch/a_shahj/EvolvingThreat-DeepfakeImageDetect/defenses/DCT/data/AdvImages_w_SurrogateModels/ViT/1_fake/011265.png,1,1
/speed-scratch/a_shahj/EvolvingThreat-DeepfakeImageDetect/defenses/DCT/data/AdvImages_w_SurrogateModels/ViT/1_fake/011266.png,1,0
/speed-scratch/a_shahj/EvolvingThreat-DeepfakeImageDetect/defenses/DCT/data/AdvImages_w_SurrogateModels/ViT/1_fake/011267.png,1,1
/speed-scratch/a_shahj/EvolvingThreat-DeepfakeImageDetect/defenses/DCT/data/AdvImages_w_SurrogateModels/ViT/1_fake/011268.png,1,1
/speed-scratch/a_shahj/EvolvingThreat-DeepfakeImageDetect/defenses/DCT/data/AdvImages_w_SurrogateModels/ViT/1_fake/011270.png,1,1
/speed-scratch/a_shahj/EvolvingThreat-DeepfakeImageDetect/defenses/DCT/data/AdvImages_w_SurrogateModels/ViT/1_fake/011272.png,1,1
/speed-scratch/a_shahj/EvolvingThreat-DeepfakeImageDetect/defenses/DCT/data/AdvImages_w_SurrogateModels/ViT/1_fake/011273.png,1,1
/speed-scratch/a_shahj/EvolvingThreat-DeepfakeImageDetect/defenses/DCT/data/AdvImages_w_SurrogateModels/ViT/1_fake/011274.png,1,1
/speed-scratch/a_shahj/EvolvingThreat-DeepfakeImageDetect/defenses/DCT/data/AdvImages_w_SurrogateModels/ViT/1_fake/011275.png,1,1
/speed-scratch/a_shahj/EvolvingThreat-DeepfakeImageDetect/defenses/DCT/data/AdvImages_w_SurrogateModels/ViT/1_fake/011277.png,1,1
/speed-scratch/a_shahj/EvolvingThreat-DeepfakeImageDetect/defenses/DCT/data/AdvImages_w_SurrogateModels/ViT/1_fake/011279.png,1,0
/speed-scratch/a_shahj/EvolvingThreat-DeepfakeImageDetect/defenses/DCT/data/AdvImages_w_SurrogateModels/ViT/1_fake/011280.png,1,1
/speed-scratch/a_shahj/EvolvingThreat-DeepfakeImageDetect/defenses/DCT/data/AdvImages_w_SurrogateModels/ViT/1_fake/011281.png,1,1
/speed-scratch/a_shahj/EvolvingThreat-DeepfakeImageDetect/defenses/DCT/data/AdvImages_w_SurrogateModels/ViT/1_fake/011282.png,1,1
/speed-scratch/a_shahj/EvolvingThreat-DeepfakeImageDetect/defenses/DCT/data/AdvImages_w_SurrogateModels/ViT/1_fake/011283.png,1,1
/speed-scratch/a_shahj/EvolvingThreat-DeepfakeImageDetect/defenses/DCT/data/AdvImages_w_SurrogateModels/ViT/1_fake/011284.png,1,1
/speed-scratch/a_shahj/EvolvingThreat-DeepfakeImageDetect/defenses/DCT/data/AdvImages_w_SurrogateModels/ViT/1_fake/011285.png,1,0
/speed-scratch/a_shahj/EvolvingThreat-DeepfakeImageDetect/defenses/DCT/data/AdvImages_w_SurrogateModels/ViT/1_fake/011286.png,1,1
/speed-scratch/a_shahj/EvolvingThreat-DeepfakeImageDetect/defenses/DCT/data/AdvImages_w_SurrogateModels/ViT/1_fake/011287.png,1,1
/speed-scratch/a_shahj/EvolvingThreat-DeepfakeImageDetect/defenses/DCT/data/AdvImages_w_SurrogateModels/ViT/1_fake/011288.png,1,0
/speed-scratch/a_shahj/EvolvingThreat-DeepfakeImageDetect/defenses/DCT/data/AdvImages_w_SurrogateModels/ViT/1_fake/011291.png,1,1
/speed-scratch/a_shahj/EvolvingThreat-DeepfakeImageDetect/defenses/DCT/data/AdvImages_w_SurrogateModels/ViT/1_fake/011292.png,1,1
/speed-scratch/a_shahj/EvolvingThreat-DeepfakeImageDetect/defenses/DCT/data/AdvImages_w_SurrogateModels/ViT/1_fake/011293.png,1,0
/speed-scratch/a_shahj/EvolvingThreat-DeepfakeImageDetect/defenses/DCT/data/AdvImages_w_SurrogateModels/ViT/1_fake/011294.png,1,1
/speed-scratch/a_shahj/EvolvingThreat-DeepfakeImageDetect/defenses/DCT/data/AdvImages_w_SurrogateModels/ViT/1_fake/011295.png,1,1
/speed-scratch/a_shahj/EvolvingThreat-DeepfakeImageDetect/defenses/DCT/data/AdvImages_w_SurrogateModels/ViT/1_fake/011296.png,1,1
/speed-scratch/a_shahj/EvolvingThreat-DeepfakeImageDetect/defenses/DCT/data/AdvImages_w_SurrogateModels/ViT/1_fake/011298.png,1,1
/speed-scratch/a_shahj/EvolvingThreat-DeepfakeImageDetect/defenses/DCT/data/AdvImages_w_SurrogateModels/ViT/1_fake/011299.png,1,1
/speed-scratch/a_shahj/EvolvingThreat-DeepfakeImageDetect/defenses/DCT/data/AdvImages_w_SurrogateModels/ViT/1_fake/011300.png,1,1
/speed-scratch/a_shahj/EvolvingThreat-DeepfakeImageDetect/defenses/DCT/data/AdvImages_w_SurrogateModels/ViT/1_fake/011301.png,1,0
/speed-scratch/a_shahj/EvolvingThreat-DeepfakeImageDetect/defenses/DCT/data/AdvImages_w_SurrogateModels/ViT/1_fake/011302.png,1,0
/speed-scratch/a_shahj/EvolvingThreat-DeepfakeImageDetect/defenses/DCT/data/AdvImages_w_SurrogateModels/ViT/1_fake/011303.png,1,1
/speed-scratch/a_shahj/EvolvingThreat-DeepfakeImageDetect/defenses/DCT/data/AdvImages_w_SurrogateModels/ViT/1_fake/011304.png,1,1
/speed-scratch/a_shahj/EvolvingThreat-DeepfakeImageDetect/defenses/DCT/data/AdvImages_w_SurrogateModels/ViT/1_fake/011305.png,1,1
/speed-scratch/a_shahj/EvolvingThreat-DeepfakeImageDetect/defenses/DCT/data/AdvImages_w_SurrogateModels/ViT/1_fake/011306.png,1,1
/speed-scratch/a_shahj/EvolvingThreat-DeepfakeImageDetect/defenses/DCT/data/AdvImages_w_SurrogateModels/ViT/1_fake/011307.png,1,1
/speed-scratch/a_shahj/EvolvingThreat-DeepfakeImageDetect/defenses/DCT/data/AdvImages_w_SurrogateModels/ViT/1_fake/011308.png,1,1
/speed-scratch/a_shahj/EvolvingThreat-DeepfakeImageDetect/defenses/DCT/data/AdvImages_w_SurrogateModels/ViT/1_fake/011309.png,1,0
/speed-scratch/a_shahj/EvolvingThreat-DeepfakeImageDetect/defenses/DCT/data/AdvImages_w_SurrogateModels/ViT/1_fake/011311.png,1,1
/speed-scratch/a_shahj/EvolvingThreat-DeepfakeImageDetect/defenses/DCT/data/AdvImages_w_SurrogateModels/ViT/1_fake/011312.png,1,0
/speed-scratch/a_shahj/EvolvingThreat-DeepfakeImageDetect/defenses/DCT/data/AdvImages_w_SurrogateModels/ViT/1_fake/011313.png,1,1
/speed-scratch/a_shahj/EvolvingThreat-DeepfakeImageDetect/defenses/DCT/data/AdvImages_w_SurrogateModels/ViT/1_fake/011314.png,1,0
/speed-scratch/a_shahj/EvolvingThreat-DeepfakeImageDetect/defenses/DCT/data/AdvImages_w_SurrogateModels/ViT/1_fake/011317.png,1,1
/speed-scratch/a_shahj/EvolvingThreat-DeepfakeImageDetect/defenses/DCT/data/AdvImages_w_SurrogateModels/ViT/1_fake/011318.png,1,0
/speed-scratch/a_shahj/EvolvingThreat-DeepfakeImageDetect/defenses/DCT/data/AdvImages_w_SurrogateModels/ViT/1_fake/011320.png,1,0
/speed-scratch/a_shahj/EvolvingThreat-DeepfakeImageDetect/defenses/DCT/data/AdvImages_w_SurrogateModels/ViT/1_fake/011321.png,1,1
/speed-scratch/a_shahj/EvolvingThreat-DeepfakeImageDetect/defenses/DCT/data/AdvImages_w_SurrogateModels/ViT/1_fake/011322.png,1,0
/speed-scratch/a_shahj/EvolvingThreat-DeepfakeImageDetect/defenses/DCT/data/AdvImages_w_SurrogateModels/ViT/1_fake/011323.png,1,1
/speed-scratch/a_shahj/EvolvingThreat-DeepfakeImageDetect/defenses/DCT/data/AdvImages_w_SurrogateModels/ViT/1_fake/011324.png,1,1
/speed-scratch/a_shahj/EvolvingThreat-DeepfakeImageDetect/defenses/DCT/data/AdvImages_w_SurrogateModels/ViT/1_fake/011325.png,1,0
/speed-scratch/a_shahj/EvolvingThreat-DeepfakeImageDetect/defenses/DCT/data/AdvImages_w_SurrogateModels/ViT/1_fake/011326.png,1,1
/speed-scratch/a_shahj/EvolvingThreat-DeepfakeImageDetect/defenses/DCT/data/AdvImages_w_SurrogateModels/ViT/1_fake/011327.png,1,1
/speed-scratch/a_shahj/EvolvingThreat-DeepfakeImageDetect/defenses/DCT/data/AdvImages_w_SurrogateModels/ViT/1_fake/011328.png,1,1
/speed-scratch/a_shahj/EvolvingThreat-DeepfakeImageDetect/defenses/DCT/data/AdvImages_w_SurrogateModels/ViT/1_fake/011329.png,1,1
/speed-scratch/a_shahj/EvolvingThreat-DeepfakeImageDetect/defenses/DCT/data/AdvImages_w_SurrogateModels/ViT/1_fake/011331.png,1,1
/speed-scratch/a_shahj/EvolvingThreat-DeepfakeImageDetect/defenses/DCT/data/AdvImages_w_SurrogateModels/ViT/1_fake/011332.png,1,0
/speed-scratch/a_shahj/EvolvingThreat-DeepfakeImageDetect/defenses/DCT/data/AdvImages_w_SurrogateModels/ViT/1_fake/011333.png,1,1
/speed-scratch/a_shahj/EvolvingThreat-DeepfakeImageDetect/defenses/DCT/data/AdvImages_w_SurrogateModels/ViT/1_fake/011334.png,1,1
/speed-scratch/a_shahj/EvolvingThreat-DeepfakeImageDetect/defenses/DCT/data/AdvImages_w_SurrogateModels/ViT/1_fake/011335.png,1,1
/speed-scratch/a_shahj/EvolvingThreat-DeepfakeImageDetect/defenses/DCT/data/AdvImages_w_SurrogateModels/ViT/1_fake/011336.png,1,0
/speed-scratch/a_shahj/EvolvingThreat-DeepfakeImageDetect/defenses/DCT/data/AdvImages_w_SurrogateModels/ViT/1_fake/011337.png,1,1
/speed-scratch/a_shahj/EvolvingThreat-DeepfakeImageDetect/defenses/DCT/data/AdvImages_w_SurrogateModels/ViT/1_fake/011338.png,1,0
/speed-scratch/a_shahj/EvolvingThreat-DeepfakeImageDetect/defenses/DCT/data/AdvImages_w_SurrogateModels/ViT/1_fake/011339.png,1,0
/speed-scratch/a_shahj/EvolvingThreat-DeepfakeImageDetect/defenses/DCT/data/AdvImages_w_SurrogateModels/ViT/1_fake/011340.png,1,1
/speed-scratch/a_shahj/EvolvingThreat-DeepfakeImageDetect/defenses/DCT/data/AdvImages_w_SurrogateModels/ViT/1_fake/011341.png,1,1
/speed-scratch/a_shahj/EvolvingThreat-DeepfakeImageDetect/defenses/DCT/data/AdvImages_w_SurrogateModels/ViT/1_fake/011342.png,1,1
/speed-scratch/a_shahj/EvolvingThreat-DeepfakeImageDetect/defenses/DCT/data/AdvImages_w_SurrogateModels/ViT/1_fake/011343.png,1,1
/speed-scratch/a_shahj/EvolvingThreat-DeepfakeImageDetect/defenses/DCT/data/AdvImages_w_SurrogateModels/ViT/1_fake/011344.png,1,0
/speed-scratch/a_shahj/EvolvingThreat-DeepfakeImageDetect/defenses/DCT/data/AdvImages_w_SurrogateModels/ViT/1_fake/011345.png,1,1
/speed-scratch/a_shahj/EvolvingThreat-DeepfakeImageDetect/defenses/DCT/data/AdvImages_w_SurrogateModels/ViT/1_fake/011346.png,1,0
/speed-scratch/a_shahj/EvolvingThreat-DeepfakeImageDetect/defenses/DCT/data/AdvImages_w_SurrogateModels/ViT/1_fake/011347.png,1,1
/speed-scratch/a_shahj/EvolvingThreat-DeepfakeImageDetect/defenses/DCT/data/AdvImages_w_SurrogateModels/ViT/1_fake/011348.png,1,1
/speed-scratch/a_shahj/EvolvingThreat-DeepfakeImageDetect/defenses/DCT/data/AdvImages_w_SurrogateModels/ViT/1_fake/011350.png,1,0
/speed-scratch/a_shahj/EvolvingThreat-DeepfakeImageDetect/defenses/DCT/data/AdvImages_w_SurrogateModels/ViT/1_fake/011351.png,1,0
/speed-scratch/a_shahj/EvolvingThreat-DeepfakeImageDetect/defenses/DCT/data/AdvImages_w_SurrogateModels/ViT/1_fake/011353.png,1,0
/speed-scratch/a_shahj/EvolvingThreat-DeepfakeImageDetect/defenses/DCT/data/AdvImages_w_SurrogateModels/ViT/1_fake/011354.png,1,0
/speed-scratch/a_shahj/EvolvingThreat-DeepfakeImageDetect/defenses/DCT/data/AdvImages_w_SurrogateModels/ViT/1_fake/011355.png,1,1
/speed-scratch/a_shahj/EvolvingThreat-DeepfakeImageDetect/defenses/DCT/data/AdvImages_w_SurrogateModels/ViT/1_fake/011356.png,1,0
/speed-scratch/a_shahj/EvolvingThreat-DeepfakeImageDetect/defenses/DCT/data/AdvImages_w_SurrogateModels/ViT/1_fake/011357.png,1,1
/speed-scratch/a_shahj/EvolvingThreat-DeepfakeImageDetect/defenses/DCT/data/AdvImages_w_SurrogateModels/ViT/1_fake/011358.png,1,1
/speed-scratch/a_shahj/EvolvingThreat-DeepfakeImageDetect/defenses/DCT/data/AdvImages_w_SurrogateModels/ViT/1_fake/011361.png,1,1
/speed-scratch/a_shahj/EvolvingThreat-DeepfakeImageDetect/defenses/DCT/data/AdvImages_w_SurrogateModels/ViT/1_fake/011362.png,1,1
/speed-scratch/a_shahj/EvolvingThreat-DeepfakeImageDetect/defenses/DCT/data/AdvImages_w_SurrogateModels/ViT/1_fake/011363.png,1,1
/speed-scratch/a_shahj/EvolvingThreat-DeepfakeImageDetect/defenses/DCT/data/AdvImages_w_SurrogateModels/ViT/1_fake/011364.png,1,1
/speed-scratch/a_shahj/EvolvingThreat-DeepfakeImageDetect/defenses/DCT/data/AdvImages_w_SurrogateModels/ViT/1_fake/011365.png,1,1
/speed-scratch/a_shahj/EvolvingThreat-DeepfakeImageDetect/defenses/DCT/data/AdvImages_w_SurrogateModels/ViT/1_fake/011366.png,1,0
/speed-scratch/a_shahj/EvolvingThreat-DeepfakeImageDetect/defenses/DCT/data/AdvImages_w_SurrogateModels/ViT/1_fake/011367.png,1,0
/speed-scratch/a_shahj/EvolvingThreat-DeepfakeImageDetect/defenses/DCT/data/AdvImages_w_SurrogateModels/ViT/1_fake/011368.png,1,1
/speed-scratch/a_shahj/EvolvingThreat-DeepfakeImageDetect/defenses/DCT/data/AdvImages_w_SurrogateModels/ViT/1_fake/011369.png,1,0
/speed-scratch/a_shahj/EvolvingThreat-DeepfakeImageDetect/defenses/DCT/data/AdvImages_w_SurrogateModels/ViT/1_fake/011370.png,1,0
/speed-scratch/a_shahj/EvolvingThreat-DeepfakeImageDetect/defenses/DCT/data/AdvImages_w_SurrogateModels/ViT/1_fake/011371.png,1,0
/speed-scratch/a_shahj/EvolvingThreat-DeepfakeImageDetect/defenses/DCT/data/AdvImages_w_SurrogateModels/ViT/1_fake/011372.png,1,1
/speed-scratch/a_shahj/EvolvingThreat-DeepfakeImageDetect/defenses/DCT/data/AdvImages_w_SurrogateModels/ViT/1_fake/011373.png,1,1
/speed-scratch/a_shahj/EvolvingThreat-DeepfakeImageDetect/defenses/DCT/data/AdvImages_w_SurrogateModels/ViT/1_fake/011374.png,1,1
/speed-scratch/a_shahj/EvolvingThreat-DeepfakeImageDetect/defenses/DCT/data/AdvImages_w_SurrogateModels/ViT/1_fake/011376.png,1,0
/speed-scratch/a_shahj/EvolvingThreat-DeepfakeImageDetect/defenses/DCT/data/AdvImages_w_SurrogateModels/ViT/1_fake/011377.png,1,1
/speed-scratch/a_shahj/EvolvingThreat-DeepfakeImageDetect/defenses/DCT/data/AdvImages_w_SurrogateModels/ViT/1_fake/011380.png,1,0
/speed-scratch/a_shahj/EvolvingThreat-DeepfakeImageDetect/defenses/DCT/data/AdvImages_w_SurrogateModels/ViT/1_fake/011381.png,1,1
/speed-scratch/a_shahj/EvolvingThreat-DeepfakeImageDetect/defenses/DCT/data/AdvImages_w_SurrogateModels/ViT/1_fake/011383.png,1,1
/speed-scratch/a_shahj/EvolvingThreat-DeepfakeImageDetect/defenses/DCT/data/AdvImages_w_SurrogateModels/ViT/1_fake/011384.png,1,1
/speed-scratch/a_shahj/EvolvingThreat-DeepfakeImageDetect/defenses/DCT/data/AdvImages_w_SurrogateModels/ViT/1_fake/011388.png,1,1
/speed-scratch/a_shahj/EvolvingThreat-DeepfakeImageDetect/defenses/DCT/data/AdvImages_w_SurrogateModels/ViT/1_fake/011389.png,1,0
/speed-scratch/a_shahj/EvolvingThreat-DeepfakeImageDetect/defenses/DCT/data/AdvImages_w_SurrogateModels/ViT/1_fake/011390.png,1,1
/speed-scratch/a_shahj/EvolvingThreat-DeepfakeImageDetect/defenses/DCT/data/AdvImages_w_SurrogateModels/ViT/1_fake/011392.png,1,1
/speed-scratch/a_shahj/EvolvingThreat-DeepfakeImageDetect/defenses/DCT/data/AdvImages_w_SurrogateModels/ViT/1_fake/011393.png,1,1
/speed-scratch/a_shahj/EvolvingThreat-DeepfakeImageDetect/defenses/DCT/data/AdvImages_w_SurrogateModels/ViT/1_fake/011394.png,1,1
/speed-scratch/a_shahj/EvolvingThreat-DeepfakeImageDetect/defenses/DCT/data/AdvImages_w_SurrogateModels/ViT/1_fake/011396.png,1,1
/speed-scratch/a_shahj/EvolvingThreat-DeepfakeImageDetect/defenses/DCT/data/AdvImages_w_SurrogateModels/ViT/1_fake/011397.png,1,0
/speed-scratch/a_shahj/EvolvingThreat-DeepfakeImageDetect/defenses/DCT/data/AdvImages_w_SurrogateModels/ViT/1_fake/011399.png,1,0
/speed-scratch/a_shahj/EvolvingThreat-DeepfakeImageDetect/defenses/DCT/data/AdvImages_w_SurrogateModels/ViT/1_fake/011400.png,1,0
/speed-scratch/a_shahj/EvolvingThreat-DeepfakeImageDetect/defenses/DCT/data/AdvImages_w_SurrogateModels/ViT/1_fake/011401.png,1,0
/speed-scratch/a_shahj/EvolvingThreat-DeepfakeImageDetect/defenses/DCT/data/AdvImages_w_SurrogateModels/ViT/1_fake/011402.png,1,1
/speed-scratch/a_shahj/EvolvingThreat-DeepfakeImageDetect/defenses/DCT/data/AdvImages_w_SurrogateModels/ViT/1_fake/011403.png,1,1
/speed-scratch/a_shahj/EvolvingThreat-DeepfakeImageDetect/defenses/DCT/data/AdvImages_w_SurrogateModels/ViT/1_fake/011405.png,1,1
/speed-scratch/a_shahj/EvolvingThreat-DeepfakeImageDetect/defenses/DCT/data/AdvImages_w_SurrogateModels/ViT/1_fake/011407.png,1,1
/speed-scratch/a_shahj/EvolvingThreat-DeepfakeImageDetect/defenses/DCT/data/AdvImages_w_SurrogateModels/ViT/1_fake/011408.png,1,1
/speed-scratch/a_shahj/EvolvingThreat-DeepfakeImageDetect/defenses/DCT/data/AdvImages_w_SurrogateModels/ViT/1_fake/011410.png,1,1
/speed-scratch/a_shahj/EvolvingThreat-DeepfakeImageDetect/defenses/DCT/data/AdvImages_w_SurrogateModels/ViT/1_fake/011412.png,1,1
/speed-scratch/a_shahj/EvolvingThreat-DeepfakeImageDetect/defenses/DCT/data/AdvImages_w_SurrogateModels/ViT/1_fake/011413.png,1,1
/speed-scratch/a_shahj/EvolvingThreat-DeepfakeImageDetect/defenses/DCT/data/AdvImages_w_SurrogateModels/ViT/1_fake/011414.png,1,1
/speed-scratch/a_shahj/EvolvingThreat-DeepfakeImageDetect/defenses/DCT/data/AdvImages_w_SurrogateModels/ViT/1_fake/011416.png,1,1
/speed-scratch/a_shahj/EvolvingThreat-DeepfakeImageDetect/defenses/DCT/data/AdvImages_w_SurrogateModels/ViT/1_fake/011417.png,1,1
/speed-scratch/a_shahj/EvolvingThreat-DeepfakeImageDetect/defenses/DCT/data/AdvImages_w_SurrogateModels/ViT/1_fake/011418.png,1,1
/speed-scratch/a_shahj/EvolvingThreat-DeepfakeImageDetect/defenses/DCT/data/AdvImages_w_SurrogateModels/ViT/1_fake/011419.png,1,0
/speed-scratch/a_shahj/EvolvingThreat-DeepfakeImageDetect/defenses/DCT/data/AdvImages_w_SurrogateModels/ViT/1_fake/011422.png,1,0
/speed-scratch/a_shahj/EvolvingThreat-DeepfakeImageDetect/defenses/DCT/data/AdvImages_w_SurrogateModels/ViT/1_fake/011423.png,1,1
/speed-scratch/a_shahj/EvolvingThreat-DeepfakeImageDetect/defenses/DCT/data/AdvImages_w_SurrogateModels/ViT/1_fake/011424.png,1,1
/speed-scratch/a_shahj/EvolvingThreat-DeepfakeImageDetect/defenses/DCT/data/AdvImages_w_SurrogateModels/ViT/1_fake/011425.png,1,1
/speed-scratch/a_shahj/EvolvingThreat-DeepfakeImageDetect/defenses/DCT/data/AdvImages_w_SurrogateModels/ViT/1_fake/011427.png,1,1
/speed-scratch/a_shahj/EvolvingThreat-DeepfakeImageDetect/defenses/DCT/data/AdvImages_w_SurrogateModels/ViT/1_fake/011428.png,1,1
/speed-scratch/a_shahj/EvolvingThreat-DeepfakeImageDetect/defenses/DCT/data/AdvImages_w_SurrogateModels/ViT/1_fake/011429.png,1,0
/speed-scratch/a_shahj/EvolvingThreat-DeepfakeImageDetect/defenses/DCT/data/AdvImages_w_SurrogateModels/ViT/1_fake/011431.png,1,1
/speed-scratch/a_shahj/EvolvingThreat-DeepfakeImageDetect/defenses/DCT/data/AdvImages_w_SurrogateModels/ViT/1_fake/011434.png,1,1
/speed-scratch/a_shahj/EvolvingThreat-DeepfakeImageDetect/defenses/DCT/data/AdvImages_w_SurrogateModels/ViT/1_fake/011435.png,1,1
/speed-scratch/a_shahj/EvolvingThreat-DeepfakeImageDetect/defenses/DCT/data/AdvImages_w_SurrogateModels/ViT/1_fake/011436.png,1,1
/speed-scratch/a_shahj/EvolvingThreat-DeepfakeImageDetect/defenses/DCT/data/AdvImages_w_SurrogateModels/ViT/1_fake/011437.png,1,1
/speed-scratch/a_shahj/EvolvingThreat-DeepfakeImageDetect/defenses/DCT/data/AdvImages_w_SurrogateModels/ViT/1_fake/011438.png,1,1
/speed-scratch/a_shahj/EvolvingThreat-DeepfakeImageDetect/defenses/DCT/data/AdvImages_w_SurrogateModels/ViT/1_fake/011439.png,1,0
/speed-scratch/a_shahj/EvolvingThreat-DeepfakeImageDetect/defenses/DCT/data/AdvImages_w_SurrogateModels/ViT/1_fake/011440.png,1,1
/speed-scratch/a_shahj/EvolvingThreat-DeepfakeImageDetect/defenses/DCT/data/AdvImages_w_SurrogateModels/ViT/1_fake/011442.png,1,0
/speed-scratch/a_shahj/EvolvingThreat-DeepfakeImageDetect/defenses/DCT/data/AdvImages_w_SurrogateModels/ViT/1_fake/011443.png,1,1
/speed-scratch/a_shahj/EvolvingThreat-DeepfakeImageDetect/defenses/DCT/data/AdvImages_w_SurrogateModels/ViT/1_fake/011444.png,1,0
/speed-scratch/a_shahj/EvolvingThreat-DeepfakeImageDetect/defenses/DCT/data/AdvImages_w_SurrogateModels/ViT/1_fake/011445.png,1,1
/speed-scratch/a_shahj/EvolvingThreat-DeepfakeImageDetect/defenses/DCT/data/AdvImages_w_SurrogateModels/ViT/1_fake/011446.png,1,1
/speed-scratch/a_shahj/EvolvingThreat-DeepfakeImageDetect/defenses/DCT/data/AdvImages_w_SurrogateModels/ViT/1_fake/011447.png,1,1
/speed-scratch/a_shahj/EvolvingThreat-DeepfakeImageDetect/defenses/DCT/data/AdvImages_w_SurrogateModels/ViT/1_fake/011448.png,1,1
/speed-scratch/a_shahj/EvolvingThreat-DeepfakeImageDetect/defenses/DCT/data/AdvImages_w_SurrogateModels/ViT/1_fake/011450.png,1,1
/speed-scratch/a_shahj/EvolvingThreat-DeepfakeImageDetect/defenses/DCT/data/AdvImages_w_SurrogateModels/ViT/1_fake/011451.png,1,0
/speed-scratch/a_shahj/EvolvingThreat-DeepfakeImageDetect/defenses/DCT/data/AdvImages_w_SurrogateModels/ViT/1_fake/011452.png,1,1
/speed-scratch/a_shahj/EvolvingThreat-DeepfakeImageDetect/defenses/DCT/data/AdvImages_w_SurrogateModels/ViT/1_fake/011453.png,1,1
/speed-scratch/a_shahj/EvolvingThreat-DeepfakeImageDetect/defenses/DCT/data/AdvImages_w_SurrogateModels/ViT/1_fake/011454.png,1,1
/speed-scratch/a_shahj/EvolvingThreat-DeepfakeImageDetect/defenses/DCT/data/AdvImages_w_SurrogateModels/ViT/1_fake/011457.png,1,0
/speed-scratch/a_shahj/EvolvingThreat-DeepfakeImageDetect/defenses/DCT/data/AdvImages_w_SurrogateModels/ViT/1_fake/011458.png,1,1
/speed-scratch/a_shahj/EvolvingThreat-DeepfakeImageDetect/defenses/DCT/data/AdvImages_w_SurrogateModels/ViT/1_fake/011459.png,1,0
/speed-scratch/a_shahj/EvolvingThreat-DeepfakeImageDetect/defenses/DCT/data/AdvImages_w_SurrogateModels/ViT/1_fake/011460.png,1,1
/speed-scratch/a_shahj/EvolvingThreat-DeepfakeImageDetect/defenses/DCT/data/AdvImages_w_SurrogateModels/ViT/1_fake/011461.png,1,1
/speed-scratch/a_shahj/EvolvingThreat-DeepfakeImageDetect/defenses/DCT/data/AdvImages_w_SurrogateModels/ViT/1_fake/011462.png,1,1
/speed-scratch/a_shahj/EvolvingThreat-DeepfakeImageDetect/defenses/DCT/data/AdvImages_w_SurrogateModels/ViT/1_fake/011463.png,1,0
/speed-scratch/a_shahj/EvolvingThreat-DeepfakeImageDetect/defenses/DCT/data/AdvImages_w_SurrogateModels/ViT/1_fake/011464.png,1,0
/speed-scratch/a_shahj/EvolvingThreat-DeepfakeImageDetect/defenses/DCT/data/AdvImages_w_SurrogateModels/ViT/1_fake/011467.png,1,1
/speed-scratch/a_shahj/EvolvingThreat-DeepfakeImageDetect/defenses/DCT/data/AdvImages_w_SurrogateModels/ViT/1_fake/011468.png,1,1
/speed-scratch/a_shahj/EvolvingThreat-DeepfakeImageDetect/defenses/DCT/data/AdvImages_w_SurrogateModels/ViT/1_fake/011469.png,1,1
/speed-scratch/a_shahj/EvolvingThreat-DeepfakeImageDetect/defenses/DCT/data/AdvImages_w_SurrogateModels/ViT/1_fake/011470.png,1,1
/speed-scratch/a_shahj/EvolvingThreat-DeepfakeImageDetect/defenses/DCT/data/AdvImages_w_SurrogateModels/ViT/1_fake/011472.png,1,0
/speed-scratch/a_shahj/EvolvingThreat-DeepfakeImageDetect/defenses/DCT/data/AdvImages_w_SurrogateModels/ViT/1_fake/011473.png,1,1
/speed-scratch/a_shahj/EvolvingThreat-DeepfakeImageDetect/defenses/DCT/data/AdvImages_w_SurrogateModels/ViT/1_fake/011475.png,1,0
/speed-scratch/a_shahj/EvolvingThreat-DeepfakeImageDetect/defenses/DCT/data/AdvImages_w_SurrogateModels/ViT/1_fake/011476.png,1,1
/speed-scratch/a_shahj/EvolvingThreat-DeepfakeImageDetect/defenses/DCT/data/AdvImages_w_SurrogateModels/ViT/1_fake/011477.png,1,1
/speed-scratch/a_shahj/EvolvingThreat-DeepfakeImageDetect/defenses/DCT/data/AdvImages_w_SurrogateModels/ViT/1_fake/011479.png,1,1
/speed-scratch/a_shahj/EvolvingThreat-DeepfakeImageDetect/defenses/DCT/data/AdvImages_w_SurrogateModels/ViT/1_fake/011480.png,1,1
/speed-scratch/a_shahj/EvolvingThreat-DeepfakeImageDetect/defenses/DCT/data/AdvImages_w_SurrogateModels/ViT/1_fake/011481.png,1,0
/speed-scratch/a_shahj/EvolvingThreat-DeepfakeImageDetect/defenses/DCT/data/AdvImages_w_SurrogateModels/ViT/1_fake/011482.png,1,0
/speed-scratch/a_shahj/EvolvingThreat-DeepfakeImageDetect/defenses/DCT/data/AdvImages_w_SurrogateModels/ViT/1_fake/011483.png,1,1
/speed-scratch/a_shahj/EvolvingThreat-DeepfakeImageDetect/defenses/DCT/data/AdvImages_w_SurrogateModels/ViT/1_fake/011484.png,1,1
/speed-scratch/a_shahj/EvolvingThreat-DeepfakeImageDetect/defenses/DCT/data/AdvImages_w_SurrogateModels/ViT/1_fake/011485.png,1,0
/speed-scratch/a_shahj/EvolvingThreat-DeepfakeImageDetect/defenses/DCT/data/AdvImages_w_SurrogateModels/ViT/1_fake/011486.png,1,1
/speed-scratch/a_shahj/EvolvingThreat-DeepfakeImageDetect/defenses/DCT/data/AdvImages_w_SurrogateModels/ViT/1_fake/011488.png,1,1
/speed-scratch/a_shahj/EvolvingThreat-DeepfakeImageDetect/defenses/DCT/data/AdvImages_w_SurrogateModels/ViT/1_fake/011489.png,1,0
/speed-scratch/a_shahj/EvolvingThreat-DeepfakeImageDetect/defenses/DCT/data/AdvImages_w_SurrogateModels/ViT/1_fake/011490.png,1,1
/speed-scratch/a_shahj/EvolvingThreat-DeepfakeImageDetect/defenses/DCT/data/AdvImages_w_SurrogateModels/ViT/1_fake/011491.png,1,1
/speed-scratch/a_shahj/EvolvingThreat-DeepfakeImageDetect/defenses/DCT/data/AdvImages_w_SurrogateModels/ViT/1_fake/011492.png,1,1
/speed-scratch/a_shahj/EvolvingThreat-DeepfakeImageDetect/defenses/DCT/data/AdvImages_w_SurrogateModels/ViT/1_fake/011493.png,1,1
/speed-scratch/a_shahj/EvolvingThreat-DeepfakeImageDetect/defenses/DCT/data/AdvImages_w_SurrogateModels/ViT/1_fake/011494.png,1,1
/speed-scratch/a_shahj/EvolvingThreat-DeepfakeImageDetect/defenses/DCT/data/AdvImages_w_SurrogateModels/ViT/1_fake/011495.png,1,1
/speed-scratch/a_shahj/EvolvingThreat-DeepfakeImageDetect/defenses/DCT/data/AdvImages_w_SurrogateModels/ViT/1_fake/011499.png,1,1
/speed-scratch/a_shahj/EvolvingThreat-DeepfakeImageDetect/defenses/DCT/data/AdvImages_w_SurrogateModels/ViT/1_fake/011500.png,1,1
/speed-scratch/a_shahj/EvolvingThreat-DeepfakeImageDetect/defenses/DCT/data/AdvImages_w_SurrogateModels/ViT/1_fake/011501.png,1,1
/speed-scratch/a_shahj/EvolvingThreat-DeepfakeImageDetect/defenses/DCT/data/AdvImages_w_SurrogateModels/ViT/1_fake/011502.png,1,0
/speed-scratch/a_shahj/EvolvingThreat-DeepfakeImageDetect/defenses/DCT/data/AdvImages_w_SurrogateModels/ViT/1_fake/011503.png,1,1
/speed-scratch/a_shahj/EvolvingThreat-DeepfakeImageDetect/defenses/DCT/data/AdvImages_w_SurrogateModels/ViT/1_fake/011504.png,1,1
/speed-scratch/a_shahj/EvolvingThreat-DeepfakeImageDetect/defenses/DCT/data/AdvImages_w_SurrogateModels/ViT/1_fake/011505.png,1,1
/speed-scratch/a_shahj/EvolvingThreat-DeepfakeImageDetect/defenses/DCT/data/AdvImages_w_SurrogateModels/ViT/1_fake/011506.png,1,1
/speed-scratch/a_shahj/EvolvingThreat-DeepfakeImageDetect/defenses/DCT/data/AdvImages_w_SurrogateModels/ViT/1_fake/011507.png,1,1
/speed-scratch/a_shahj/EvolvingThreat-DeepfakeImageDetect/defenses/DCT/data/AdvImages_w_SurrogateModels/ViT/1_fake/011508.png,1,1
/speed-scratch/a_shahj/EvolvingThreat-DeepfakeImageDetect/defenses/DCT/data/AdvImages_w_SurrogateModels/ViT/1_fake/011509.png,1,0
/speed-scratch/a_shahj/EvolvingThreat-DeepfakeImageDetect/defenses/DCT/data/AdvImages_w_SurrogateModels/ViT/1_fake/011510.png,1,1
/speed-scratch/a_shahj/EvolvingThreat-DeepfakeImageDetect/defenses/DCT/data/AdvImages_w_SurrogateModels/ViT/1_fake/011511.png,1,1
/speed-scratch/a_shahj/EvolvingThreat-DeepfakeImageDetect/defenses/DCT/data/AdvImages_w_SurrogateModels/ViT/1_fake/011512.png,1,1
/speed-scratch/a_shahj/EvolvingThreat-DeepfakeImageDetect/defenses/DCT/data/AdvImages_w_SurrogateModels/ViT/1_fake/011514.png,1,1
/speed-scratch/a_shahj/EvolvingThreat-DeepfakeImageDetect/defenses/DCT/data/AdvImages_w_SurrogateModels/ViT/1_fake/011515.png,1,1
/speed-scratch/a_shahj/EvolvingThreat-DeepfakeImageDetect/defenses/DCT/data/AdvImages_w_SurrogateModels/ViT/1_fake/011516.png,1,1
/speed-scratch/a_shahj/EvolvingThreat-DeepfakeImageDetect/defenses/DCT/data/AdvImages_w_SurrogateModels/ViT/1_fake/011517.png,1,1
/speed-scratch/a_shahj/EvolvingThreat-DeepfakeImageDetect/defenses/DCT/data/AdvImages_w_SurrogateModels/ViT/1_fake/011519.png,1,0
/speed-scratch/a_shahj/EvolvingThreat-DeepfakeImageDetect/defenses/DCT/data/AdvImages_w_SurrogateModels/ViT/1_fake/011520.png,1,1
/speed-scratch/a_shahj/EvolvingThreat-DeepfakeImageDetect/defenses/DCT/data/AdvImages_w_SurrogateModels/ViT/1_fake/011521.png,1,1
/speed-scratch/a_shahj/EvolvingThreat-DeepfakeImageDetect/defenses/DCT/data/AdvImages_w_SurrogateModels/ViT/1_fake/011523.png,1,1
/speed-scratch/a_shahj/EvolvingThreat-DeepfakeImageDetect/defenses/DCT/data/AdvImages_w_SurrogateModels/ViT/1_fake/011524.png,1,1
/speed-scratch/a_shahj/EvolvingThreat-DeepfakeImageDetect/defenses/DCT/data/AdvImages_w_SurrogateModels/ViT/1_fake/011525.png,1,1
/speed-scratch/a_shahj/EvolvingThreat-DeepfakeImageDetect/defenses/DCT/data/AdvImages_w_SurrogateModels/ViT/1_fake/011526.png,1,1
/speed-scratch/a_shahj/EvolvingThreat-DeepfakeImageDetect/defenses/DCT/data/AdvImages_w_SurrogateModels/ViT/1_fake/011527.png,1,0
/speed-scratch/a_shahj/EvolvingThreat-DeepfakeImageDetect/defenses/DCT/data/AdvImages_w_SurrogateModels/ViT/1_fake/011529.png,1,0
/speed-scratch/a_shahj/EvolvingThreat-DeepfakeImageDetect/defenses/DCT/data/AdvImages_w_SurrogateModels/ViT/1_fake/011530.png,1,1
/speed-scratch/a_shahj/EvolvingThreat-DeepfakeImageDetect/defenses/DCT/data/AdvImages_w_SurrogateModels/ViT/1_fake/011531.png,1,1
/speed-scratch/a_shahj/EvolvingThreat-DeepfakeImageDetect/defenses/DCT/data/AdvImages_w_SurrogateModels/ViT/1_fake/011533.png,1,1
/speed-scratch/a_shahj/EvolvingThreat-DeepfakeImageDetect/defenses/DCT/data/AdvImages_w_SurrogateModels/ViT/1_fake/011534.png,1,1
/speed-scratch/a_shahj/EvolvingThreat-DeepfakeImageDetect/defenses/DCT/data/AdvImages_w_SurrogateModels/ViT/1_fake/011535.png,1,0
/speed-scratch/a_shahj/EvolvingThreat-DeepfakeImageDetect/defenses/DCT/data/AdvImages_w_SurrogateModels/ViT/1_fake/011536.png,1,0
/speed-scratch/a_shahj/EvolvingThreat-DeepfakeImageDetect/defenses/DCT/data/AdvImages_w_SurrogateModels/ViT/1_fake/011537.png,1,1
/speed-scratch/a_shahj/EvolvingThreat-DeepfakeImageDetect/defenses/DCT/data/AdvImages_w_SurrogateModels/ViT/1_fake/011538.png,1,1
/speed-scratch/a_shahj/EvolvingThreat-DeepfakeImageDetect/defenses/DCT/data/AdvImages_w_SurrogateModels/ViT/1_fake/011539.png,1,1
/speed-scratch/a_shahj/EvolvingThreat-DeepfakeImageDetect/defenses/DCT/data/AdvImages_w_SurrogateModels/ViT/1_fake/011540.png,1,1
/speed-scratch/a_shahj/EvolvingThreat-DeepfakeImageDetect/defenses/DCT/data/AdvImages_w_SurrogateModels/ViT/1_fake/011541.png,1,1
/speed-scratch/a_shahj/EvolvingThreat-DeepfakeImageDetect/defenses/DCT/data/AdvImages_w_SurrogateModels/ViT/1_fake/011543.png,1,1
/speed-scratch/a_shahj/EvolvingThreat-DeepfakeImageDetect/defenses/DCT/data/AdvImages_w_SurrogateModels/ViT/1_fake/011544.png,1,1
/speed-scratch/a_shahj/EvolvingThreat-DeepfakeImageDetect/defenses/DCT/data/AdvImages_w_SurrogateModels/ViT/1_fake/011545.png,1,1
/speed-scratch/a_shahj/EvolvingThreat-DeepfakeImageDetect/defenses/DCT/data/AdvImages_w_SurrogateModels/ViT/1_fake/011547.png,1,1
/speed-scratch/a_shahj/EvolvingThreat-DeepfakeImageDetect/defenses/DCT/data/AdvImages_w_SurrogateModels/ViT/1_fake/011548.png,1,1
/speed-scratch/a_shahj/EvolvingThreat-DeepfakeImageDetect/defenses/DCT/data/AdvImages_w_SurrogateModels/ViT/1_fake/011549.png,1,0
/speed-scratch/a_shahj/EvolvingThreat-DeepfakeImageDetect/defenses/DCT/data/AdvImages_w_SurrogateModels/ViT/1_fake/011550.png,1,0
/speed-scratch/a_shahj/EvolvingThreat-DeepfakeImageDetect/defenses/DCT/data/AdvImages_w_SurrogateModels/ViT/1_fake/011552.png,1,0
/speed-scratch/a_shahj/EvolvingThreat-DeepfakeImageDetect/defenses/DCT/data/AdvImages_w_SurrogateModels/ViT/1_fake/011553.png,1,1
/speed-scratch/a_shahj/EvolvingThreat-DeepfakeImageDetect/defenses/DCT/data/AdvImages_w_SurrogateModels/ViT/1_fake/011554.png,1,1
/speed-scratch/a_shahj/EvolvingThreat-DeepfakeImageDetect/defenses/DCT/data/AdvImages_w_SurrogateModels/ViT/1_fake/011555.png,1,1
/speed-scratch/a_shahj/EvolvingThreat-DeepfakeImageDetect/defenses/DCT/data/AdvImages_w_SurrogateModels/ViT/1_fake/011556.png,1,0
/speed-scratch/a_shahj/EvolvingThreat-DeepfakeImageDetect/defenses/DCT/data/AdvImages_w_SurrogateModels/ViT/1_fake/011557.png,1,1
/speed-scratch/a_shahj/EvolvingThreat-DeepfakeImageDetect/defenses/DCT/data/AdvImages_w_SurrogateModels/ViT/1_fake/011558.png,1,0
/speed-scratch/a_shahj/EvolvingThreat-DeepfakeImageDetect/defenses/DCT/data/AdvImages_w_SurrogateModels/ViT/1_fake/011559.png,1,1
/speed-scratch/a_shahj/EvolvingThreat-DeepfakeImageDetect/defenses/DCT/data/AdvImages_w_SurrogateModels/ViT/1_fake/011560.png,1,1
/speed-scratch/a_shahj/EvolvingThreat-DeepfakeImageDetect/defenses/DCT/data/AdvImages_w_SurrogateModels/ViT/1_fake/011562.png,1,1
/speed-scratch/a_shahj/EvolvingThreat-DeepfakeImageDetect/defenses/DCT/data/AdvImages_w_SurrogateModels/ViT/1_fake/011563.png,1,1
/speed-scratch/a_shahj/EvolvingThreat-DeepfakeImageDetect/defenses/DCT/data/AdvImages_w_SurrogateModels/ViT/1_fake/011564.png,1,0
/speed-scratch/a_shahj/EvolvingThreat-DeepfakeImageDetect/defenses/DCT/data/AdvImages_w_SurrogateModels/ViT/1_fake/011565.png,1,1
/speed-scratch/a_shahj/EvolvingThreat-DeepfakeImageDetect/defenses/DCT/data/AdvImages_w_SurrogateModels/ViT/1_fake/011567.png,1,1
/speed-scratch/a_shahj/EvolvingThreat-DeepfakeImageDetect/defenses/DCT/data/AdvImages_w_SurrogateModels/ViT/1_fake/011570.png,1,1
/speed-scratch/a_shahj/EvolvingThreat-DeepfakeImageDetect/defenses/DCT/data/AdvImages_w_SurrogateModels/ViT/1_fake/011571.png,1,1
/speed-scratch/a_shahj/EvolvingThreat-DeepfakeImageDetect/defenses/DCT/data/AdvImages_w_SurrogateModels/ViT/1_fake/011572.png,1,1
/speed-scratch/a_shahj/EvolvingThreat-DeepfakeImageDetect/defenses/DCT/data/AdvImages_w_SurrogateModels/ViT/1_fake/011573.png,1,0
/speed-scratch/a_shahj/EvolvingThreat-DeepfakeImageDetect/defenses/DCT/data/AdvImages_w_SurrogateModels/ViT/1_fake/011574.png,1,0
/speed-scratch/a_shahj/EvolvingThreat-DeepfakeImageDetect/defenses/DCT/data/AdvImages_w_SurrogateModels/ViT/1_fake/011576.png,1,0
/speed-scratch/a_shahj/EvolvingThreat-DeepfakeImageDetect/defenses/DCT/data/AdvImages_w_SurrogateModels/ViT/1_fake/011577.png,1,0
/speed-scratch/a_shahj/EvolvingThreat-DeepfakeImageDetect/defenses/DCT/data/AdvImages_w_SurrogateModels/ViT/1_fake/011578.png,1,0
/speed-scratch/a_shahj/EvolvingThreat-DeepfakeImageDetect/defenses/DCT/data/AdvImages_w_SurrogateModels/ViT/1_fake/011579.png,1,1
/speed-scratch/a_shahj/EvolvingThreat-DeepfakeImageDetect/defenses/DCT/data/AdvImages_w_SurrogateModels/ViT/1_fake/011581.png,1,0
/speed-scratch/a_shahj/EvolvingThreat-DeepfakeImageDetect/defenses/DCT/data/AdvImages_w_SurrogateModels/ViT/1_fake/011582.png,1,0
/speed-scratch/a_shahj/EvolvingThreat-DeepfakeImageDetect/defenses/DCT/data/AdvImages_w_SurrogateModels/ViT/1_fake/011584.png,1,1
/speed-scratch/a_shahj/EvolvingThreat-DeepfakeImageDetect/defenses/DCT/data/AdvImages_w_SurrogateModels/ViT/1_fake/011585.png,1,1
/speed-scratch/a_shahj/EvolvingThreat-DeepfakeImageDetect/defenses/DCT/data/AdvImages_w_SurrogateModels/ViT/1_fake/011586.png,1,1
/speed-scratch/a_shahj/EvolvingThreat-DeepfakeImageDetect/defenses/DCT/data/AdvImages_w_SurrogateModels/ViT/1_fake/011587.png,1,1
/speed-scratch/a_shahj/EvolvingThreat-DeepfakeImageDetect/defenses/DCT/data/AdvImages_w_SurrogateModels/ViT/1_fake/011588.png,1,1
/speed-scratch/a_shahj/EvolvingThreat-DeepfakeImageDetect/defenses/DCT/data/AdvImages_w_SurrogateModels/ViT/1_fake/011589.png,1,1
/speed-scratch/a_shahj/EvolvingThreat-DeepfakeImageDetect/defenses/DCT/data/AdvImages_w_SurrogateModels/ViT/1_fake/011590.png,1,1
/speed-scratch/a_shahj/EvolvingThreat-DeepfakeImageDetect/defenses/DCT/data/AdvImages_w_SurrogateModels/ViT/1_fake/011593.png,1,1
/speed-scratch/a_shahj/EvolvingThreat-DeepfakeImageDetect/defenses/DCT/data/AdvImages_w_SurrogateModels/ViT/1_fake/011595.png,1,1
/speed-scratch/a_shahj/EvolvingThreat-DeepfakeImageDetect/defenses/DCT/data/AdvImages_w_SurrogateModels/ViT/1_fake/011597.png,1,1
/speed-scratch/a_shahj/EvolvingThreat-DeepfakeImageDetect/defenses/DCT/data/AdvImages_w_SurrogateModels/ViT/1_fake/011599.png,1,1
/speed-scratch/a_shahj/EvolvingThreat-DeepfakeImageDetect/defenses/DCT/data/AdvImages_w_SurrogateModels/ViT/1_fake/011600.png,1,1
/speed-scratch/a_shahj/EvolvingThreat-DeepfakeImageDetect/defenses/DCT/data/AdvImages_w_SurrogateModels/ViT/1_fake/011601.png,1,1
/speed-scratch/a_shahj/EvolvingThreat-DeepfakeImageDetect/defenses/DCT/data/AdvImages_w_SurrogateModels/ViT/1_fake/011602.png,1,1
/speed-scratch/a_shahj/EvolvingThreat-DeepfakeImageDetect/defenses/DCT/data/AdvImages_w_SurrogateModels/ViT/1_fake/011603.png,1,0
/speed-scratch/a_shahj/EvolvingThreat-DeepfakeImageDetect/defenses/DCT/data/AdvImages_w_SurrogateModels/ViT/1_fake/011605.png,1,0
/speed-scratch/a_shahj/EvolvingThreat-DeepfakeImageDetect/defenses/DCT/data/AdvImages_w_SurrogateModels/ViT/1_fake/011606.png,1,1
/speed-scratch/a_shahj/EvolvingThreat-DeepfakeImageDetect/defenses/DCT/data/AdvImages_w_SurrogateModels/ViT/1_fake/011607.png,1,1
/speed-scratch/a_shahj/EvolvingThreat-DeepfakeImageDetect/defenses/DCT/data/AdvImages_w_SurrogateModels/ViT/1_fake/011608.png,1,1
/speed-scratch/a_shahj/EvolvingThreat-DeepfakeImageDetect/defenses/DCT/data/AdvImages_w_SurrogateModels/ViT/1_fake/011609.png,1,1
/speed-scratch/a_shahj/EvolvingThreat-DeepfakeImageDetect/defenses/DCT/data/AdvImages_w_SurrogateModels/ViT/1_fake/011610.png,1,1
/speed-scratch/a_shahj/EvolvingThreat-DeepfakeImageDetect/defenses/DCT/data/AdvImages_w_SurrogateModels/ViT/1_fake/011611.png,1,1
/speed-scratch/a_shahj/EvolvingThreat-DeepfakeImageDetect/defenses/DCT/data/AdvImages_w_SurrogateModels/ViT/1_fake/011612.png,1,0
/speed-scratch/a_shahj/EvolvingThreat-DeepfakeImageDetect/defenses/DCT/data/AdvImages_w_SurrogateModels/ViT/1_fake/011613.png,1,1
/speed-scratch/a_shahj/EvolvingThreat-DeepfakeImageDetect/defenses/DCT/data/AdvImages_w_SurrogateModels/ViT/1_fake/011614.png,1,0
/speed-scratch/a_shahj/EvolvingThreat-DeepfakeImageDetect/defenses/DCT/data/AdvImages_w_SurrogateModels/ViT/1_fake/011615.png,1,0
/speed-scratch/a_shahj/EvolvingThreat-DeepfakeImageDetect/defenses/DCT/data/AdvImages_w_SurrogateModels/ViT/1_fake/011616.png,1,1
/speed-scratch/a_shahj/EvolvingThreat-DeepfakeImageDetect/defenses/DCT/data/AdvImages_w_SurrogateModels/ViT/1_fake/011617.png,1,1
/speed-scratch/a_shahj/EvolvingThreat-DeepfakeImageDetect/defenses/DCT/data/AdvImages_w_SurrogateModels/ViT/1_fake/011618.png,1,0
/speed-scratch/a_shahj/EvolvingThreat-DeepfakeImageDetect/defenses/DCT/data/AdvImages_w_SurrogateModels/ViT/1_fake/011619.png,1,0
/speed-scratch/a_shahj/EvolvingThreat-DeepfakeImageDetect/defenses/DCT/data/AdvImages_w_SurrogateModels/ViT/1_fake/011620.png,1,0
/speed-scratch/a_shahj/EvolvingThreat-DeepfakeImageDetect/defenses/DCT/data/AdvImages_w_SurrogateModels/ViT/1_fake/011621.png,1,0
/speed-scratch/a_shahj/EvolvingThreat-DeepfakeImageDetect/defenses/DCT/data/AdvImages_w_SurrogateModels/ViT/1_fake/011622.png,1,1
/speed-scratch/a_shahj/EvolvingThreat-DeepfakeImageDetect/defenses/DCT/data/AdvImages_w_SurrogateModels/ViT/1_fake/011623.png,1,1
/speed-scratch/a_shahj/EvolvingThreat-DeepfakeImageDetect/defenses/DCT/data/AdvImages_w_SurrogateModels/ViT/1_fake/011625.png,1,1
/speed-scratch/a_shahj/EvolvingThreat-DeepfakeImageDetect/defenses/DCT/data/AdvImages_w_SurrogateModels/ViT/1_fake/011627.png,1,1
/speed-scratch/a_shahj/EvolvingThreat-DeepfakeImageDetect/defenses/DCT/data/AdvImages_w_SurrogateModels/ViT/1_fake/011628.png,1,1
/speed-scratch/a_shahj/EvolvingThreat-DeepfakeImageDetect/defenses/DCT/data/AdvImages_w_SurrogateModels/ViT/1_fake/011631.png,1,1
/speed-scratch/a_shahj/EvolvingThreat-DeepfakeImageDetect/defenses/DCT/data/AdvImages_w_SurrogateModels/ViT/1_fake/011632.png,1,1
/speed-scratch/a_shahj/EvolvingThreat-DeepfakeImageDetect/defenses/DCT/data/AdvImages_w_SurrogateModels/ViT/1_fake/011633.png,1,0
/speed-scratch/a_shahj/EvolvingThreat-DeepfakeImageDetect/defenses/DCT/data/AdvImages_w_SurrogateModels/ViT/1_fake/011634.png,1,0
/speed-scratch/a_shahj/EvolvingThreat-DeepfakeImageDetect/defenses/DCT/data/AdvImages_w_SurrogateModels/ViT/1_fake/011635.png,1,1
/speed-scratch/a_shahj/EvolvingThreat-DeepfakeImageDetect/defenses/DCT/data/AdvImages_w_SurrogateModels/ViT/1_fake/011636.png,1,1
/speed-scratch/a_shahj/EvolvingThreat-DeepfakeImageDetect/defenses/DCT/data/AdvImages_w_SurrogateModels/ViT/1_fake/011637.png,1,1
/speed-scratch/a_shahj/EvolvingThreat-DeepfakeImageDetect/defenses/DCT/data/AdvImages_w_SurrogateModels/ViT/1_fake/011638.png,1,1
/speed-scratch/a_shahj/EvolvingThreat-DeepfakeImageDetect/defenses/DCT/data/AdvImages_w_SurrogateModels/ViT/1_fake/011639.png,1,1
/speed-scratch/a_shahj/EvolvingThreat-DeepfakeImageDetect/defenses/DCT/data/AdvImages_w_SurrogateModels/ViT/1_fake/011640.png,1,0
/speed-scratch/a_shahj/EvolvingThreat-DeepfakeImageDetect/defenses/DCT/data/AdvImages_w_SurrogateModels/ViT/1_fake/011641.png,1,1
/speed-scratch/a_shahj/EvolvingThreat-DeepfakeImageDetect/defenses/DCT/data/AdvImages_w_SurrogateModels/ViT/1_fake/011642.png,1,1
/speed-scratch/a_shahj/EvolvingThreat-DeepfakeImageDetect/defenses/DCT/data/AdvImages_w_SurrogateModels/ViT/1_fake/011643.png,1,1
/speed-scratch/a_shahj/EvolvingThreat-DeepfakeImageDetect/defenses/DCT/data/AdvImages_w_SurrogateModels/ViT/1_fake/011645.png,1,0
/speed-scratch/a_shahj/EvolvingThreat-DeepfakeImageDetect/defenses/DCT/data/AdvImages_w_SurrogateModels/ViT/1_fake/011646.png,1,0
/speed-scratch/a_shahj/EvolvingThreat-DeepfakeImageDetect/defenses/DCT/data/AdvImages_w_SurrogateModels/ViT/1_fake/011648.png,1,1
/speed-scratch/a_shahj/EvolvingThreat-DeepfakeImageDetect/defenses/DCT/data/AdvImages_w_SurrogateModels/ViT/1_fake/011650.png,1,1
/speed-scratch/a_shahj/EvolvingThreat-DeepfakeImageDetect/defenses/DCT/data/AdvImages_w_SurrogateModels/ViT/1_fake/011651.png,1,1
/speed-scratch/a_shahj/EvolvingThreat-DeepfakeImageDetect/defenses/DCT/data/AdvImages_w_SurrogateModels/ViT/1_fake/011652.png,1,0
/speed-scratch/a_shahj/EvolvingThreat-DeepfakeImageDetect/defenses/DCT/data/AdvImages_w_SurrogateModels/ViT/1_fake/011653.png,1,1
/speed-scratch/a_shahj/EvolvingThreat-DeepfakeImageDetect/defenses/DCT/data/AdvImages_w_SurrogateModels/ViT/1_fake/011654.png,1,1
/speed-scratch/a_shahj/EvolvingThreat-DeepfakeImageDetect/defenses/DCT/data/AdvImages_w_SurrogateModels/ViT/1_fake/011655.png,1,0
/speed-scratch/a_shahj/EvolvingThreat-DeepfakeImageDetect/defenses/DCT/data/AdvImages_w_SurrogateModels/ViT/1_fake/011656.png,1,1
/speed-scratch/a_shahj/EvolvingThreat-DeepfakeImageDetect/defenses/DCT/data/AdvImages_w_SurrogateModels/ViT/1_fake/011658.png,1,0
/speed-scratch/a_shahj/EvolvingThreat-DeepfakeImageDetect/defenses/DCT/data/AdvImages_w_SurrogateModels/ViT/1_fake/011659.png,1,1
/speed-scratch/a_shahj/EvolvingThreat-DeepfakeImageDetect/defenses/DCT/data/AdvImages_w_SurrogateModels/ViT/1_fake/011660.png,1,1
/speed-scratch/a_shahj/EvolvingThreat-DeepfakeImageDetect/defenses/DCT/data/AdvImages_w_SurrogateModels/ViT/1_fake/011661.png,1,1
/speed-scratch/a_shahj/EvolvingThreat-DeepfakeImageDetect/defenses/DCT/data/AdvImages_w_SurrogateModels/ViT/1_fake/011663.png,1,1
/speed-scratch/a_shahj/EvolvingThreat-DeepfakeImageDetect/defenses/DCT/data/AdvImages_w_SurrogateModels/ViT/1_fake/011664.png,1,1
/speed-scratch/a_shahj/EvolvingThreat-DeepfakeImageDetect/defenses/DCT/data/AdvImages_w_SurrogateModels/ViT/1_fake/011665.png,1,1
/speed-scratch/a_shahj/EvolvingThreat-DeepfakeImageDetect/defenses/DCT/data/AdvImages_w_SurrogateModels/ViT/1_fake/011666.png,1,0
/speed-scratch/a_shahj/EvolvingThreat-DeepfakeImageDetect/defenses/DCT/data/AdvImages_w_SurrogateModels/ViT/1_fake/011668.png,1,0
/speed-scratch/a_shahj/EvolvingThreat-DeepfakeImageDetect/defenses/DCT/data/AdvImages_w_SurrogateModels/ViT/1_fake/011669.png,1,1
/speed-scratch/a_shahj/EvolvingThreat-DeepfakeImageDetect/defenses/DCT/data/AdvImages_w_SurrogateModels/ViT/1_fake/011670.png,1,0
/speed-scratch/a_shahj/EvolvingThreat-DeepfakeImageDetect/defenses/DCT/data/AdvImages_w_SurrogateModels/ViT/1_fake/011672.png,1,1
/speed-scratch/a_shahj/EvolvingThreat-DeepfakeImageDetect/defenses/DCT/data/AdvImages_w_SurrogateModels/ViT/1_fake/011673.png,1,1
/speed-scratch/a_shahj/EvolvingThreat-DeepfakeImageDetect/defenses/DCT/data/AdvImages_w_SurrogateModels/ViT/1_fake/011674.png,1,1
/speed-scratch/a_shahj/EvolvingThreat-DeepfakeImageDetect/defenses/DCT/data/AdvImages_w_SurrogateModels/ViT/1_fake/011675.png,1,1
/speed-scratch/a_shahj/EvolvingThreat-DeepfakeImageDetect/defenses/DCT/data/AdvImages_w_SurrogateModels/ViT/1_fake/011677.png,1,0
/speed-scratch/a_shahj/EvolvingThreat-DeepfakeImageDetect/defenses/DCT/data/AdvImages_w_SurrogateModels/ViT/1_fake/011678.png,1,1
/speed-scratch/a_shahj/EvolvingThreat-DeepfakeImageDetect/defenses/DCT/data/AdvImages_w_SurrogateModels/ViT/1_fake/011679.png,1,1
/speed-scratch/a_shahj/EvolvingThreat-DeepfakeImageDetect/defenses/DCT/data/AdvImages_w_SurrogateModels/ViT/1_fake/011681.png,1,1
/speed-scratch/a_shahj/EvolvingThreat-DeepfakeImageDetect/defenses/DCT/data/AdvImages_w_SurrogateModels/ViT/1_fake/011682.png,1,0
/speed-scratch/a_shahj/EvolvingThreat-DeepfakeImageDetect/defenses/DCT/data/AdvImages_w_SurrogateModels/ViT/1_fake/011683.png,1,1
/speed-scratch/a_shahj/EvolvingThreat-DeepfakeImageDetect/defenses/DCT/data/AdvImages_w_SurrogateModels/ViT/1_fake/011684.png,1,1
/speed-scratch/a_shahj/EvolvingThreat-DeepfakeImageDetect/defenses/DCT/data/AdvImages_w_SurrogateModels/ViT/1_fake/011685.png,1,1
/speed-scratch/a_shahj/EvolvingThreat-DeepfakeImageDetect/defenses/DCT/data/AdvImages_w_SurrogateModels/ViT/1_fake/011686.png,1,1
/speed-scratch/a_shahj/EvolvingThreat-DeepfakeImageDetect/defenses/DCT/data/AdvImages_w_SurrogateModels/ViT/1_fake/011687.png,1,1
/speed-scratch/a_shahj/EvolvingThreat-DeepfakeImageDetect/defenses/DCT/data/AdvImages_w_SurrogateModels/ViT/1_fake/011689.png,1,1
/speed-scratch/a_shahj/EvolvingThreat-DeepfakeImageDetect/defenses/DCT/data/AdvImages_w_SurrogateModels/ViT/1_fake/011691.png,1,0
/speed-scratch/a_shahj/EvolvingThreat-DeepfakeImageDetect/defenses/DCT/data/AdvImages_w_SurrogateModels/ViT/1_fake/011692.png,1,0
/speed-scratch/a_shahj/EvolvingThreat-DeepfakeImageDetect/defenses/DCT/data/AdvImages_w_SurrogateModels/ViT/1_fake/011693.png,1,1
/speed-scratch/a_shahj/EvolvingThreat-DeepfakeImageDetect/defenses/DCT/data/AdvImages_w_SurrogateModels/ViT/1_fake/011694.png,1,1
/speed-scratch/a_shahj/EvolvingThreat-DeepfakeImageDetect/defenses/DCT/data/AdvImages_w_SurrogateModels/ViT/1_fake/011695.png,1,1
/speed-scratch/a_shahj/EvolvingThreat-DeepfakeImageDetect/defenses/DCT/data/AdvImages_w_SurrogateModels/ViT/1_fake/011698.png,1,0
/speed-scratch/a_shahj/EvolvingThreat-DeepfakeImageDetect/defenses/DCT/data/AdvImages_w_SurrogateModels/ViT/1_fake/011699.png,1,1
/speed-scratch/a_shahj/EvolvingThreat-DeepfakeImageDetect/defenses/DCT/data/AdvImages_w_SurrogateModels/ViT/1_fake/011700.png,1,1
/speed-scratch/a_shahj/EvolvingThreat-DeepfakeImageDetect/defenses/DCT/data/AdvImages_w_SurrogateModels/ViT/1_fake/011701.png,1,0
/speed-scratch/a_shahj/EvolvingThreat-DeepfakeImageDetect/defenses/DCT/data/AdvImages_w_SurrogateModels/ViT/1_fake/011703.png,1,1
/speed-scratch/a_shahj/EvolvingThreat-DeepfakeImageDetect/defenses/DCT/data/AdvImages_w_SurrogateModels/ViT/1_fake/011704.png,1,1
/speed-scratch/a_shahj/EvolvingThreat-DeepfakeImageDetect/defenses/DCT/data/AdvImages_w_SurrogateModels/ViT/1_fake/011705.png,1,1
/speed-scratch/a_shahj/EvolvingThreat-DeepfakeImageDetect/defenses/DCT/data/AdvImages_w_SurrogateModels/ViT/1_fake/011706.png,1,1
/speed-scratch/a_shahj/EvolvingThreat-DeepfakeImageDetect/defenses/DCT/data/AdvImages_w_SurrogateModels/ViT/1_fake/011707.png,1,0
/speed-scratch/a_shahj/EvolvingThreat-DeepfakeImageDetect/defenses/DCT/data/AdvImages_w_SurrogateModels/ViT/1_fake/011708.png,1,1
/speed-scratch/a_shahj/EvolvingThreat-DeepfakeImageDetect/defenses/DCT/data/AdvImages_w_SurrogateModels/ViT/1_fake/011709.png,1,1
/speed-scratch/a_shahj/EvolvingThreat-DeepfakeImageDetect/defenses/DCT/data/AdvImages_w_SurrogateModels/ViT/1_fake/011710.png,1,0
/speed-scratch/a_shahj/EvolvingThreat-DeepfakeImageDetect/defenses/DCT/data/AdvImages_w_SurrogateModels/ViT/1_fake/011711.png,1,1
/speed-scratch/a_shahj/EvolvingThreat-DeepfakeImageDetect/defenses/DCT/data/AdvImages_w_SurrogateModels/ViT/1_fake/011712.png,1,1
/speed-scratch/a_shahj/EvolvingThreat-DeepfakeImageDetect/defenses/DCT/data/AdvImages_w_SurrogateModels/ViT/1_fake/011713.png,1,1
/speed-scratch/a_shahj/EvolvingThreat-DeepfakeImageDetect/defenses/DCT/data/AdvImages_w_SurrogateModels/ViT/1_fake/011714.png,1,1
/speed-scratch/a_shahj/EvolvingThreat-DeepfakeImageDetect/defenses/DCT/data/AdvImages_w_SurrogateModels/ViT/1_fake/011715.png,1,1
/speed-scratch/a_shahj/EvolvingThreat-DeepfakeImageDetect/defenses/DCT/data/AdvImages_w_SurrogateModels/ViT/1_fake/011716.png,1,1
/speed-scratch/a_shahj/EvolvingThreat-DeepfakeImageDetect/defenses/DCT/data/AdvImages_w_SurrogateModels/ViT/1_fake/011717.png,1,1
/speed-scratch/a_shahj/EvolvingThreat-DeepfakeImageDetect/defenses/DCT/data/AdvImages_w_SurrogateModels/ViT/1_fake/011719.png,1,0
/speed-scratch/a_shahj/EvolvingThreat-DeepfakeImageDetect/defenses/DCT/data/AdvImages_w_SurrogateModels/ViT/1_fake/011720.png,1,1
/speed-scratch/a_shahj/EvolvingThreat-DeepfakeImageDetect/defenses/DCT/data/AdvImages_w_SurrogateModels/ViT/1_fake/011721.png,1,1
/speed-scratch/a_shahj/EvolvingThreat-DeepfakeImageDetect/defenses/DCT/data/AdvImages_w_SurrogateModels/ViT/1_fake/011722.png,1,0
/speed-scratch/a_shahj/EvolvingThreat-DeepfakeImageDetect/defenses/DCT/data/AdvImages_w_SurrogateModels/ViT/1_fake/011723.png,1,0
/speed-scratch/a_shahj/EvolvingThreat-DeepfakeImageDetect/defenses/DCT/data/AdvImages_w_SurrogateModels/ViT/1_fake/011724.png,1,1
/speed-scratch/a_shahj/EvolvingThreat-DeepfakeImageDetect/defenses/DCT/data/AdvImages_w_SurrogateModels/ViT/1_fake/011725.png,1,1
/speed-scratch/a_shahj/EvolvingThreat-DeepfakeImageDetect/defenses/DCT/data/AdvImages_w_SurrogateModels/ViT/1_fake/011727.png,1,0
/speed-scratch/a_shahj/EvolvingThreat-DeepfakeImageDetect/defenses/DCT/data/AdvImages_w_SurrogateModels/ViT/1_fake/011728.png,1,1
/speed-scratch/a_shahj/EvolvingThreat-DeepfakeImageDetect/defenses/DCT/data/AdvImages_w_SurrogateModels/ViT/1_fake/011730.png,1,1
/speed-scratch/a_shahj/EvolvingThreat-DeepfakeImageDetect/defenses/DCT/data/AdvImages_w_SurrogateModels/ViT/1_fake/011731.png,1,0
/speed-scratch/a_shahj/EvolvingThreat-DeepfakeImageDetect/defenses/DCT/data/AdvImages_w_SurrogateModels/ViT/1_fake/011732.png,1,1
/speed-scratch/a_shahj/EvolvingThreat-DeepfakeImageDetect/defenses/DCT/data/AdvImages_w_SurrogateModels/ViT/1_fake/011734.png,1,0
/speed-scratch/a_shahj/EvolvingThreat-DeepfakeImageDetect/defenses/DCT/data/AdvImages_w_SurrogateModels/ViT/1_fake/011735.png,1,1
/speed-scratch/a_shahj/EvolvingThreat-DeepfakeImageDetect/defenses/DCT/data/AdvImages_w_SurrogateModels/ViT/1_fake/011736.png,1,1
/speed-scratch/a_shahj/EvolvingThreat-DeepfakeImageDetect/defenses/DCT/data/AdvImages_w_SurrogateModels/ViT/1_fake/011737.png,1,0
/speed-scratch/a_shahj/EvolvingThreat-DeepfakeImageDetect/defenses/DCT/data/AdvImages_w_SurrogateModels/ViT/1_fake/011738.png,1,0
/speed-scratch/a_shahj/EvolvingThreat-DeepfakeImageDetect/defenses/DCT/data/AdvImages_w_SurrogateModels/ViT/1_fake/011739.png,1,0
/speed-scratch/a_shahj/EvolvingThreat-DeepfakeImageDetect/defenses/DCT/data/AdvImages_w_SurrogateModels/ViT/1_fake/011740.png,1,1
/speed-scratch/a_shahj/EvolvingThreat-DeepfakeImageDetect/defenses/DCT/data/AdvImages_w_SurrogateModels/ViT/1_fake/011741.png,1,1
/speed-scratch/a_shahj/EvolvingThreat-DeepfakeImageDetect/defenses/DCT/data/AdvImages_w_SurrogateModels/ViT/1_fake/011742.png,1,1
/speed-scratch/a_shahj/EvolvingThreat-DeepfakeImageDetect/defenses/DCT/data/AdvImages_w_SurrogateModels/ViT/1_fake/011743.png,1,1
/speed-scratch/a_shahj/EvolvingThreat-DeepfakeImageDetect/defenses/DCT/data/AdvImages_w_SurrogateModels/ViT/1_fake/011744.png,1,1
/speed-scratch/a_shahj/EvolvingThreat-DeepfakeImageDetect/defenses/DCT/data/AdvImages_w_SurrogateModels/ViT/1_fake/011745.png,1,1
/speed-scratch/a_shahj/EvolvingThreat-DeepfakeImageDetect/defenses/DCT/data/AdvImages_w_SurrogateModels/ViT/1_fake/011748.png,1,1
/speed-scratch/a_shahj/EvolvingThreat-DeepfakeImageDetect/defenses/DCT/data/AdvImages_w_SurrogateModels/ViT/1_fake/011749.png,1,1
/speed-scratch/a_shahj/EvolvingThreat-DeepfakeImageDetect/defenses/DCT/data/AdvImages_w_SurrogateModels/ViT/1_fake/011750.png,1,1
/speed-scratch/a_shahj/EvolvingThreat-DeepfakeImageDetect/defenses/DCT/data/AdvImages_w_SurrogateModels/ViT/1_fake/011751.png,1,1
/speed-scratch/a_shahj/EvolvingThreat-DeepfakeImageDetect/defenses/DCT/data/AdvImages_w_SurrogateModels/ViT/1_fake/011752.png,1,1
/speed-scratch/a_shahj/EvolvingThreat-DeepfakeImageDetect/defenses/DCT/data/AdvImages_w_SurrogateModels/ViT/1_fake/011753.png,1,1
/speed-scratch/a_shahj/EvolvingThreat-DeepfakeImageDetect/defenses/DCT/data/AdvImages_w_SurrogateModels/ViT/1_fake/011755.png,1,0
/speed-scratch/a_shahj/EvolvingThreat-DeepfakeImageDetect/defenses/DCT/data/AdvImages_w_SurrogateModels/ViT/1_fake/011756.png,1,1
/speed-scratch/a_shahj/EvolvingThreat-DeepfakeImageDetect/defenses/DCT/data/AdvImages_w_SurrogateModels/ViT/1_fake/011757.png,1,0
/speed-scratch/a_shahj/EvolvingThreat-DeepfakeImageDetect/defenses/DCT/data/AdvImages_w_SurrogateModels/ViT/1_fake/011758.png,1,0
/speed-scratch/a_shahj/EvolvingThreat-DeepfakeImageDetect/defenses/DCT/data/AdvImages_w_SurrogateModels/ViT/1_fake/011759.png,1,1
/speed-scratch/a_shahj/EvolvingThreat-DeepfakeImageDetect/defenses/DCT/data/AdvImages_w_SurrogateModels/ViT/1_fake/011760.png,1,1
/speed-scratch/a_shahj/EvolvingThreat-DeepfakeImageDetect/defenses/DCT/data/AdvImages_w_SurrogateModels/ViT/1_fake/011761.png,1,1
/speed-scratch/a_shahj/EvolvingThreat-DeepfakeImageDetect/defenses/DCT/data/AdvImages_w_SurrogateModels/ViT/1_fake/011762.png,1,1
/speed-scratch/a_shahj/EvolvingThreat-DeepfakeImageDetect/defenses/DCT/data/AdvImages_w_SurrogateModels/ViT/1_fake/011764.png,1,0
/speed-scratch/a_shahj/EvolvingThreat-DeepfakeImageDetect/defenses/DCT/data/AdvImages_w_SurrogateModels/ViT/1_fake/011765.png,1,1
/speed-scratch/a_shahj/EvolvingThreat-DeepfakeImageDetect/defenses/DCT/data/AdvImages_w_SurrogateModels/ViT/1_fake/011766.png,1,1
/speed-scratch/a_shahj/EvolvingThreat-DeepfakeImageDetect/defenses/DCT/data/AdvImages_w_SurrogateModels/ViT/1_fake/011767.png,1,1
/speed-scratch/a_shahj/EvolvingThreat-DeepfakeImageDetect/defenses/DCT/data/AdvImages_w_SurrogateModels/ViT/1_fake/011768.png,1,1
/speed-scratch/a_shahj/EvolvingThreat-DeepfakeImageDetect/defenses/DCT/data/AdvImages_w_SurrogateModels/ViT/1_fake/011769.png,1,0
/speed-scratch/a_shahj/EvolvingThreat-DeepfakeImageDetect/defenses/DCT/data/AdvImages_w_SurrogateModels/ViT/1_fake/011770.png,1,0
/speed-scratch/a_shahj/EvolvingThreat-DeepfakeImageDetect/defenses/DCT/data/AdvImages_w_SurrogateModels/ViT/1_fake/011771.png,1,0
/speed-scratch/a_shahj/EvolvingThreat-DeepfakeImageDetect/defenses/DCT/data/AdvImages_w_SurrogateModels/ViT/1_fake/011773.png,1,0
/speed-scratch/a_shahj/EvolvingThreat-DeepfakeImageDetect/defenses/DCT/data/AdvImages_w_SurrogateModels/ViT/1_fake/011774.png,1,1
/speed-scratch/a_shahj/EvolvingThreat-DeepfakeImageDetect/defenses/DCT/data/AdvImages_w_SurrogateModels/ViT/1_fake/011775.png,1,0
/speed-scratch/a_shahj/EvolvingThreat-DeepfakeImageDetect/defenses/DCT/data/AdvImages_w_SurrogateModels/ViT/1_fake/011776.png,1,1
/speed-scratch/a_shahj/EvolvingThreat-DeepfakeImageDetect/defenses/DCT/data/AdvImages_w_SurrogateModels/ViT/1_fake/011777.png,1,1
/speed-scratch/a_shahj/EvolvingThreat-DeepfakeImageDetect/defenses/DCT/data/AdvImages_w_SurrogateModels/ViT/1_fake/011778.png,1,0
/speed-scratch/a_shahj/EvolvingThreat-DeepfakeImageDetect/defenses/DCT/data/AdvImages_w_SurrogateModels/ViT/1_fake/011781.png,1,1
/speed-scratch/a_shahj/EvolvingThreat-DeepfakeImageDetect/defenses/DCT/data/AdvImages_w_SurrogateModels/ViT/1_fake/011782.png,1,1
/speed-scratch/a_shahj/EvolvingThreat-DeepfakeImageDetect/defenses/DCT/data/AdvImages_w_SurrogateModels/ViT/1_fake/011783.png,1,1
/speed-scratch/a_shahj/EvolvingThreat-DeepfakeImageDetect/defenses/DCT/data/AdvImages_w_SurrogateModels/ViT/1_fake/011784.png,1,1
/speed-scratch/a_shahj/EvolvingThreat-DeepfakeImageDetect/defenses/DCT/data/AdvImages_w_SurrogateModels/ViT/1_fake/011785.png,1,0
/speed-scratch/a_shahj/EvolvingThreat-DeepfakeImageDetect/defenses/DCT/data/AdvImages_w_SurrogateModels/ViT/1_fake/011787.png,1,1
/speed-scratch/a_shahj/EvolvingThreat-DeepfakeImageDetect/defenses/DCT/data/AdvImages_w_SurrogateModels/ViT/1_fake/011788.png,1,1
/speed-scratch/a_shahj/EvolvingThreat-DeepfakeImageDetect/defenses/DCT/data/AdvImages_w_SurrogateModels/ViT/1_fake/011789.png,1,1
/speed-scratch/a_shahj/EvolvingThreat-DeepfakeImageDetect/defenses/DCT/data/AdvImages_w_SurrogateModels/ViT/1_fake/011790.png,1,1
/speed-scratch/a_shahj/EvolvingThreat-DeepfakeImageDetect/defenses/DCT/data/AdvImages_w_SurrogateModels/ViT/1_fake/011791.png,1,1
/speed-scratch/a_shahj/EvolvingThreat-DeepfakeImageDetect/defenses/DCT/data/AdvImages_w_SurrogateModels/ViT/1_fake/011793.png,1,1
/speed-scratch/a_shahj/EvolvingThreat-DeepfakeImageDetect/defenses/DCT/data/AdvImages_w_SurrogateModels/ViT/1_fake/011794.png,1,1
/speed-scratch/a_shahj/EvolvingThreat-DeepfakeImageDetect/defenses/DCT/data/AdvImages_w_SurrogateModels/ViT/1_fake/011795.png,1,1
/speed-scratch/a_shahj/EvolvingThreat-DeepfakeImageDetect/defenses/DCT/data/AdvImages_w_SurrogateModels/ViT/1_fake/011797.png,1,1
/speed-scratch/a_shahj/EvolvingThreat-DeepfakeImageDetect/defenses/DCT/data/AdvImages_w_SurrogateModels/ViT/1_fake/011798.png,1,1
/speed-scratch/a_shahj/EvolvingThreat-DeepfakeImageDetect/defenses/DCT/data/AdvImages_w_SurrogateModels/ViT/1_fake/011800.png,1,1
/speed-scratch/a_shahj/EvolvingThreat-DeepfakeImageDetect/defenses/DCT/data/AdvImages_w_SurrogateModels/ViT/1_fake/011802.png,1,1
/speed-scratch/a_shahj/EvolvingThreat-DeepfakeImageDetect/defenses/DCT/data/AdvImages_w_SurrogateModels/ViT/1_fake/011803.png,1,1
/speed-scratch/a_shahj/EvolvingThreat-DeepfakeImageDetect/defenses/DCT/data/AdvImages_w_SurrogateModels/ViT/1_fake/011804.png,1,1
/speed-scratch/a_shahj/EvolvingThreat-DeepfakeImageDetect/defenses/DCT/data/AdvImages_w_SurrogateModels/ViT/1_fake/011805.png,1,1
/speed-scratch/a_shahj/EvolvingThreat-DeepfakeImageDetect/defenses/DCT/data/AdvImages_w_SurrogateModels/ViT/1_fake/011806.png,1,1
/speed-scratch/a_shahj/EvolvingThreat-DeepfakeImageDetect/defenses/DCT/data/AdvImages_w_SurrogateModels/ViT/1_fake/011808.png,1,1
/speed-scratch/a_shahj/EvolvingThreat-DeepfakeImageDetect/defenses/DCT/data/AdvImages_w_SurrogateModels/ViT/1_fake/011809.png,1,1
/speed-scratch/a_shahj/EvolvingThreat-DeepfakeImageDetect/defenses/DCT/data/AdvImages_w_SurrogateModels/ViT/1_fake/011810.png,1,0
/speed-scratch/a_shahj/EvolvingThreat-DeepfakeImageDetect/defenses/DCT/data/AdvImages_w_SurrogateModels/ViT/1_fake/011811.png,1,1
/speed-scratch/a_shahj/EvolvingThreat-DeepfakeImageDetect/defenses/DCT/data/AdvImages_w_SurrogateModels/ViT/1_fake/011812.png,1,1
/speed-scratch/a_shahj/EvolvingThreat-DeepfakeImageDetect/defenses/DCT/data/AdvImages_w_SurrogateModels/ViT/1_fake/011813.png,1,0
/speed-scratch/a_shahj/EvolvingThreat-DeepfakeImageDetect/defenses/DCT/data/AdvImages_w_SurrogateModels/ViT/1_fake/011814.png,1,1
/speed-scratch/a_shahj/EvolvingThreat-DeepfakeImageDetect/defenses/DCT/data/AdvImages_w_SurrogateModels/ViT/1_fake/011815.png,1,0
/speed-scratch/a_shahj/EvolvingThreat-DeepfakeImageDetect/defenses/DCT/data/AdvImages_w_SurrogateModels/ViT/1_fake/011816.png,1,1
/speed-scratch/a_shahj/EvolvingThreat-DeepfakeImageDetect/defenses/DCT/data/AdvImages_w_SurrogateModels/ViT/1_fake/011817.png,1,1
/speed-scratch/a_shahj/EvolvingThreat-DeepfakeImageDetect/defenses/DCT/data/AdvImages_w_SurrogateModels/ViT/1_fake/011819.png,1,1
/speed-scratch/a_shahj/EvolvingThreat-DeepfakeImageDetect/defenses/DCT/data/AdvImages_w_SurrogateModels/ViT/1_fake/011821.png,1,1
/speed-scratch/a_shahj/EvolvingThreat-DeepfakeImageDetect/defenses/DCT/data/AdvImages_w_SurrogateModels/ViT/1_fake/011823.png,1,1
/speed-scratch/a_shahj/EvolvingThreat-DeepfakeImageDetect/defenses/DCT/data/AdvImages_w_SurrogateModels/ViT/1_fake/011824.png,1,1
/speed-scratch/a_shahj/EvolvingThreat-DeepfakeImageDetect/defenses/DCT/data/AdvImages_w_SurrogateModels/ViT/1_fake/011825.png,1,1
/speed-scratch/a_shahj/EvolvingThreat-DeepfakeImageDetect/defenses/DCT/data/AdvImages_w_SurrogateModels/ViT/1_fake/011827.png,1,1
/speed-scratch/a_shahj/EvolvingThreat-DeepfakeImageDetect/defenses/DCT/data/AdvImages_w_SurrogateModels/ViT/1_fake/011828.png,1,1
/speed-scratch/a_shahj/EvolvingThreat-DeepfakeImageDetect/defenses/DCT/data/AdvImages_w_SurrogateModels/ViT/1_fake/011829.png,1,0
/speed-scratch/a_shahj/EvolvingThreat-DeepfakeImageDetect/defenses/DCT/data/AdvImages_w_SurrogateModels/ViT/1_fake/011831.png,1,0
/speed-scratch/a_shahj/EvolvingThreat-DeepfakeImageDetect/defenses/DCT/data/AdvImages_w_SurrogateModels/ViT/1_fake/011832.png,1,1
/speed-scratch/a_shahj/EvolvingThreat-DeepfakeImageDetect/defenses/DCT/data/AdvImages_w_SurrogateModels/ViT/1_fake/011833.png,1,1
/speed-scratch/a_shahj/EvolvingThreat-DeepfakeImageDetect/defenses/DCT/data/AdvImages_w_SurrogateModels/ViT/1_fake/011834.png,1,1
/speed-scratch/a_shahj/EvolvingThreat-DeepfakeImageDetect/defenses/DCT/data/AdvImages_w_SurrogateModels/ViT/1_fake/011835.png,1,1
/speed-scratch/a_shahj/EvolvingThreat-DeepfakeImageDetect/defenses/DCT/data/AdvImages_w_SurrogateModels/ViT/1_fake/011837.png,1,1
/speed-scratch/a_shahj/EvolvingThreat-DeepfakeImageDetect/defenses/DCT/data/AdvImages_w_SurrogateModels/ViT/1_fake/011838.png,1,1
/speed-scratch/a_shahj/EvolvingThreat-DeepfakeImageDetect/defenses/DCT/data/AdvImages_w_SurrogateModels/ViT/1_fake/011839.png,1,1
/speed-scratch/a_shahj/EvolvingThreat-DeepfakeImageDetect/defenses/DCT/data/AdvImages_w_SurrogateModels/ViT/1_fake/011840.png,1,1
/speed-scratch/a_shahj/EvolvingThreat-DeepfakeImageDetect/defenses/DCT/data/AdvImages_w_SurrogateModels/ViT/1_fake/011841.png,1,1
/speed-scratch/a_shahj/EvolvingThreat-DeepfakeImageDetect/defenses/DCT/data/AdvImages_w_SurrogateModels/ViT/1_fake/011842.png,1,1
/speed-scratch/a_shahj/EvolvingThreat-DeepfakeImageDetect/defenses/DCT/data/AdvImages_w_SurrogateModels/ViT/1_fake/011843.png,1,1
/speed-scratch/a_shahj/EvolvingThreat-DeepfakeImageDetect/defenses/DCT/data/AdvImages_w_SurrogateModels/ViT/1_fake/011844.png,1,1
/speed-scratch/a_shahj/EvolvingThreat-DeepfakeImageDetect/defenses/DCT/data/AdvImages_w_SurrogateModels/ViT/1_fake/011845.png,1,1
/speed-scratch/a_shahj/EvolvingThreat-DeepfakeImageDetect/defenses/DCT/data/AdvImages_w_SurrogateModels/ViT/1_fake/011846.png,1,1
/speed-scratch/a_shahj/EvolvingThreat-DeepfakeImageDetect/defenses/DCT/data/AdvImages_w_SurrogateModels/ViT/1_fake/011848.png,1,0
/speed-scratch/a_shahj/EvolvingThreat-DeepfakeImageDetect/defenses/DCT/data/AdvImages_w_SurrogateModels/ViT/1_fake/011849.png,1,1
/speed-scratch/a_shahj/EvolvingThreat-DeepfakeImageDetect/defenses/DCT/data/AdvImages_w_SurrogateModels/ViT/1_fake/011850.png,1,0
/speed-scratch/a_shahj/EvolvingThreat-DeepfakeImageDetect/defenses/DCT/data/AdvImages_w_SurrogateModels/ViT/1_fake/011851.png,1,1
/speed-scratch/a_shahj/EvolvingThreat-DeepfakeImageDetect/defenses/DCT/data/AdvImages_w_SurrogateModels/ViT/1_fake/011854.png,1,1
/speed-scratch/a_shahj/EvolvingThreat-DeepfakeImageDetect/defenses/DCT/data/AdvImages_w_SurrogateModels/ViT/1_fake/011855.png,1,1
/speed-scratch/a_shahj/EvolvingThreat-DeepfakeImageDetect/defenses/DCT/data/AdvImages_w_SurrogateModels/ViT/1_fake/011856.png,1,1
/speed-scratch/a_shahj/EvolvingThreat-DeepfakeImageDetect/defenses/DCT/data/AdvImages_w_SurrogateModels/ViT/1_fake/011858.png,1,1
/speed-scratch/a_shahj/EvolvingThreat-DeepfakeImageDetect/defenses/DCT/data/AdvImages_w_SurrogateModels/ViT/1_fake/011860.png,1,1
/speed-scratch/a_shahj/EvolvingThreat-DeepfakeImageDetect/defenses/DCT/data/AdvImages_w_SurrogateModels/ViT/1_fake/011861.png,1,1
/speed-scratch/a_shahj/EvolvingThreat-DeepfakeImageDetect/defenses/DCT/data/AdvImages_w_SurrogateModels/ViT/1_fake/011862.png,1,1
/speed-scratch/a_shahj/EvolvingThreat-DeepfakeImageDetect/defenses/DCT/data/AdvImages_w_SurrogateModels/ViT/1_fake/011863.png,1,1
/speed-scratch/a_shahj/EvolvingThreat-DeepfakeImageDetect/defenses/DCT/data/AdvImages_w_SurrogateModels/ViT/1_fake/011864.png,1,1
/speed-scratch/a_shahj/EvolvingThreat-DeepfakeImageDetect/defenses/DCT/data/AdvImages_w_SurrogateModels/ViT/1_fake/011865.png,1,1
/speed-scratch/a_shahj/EvolvingThreat-DeepfakeImageDetect/defenses/DCT/data/AdvImages_w_SurrogateModels/ViT/1_fake/011866.png,1,1
/speed-scratch/a_shahj/EvolvingThreat-DeepfakeImageDetect/defenses/DCT/data/AdvImages_w_SurrogateModels/ViT/1_fake/011867.png,1,1
/speed-scratch/a_shahj/EvolvingThreat-DeepfakeImageDetect/defenses/DCT/data/AdvImages_w_SurrogateModels/ViT/1_fake/011868.png,1,0
/speed-scratch/a_shahj/EvolvingThreat-DeepfakeImageDetect/defenses/DCT/data/AdvImages_w_SurrogateModels/ViT/1_fake/011869.png,1,1
/speed-scratch/a_shahj/EvolvingThreat-DeepfakeImageDetect/defenses/DCT/data/AdvImages_w_SurrogateModels/ViT/1_fake/011871.png,1,1
/speed-scratch/a_shahj/EvolvingThreat-DeepfakeImageDetect/defenses/DCT/data/AdvImages_w_SurrogateModels/ViT/1_fake/011872.png,1,1
/speed-scratch/a_shahj/EvolvingThreat-DeepfakeImageDetect/defenses/DCT/data/AdvImages_w_SurrogateModels/ViT/1_fake/011874.png,1,1
/speed-scratch/a_shahj/EvolvingThreat-DeepfakeImageDetect/defenses/DCT/data/AdvImages_w_SurrogateModels/ViT/1_fake/011875.png,1,1
/speed-scratch/a_shahj/EvolvingThreat-DeepfakeImageDetect/defenses/DCT/data/AdvImages_w_SurrogateModels/ViT/1_fake/011876.png,1,1
/speed-scratch/a_shahj/EvolvingThreat-DeepfakeImageDetect/defenses/DCT/data/AdvImages_w_SurrogateModels/ViT/1_fake/011877.png,1,1
/speed-scratch/a_shahj/EvolvingThreat-DeepfakeImageDetect/defenses/DCT/data/AdvImages_w_SurrogateModels/ViT/1_fake/011879.png,1,1
/speed-scratch/a_shahj/EvolvingThreat-DeepfakeImageDetect/defenses/DCT/data/AdvImages_w_SurrogateModels/ViT/1_fake/011880.png,1,0
/speed-scratch/a_shahj/EvolvingThreat-DeepfakeImageDetect/defenses/DCT/data/AdvImages_w_SurrogateModels/ViT/1_fake/011881.png,1,1
/speed-scratch/a_shahj/EvolvingThreat-DeepfakeImageDetect/defenses/DCT/data/AdvImages_w_SurrogateModels/ViT/1_fake/011882.png,1,1
/speed-scratch/a_shahj/EvolvingThreat-DeepfakeImageDetect/defenses/DCT/data/AdvImages_w_SurrogateModels/ViT/1_fake/011884.png,1,1
/speed-scratch/a_shahj/EvolvingThreat-DeepfakeImageDetect/defenses/DCT/data/AdvImages_w_SurrogateModels/ViT/1_fake/011886.png,1,1
/speed-scratch/a_shahj/EvolvingThreat-DeepfakeImageDetect/defenses/DCT/data/AdvImages_w_SurrogateModels/ViT/1_fake/011887.png,1,0
/speed-scratch/a_shahj/EvolvingThreat-DeepfakeImageDetect/defenses/DCT/data/AdvImages_w_SurrogateModels/ViT/1_fake/011888.png,1,1
/speed-scratch/a_shahj/EvolvingThreat-DeepfakeImageDetect/defenses/DCT/data/AdvImages_w_SurrogateModels/ViT/1_fake/011889.png,1,0
/speed-scratch/a_shahj/EvolvingThreat-DeepfakeImageDetect/defenses/DCT/data/AdvImages_w_SurrogateModels/ViT/1_fake/011891.png,1,1
/speed-scratch/a_shahj/EvolvingThreat-DeepfakeImageDetect/defenses/DCT/data/AdvImages_w_SurrogateModels/ViT/1_fake/011892.png,1,1
/speed-scratch/a_shahj/EvolvingThreat-DeepfakeImageDetect/defenses/DCT/data/AdvImages_w_SurrogateModels/ViT/1_fake/011893.png,1,1
/speed-scratch/a_shahj/EvolvingThreat-DeepfakeImageDetect/defenses/DCT/data/AdvImages_w_SurrogateModels/ViT/1_fake/011894.png,1,1
/speed-scratch/a_shahj/EvolvingThreat-DeepfakeImageDetect/defenses/DCT/data/AdvImages_w_SurrogateModels/ViT/1_fake/011895.png,1,1
/speed-scratch/a_shahj/EvolvingThreat-DeepfakeImageDetect/defenses/DCT/data/AdvImages_w_SurrogateModels/ViT/1_fake/011896.png,1,1
/speed-scratch/a_shahj/EvolvingThreat-DeepfakeImageDetect/defenses/DCT/data/AdvImages_w_SurrogateModels/ViT/1_fake/011897.png,1,1
/speed-scratch/a_shahj/EvolvingThreat-DeepfakeImageDetect/defenses/DCT/data/AdvImages_w_SurrogateModels/ViT/1_fake/011898.png,1,0
/speed-scratch/a_shahj/EvolvingThreat-DeepfakeImageDetect/defenses/DCT/data/AdvImages_w_SurrogateModels/ViT/1_fake/011899.png,1,0
/speed-scratch/a_shahj/EvolvingThreat-DeepfakeImageDetect/defenses/DCT/data/AdvImages_w_SurrogateModels/ViT/1_fake/011900.png,1,0
/speed-scratch/a_shahj/EvolvingThreat-DeepfakeImageDetect/defenses/DCT/data/AdvImages_w_SurrogateModels/ViT/1_fake/011901.png,1,0
/speed-scratch/a_shahj/EvolvingThreat-DeepfakeImageDetect/defenses/DCT/data/AdvImages_w_SurrogateModels/ViT/1_fake/011902.png,1,1
/speed-scratch/a_shahj/EvolvingThreat-DeepfakeImageDetect/defenses/DCT/data/AdvImages_w_SurrogateModels/ViT/1_fake/011903.png,1,1
/speed-scratch/a_shahj/EvolvingThreat-DeepfakeImageDetect/defenses/DCT/data/AdvImages_w_SurrogateModels/ViT/1_fake/011904.png,1,0
/speed-scratch/a_shahj/EvolvingThreat-DeepfakeImageDetect/defenses/DCT/data/AdvImages_w_SurrogateModels/ViT/1_fake/011905.png,1,1
/speed-scratch/a_shahj/EvolvingThreat-DeepfakeImageDetect/defenses/DCT/data/AdvImages_w_SurrogateModels/ViT/1_fake/011906.png,1,1
/speed-scratch/a_shahj/EvolvingThreat-DeepfakeImageDetect/defenses/DCT/data/AdvImages_w_SurrogateModels/ViT/1_fake/011908.png,1,1
/speed-scratch/a_shahj/EvolvingThreat-DeepfakeImageDetect/defenses/DCT/data/AdvImages_w_SurrogateModels/ViT/1_fake/011909.png,1,0
/speed-scratch/a_shahj/EvolvingThreat-DeepfakeImageDetect/defenses/DCT/data/AdvImages_w_SurrogateModels/ViT/1_fake/011910.png,1,0
/speed-scratch/a_shahj/EvolvingThreat-DeepfakeImageDetect/defenses/DCT/data/AdvImages_w_SurrogateModels/ViT/1_fake/011911.png,1,1
/speed-scratch/a_shahj/EvolvingThreat-DeepfakeImageDetect/defenses/DCT/data/AdvImages_w_SurrogateModels/ViT/1_fake/011912.png,1,1
/speed-scratch/a_shahj/EvolvingThreat-DeepfakeImageDetect/defenses/DCT/data/AdvImages_w_SurrogateModels/ViT/1_fake/011916.png,1,1
/speed-scratch/a_shahj/EvolvingThreat-DeepfakeImageDetect/defenses/DCT/data/AdvImages_w_SurrogateModels/ViT/1_fake/011917.png,1,1
/speed-scratch/a_shahj/EvolvingThreat-DeepfakeImageDetect/defenses/DCT/data/AdvImages_w_SurrogateModels/ViT/1_fake/011918.png,1,0
/speed-scratch/a_shahj/EvolvingThreat-DeepfakeImageDetect/defenses/DCT/data/AdvImages_w_SurrogateModels/ViT/1_fake/011919.png,1,0
/speed-scratch/a_shahj/EvolvingThreat-DeepfakeImageDetect/defenses/DCT/data/AdvImages_w_SurrogateModels/ViT/1_fake/011920.png,1,1
/speed-scratch/a_shahj/EvolvingThreat-DeepfakeImageDetect/defenses/DCT/data/AdvImages_w_SurrogateModels/ViT/1_fake/011922.png,1,1
/speed-scratch/a_shahj/EvolvingThreat-DeepfakeImageDetect/defenses/DCT/data/AdvImages_w_SurrogateModels/ViT/1_fake/011923.png,1,1
/speed-scratch/a_shahj/EvolvingThreat-DeepfakeImageDetect/defenses/DCT/data/AdvImages_w_SurrogateModels/ViT/1_fake/011924.png,1,0
/speed-scratch/a_shahj/EvolvingThreat-DeepfakeImageDetect/defenses/DCT/data/AdvImages_w_SurrogateModels/ViT/1_fake/011925.png,1,1
/speed-scratch/a_shahj/EvolvingThreat-DeepfakeImageDetect/defenses/DCT/data/AdvImages_w_SurrogateModels/ViT/1_fake/011926.png,1,1
/speed-scratch/a_shahj/EvolvingThreat-DeepfakeImageDetect/defenses/DCT/data/AdvImages_w_SurrogateModels/ViT/1_fake/011928.png,1,1
/speed-scratch/a_shahj/EvolvingThreat-DeepfakeImageDetect/defenses/DCT/data/AdvImages_w_SurrogateModels/ViT/1_fake/011929.png,1,0
/speed-scratch/a_shahj/EvolvingThreat-DeepfakeImageDetect/defenses/DCT/data/AdvImages_w_SurrogateModels/ViT/1_fake/011930.png,1,1
/speed-scratch/a_shahj/EvolvingThreat-DeepfakeImageDetect/defenses/DCT/data/AdvImages_w_SurrogateModels/ViT/1_fake/011931.png,1,0
/speed-scratch/a_shahj/EvolvingThreat-DeepfakeImageDetect/defenses/DCT/data/AdvImages_w_SurrogateModels/ViT/1_fake/011932.png,1,1
/speed-scratch/a_shahj/EvolvingThreat-DeepfakeImageDetect/defenses/DCT/data/AdvImages_w_SurrogateModels/ViT/1_fake/011933.png,1,1
/speed-scratch/a_shahj/EvolvingThreat-DeepfakeImageDetect/defenses/DCT/data/AdvImages_w_SurrogateModels/ViT/1_fake/011934.png,1,1
/speed-scratch/a_shahj/EvolvingThreat-DeepfakeImageDetect/defenses/DCT/data/AdvImages_w_SurrogateModels/ViT/1_fake/011935.png,1,1
/speed-scratch/a_shahj/EvolvingThreat-DeepfakeImageDetect/defenses/DCT/data/AdvImages_w_SurrogateModels/ViT/1_fake/011936.png,1,0
/speed-scratch/a_shahj/EvolvingThreat-DeepfakeImageDetect/defenses/DCT/data/AdvImages_w_SurrogateModels/ViT/1_fake/011938.png,1,1
/speed-scratch/a_shahj/EvolvingThreat-DeepfakeImageDetect/defenses/DCT/data/AdvImages_w_SurrogateModels/ViT/1_fake/011939.png,1,1
/speed-scratch/a_shahj/EvolvingThreat-DeepfakeImageDetect/defenses/DCT/data/AdvImages_w_SurrogateModels/ViT/1_fake/011940.png,1,0
/speed-scratch/a_shahj/EvolvingThreat-DeepfakeImageDetect/defenses/DCT/data/AdvImages_w_SurrogateModels/ViT/1_fake/011941.png,1,0
/speed-scratch/a_shahj/EvolvingThreat-DeepfakeImageDetect/defenses/DCT/data/AdvImages_w_SurrogateModels/ViT/1_fake/011942.png,1,0
/speed-scratch/a_shahj/EvolvingThreat-DeepfakeImageDetect/defenses/DCT/data/AdvImages_w_SurrogateModels/ViT/1_fake/011943.png,1,1
/speed-scratch/a_shahj/EvolvingThreat-DeepfakeImageDetect/defenses/DCT/data/AdvImages_w_SurrogateModels/ViT/1_fake/011946.png,1,1
/speed-scratch/a_shahj/EvolvingThreat-DeepfakeImageDetect/defenses/DCT/data/AdvImages_w_SurrogateModels/ViT/1_fake/011947.png,1,1
/speed-scratch/a_shahj/EvolvingThreat-DeepfakeImageDetect/defenses/DCT/data/AdvImages_w_SurrogateModels/ViT/1_fake/011948.png,1,1
/speed-scratch/a_shahj/EvolvingThreat-DeepfakeImageDetect/defenses/DCT/data/AdvImages_w_SurrogateModels/ViT/1_fake/011949.png,1,1
/speed-scratch/a_shahj/EvolvingThreat-DeepfakeImageDetect/defenses/DCT/data/AdvImages_w_SurrogateModels/ViT/1_fake/011950.png,1,1
/speed-scratch/a_shahj/EvolvingThreat-DeepfakeImageDetect/defenses/DCT/data/AdvImages_w_SurrogateModels/ViT/1_fake/011951.png,1,0
/speed-scratch/a_shahj/EvolvingThreat-DeepfakeImageDetect/defenses/DCT/data/AdvImages_w_SurrogateModels/ViT/1_fake/011952.png,1,1
/speed-scratch/a_shahj/EvolvingThreat-DeepfakeImageDetect/defenses/DCT/data/AdvImages_w_SurrogateModels/ViT/1_fake/011953.png,1,1
/speed-scratch/a_shahj/EvolvingThreat-DeepfakeImageDetect/defenses/DCT/data/AdvImages_w_SurrogateModels/ViT/1_fake/011954.png,1,1
/speed-scratch/a_shahj/EvolvingThreat-DeepfakeImageDetect/defenses/DCT/data/AdvImages_w_SurrogateModels/ViT/1_fake/011955.png,1,0
/speed-scratch/a_shahj/EvolvingThreat-DeepfakeImageDetect/defenses/DCT/data/AdvImages_w_SurrogateModels/ViT/1_fake/011957.png,1,0
/speed-scratch/a_shahj/EvolvingThreat-DeepfakeImageDetect/defenses/DCT/data/AdvImages_w_SurrogateModels/ViT/1_fake/011959.png,1,1
/speed-scratch/a_shahj/EvolvingThreat-DeepfakeImageDetect/defenses/DCT/data/AdvImages_w_SurrogateModels/ViT/1_fake/011960.png,1,1
/speed-scratch/a_shahj/EvolvingThreat-DeepfakeImageDetect/defenses/DCT/data/AdvImages_w_SurrogateModels/ViT/1_fake/011961.png,1,0
/speed-scratch/a_shahj/EvolvingThreat-DeepfakeImageDetect/defenses/DCT/data/AdvImages_w_SurrogateModels/ViT/1_fake/011962.png,1,1
/speed-scratch/a_shahj/EvolvingThreat-DeepfakeImageDetect/defenses/DCT/data/AdvImages_w_SurrogateModels/ViT/1_fake/011963.png,1,1
/speed-scratch/a_shahj/EvolvingThreat-DeepfakeImageDetect/defenses/DCT/data/AdvImages_w_SurrogateModels/ViT/1_fake/011964.png,1,1
/speed-scratch/a_shahj/EvolvingThreat-DeepfakeImageDetect/defenses/DCT/data/AdvImages_w_SurrogateModels/ViT/1_fake/011965.png,1,1
/speed-scratch/a_shahj/EvolvingThreat-DeepfakeImageDetect/defenses/DCT/data/AdvImages_w_SurrogateModels/ViT/1_fake/011967.png,1,0
/speed-scratch/a_shahj/EvolvingThreat-DeepfakeImageDetect/defenses/DCT/data/AdvImages_w_SurrogateModels/ViT/1_fake/011969.png,1,0
/speed-scratch/a_shahj/EvolvingThreat-DeepfakeImageDetect/defenses/DCT/data/AdvImages_w_SurrogateModels/ViT/1_fake/011970.png,1,1
/speed-scratch/a_shahj/EvolvingThreat-DeepfakeImageDetect/defenses/DCT/data/AdvImages_w_SurrogateModels/ViT/1_fake/011971.png,1,1
/speed-scratch/a_shahj/EvolvingThreat-DeepfakeImageDetect/defenses/DCT/data/AdvImages_w_SurrogateModels/ViT/1_fake/011972.png,1,0
/speed-scratch/a_shahj/EvolvingThreat-DeepfakeImageDetect/defenses/DCT/data/AdvImages_w_SurrogateModels/ViT/1_fake/011973.png,1,1
/speed-scratch/a_shahj/EvolvingThreat-DeepfakeImageDetect/defenses/DCT/data/AdvImages_w_SurrogateModels/ViT/1_fake/011974.png,1,0
/speed-scratch/a_shahj/EvolvingThreat-DeepfakeImageDetect/defenses/DCT/data/AdvImages_w_SurrogateModels/ViT/1_fake/011976.png,1,1
/speed-scratch/a_shahj/EvolvingThreat-DeepfakeImageDetect/defenses/DCT/data/AdvImages_w_SurrogateModels/ViT/1_fake/011977.png,1,1
/speed-scratch/a_shahj/EvolvingThreat-DeepfakeImageDetect/defenses/DCT/data/AdvImages_w_SurrogateModels/ViT/1_fake/011978.png,1,1
/speed-scratch/a_shahj/EvolvingThreat-DeepfakeImageDetect/defenses/DCT/data/AdvImages_w_SurrogateModels/ViT/1_fake/011979.png,1,1
/speed-scratch/a_shahj/EvolvingThreat-DeepfakeImageDetect/defenses/DCT/data/AdvImages_w_SurrogateModels/ViT/1_fake/011980.png,1,0
/speed-scratch/a_shahj/EvolvingThreat-DeepfakeImageDetect/defenses/DCT/data/AdvImages_w_SurrogateModels/ViT/1_fake/011981.png,1,1
/speed-scratch/a_shahj/EvolvingThreat-DeepfakeImageDetect/defenses/DCT/data/AdvImages_w_SurrogateModels/ViT/1_fake/011983.png,1,1
/speed-scratch/a_shahj/EvolvingThreat-DeepfakeImageDetect/defenses/DCT/data/AdvImages_w_SurrogateModels/ViT/1_fake/011985.png,1,1
/speed-scratch/a_shahj/EvolvingThreat-DeepfakeImageDetect/defenses/DCT/data/AdvImages_w_SurrogateModels/ViT/1_fake/011987.png,1,0
/speed-scratch/a_shahj/EvolvingThreat-DeepfakeImageDetect/defenses/DCT/data/AdvImages_w_SurrogateModels/ViT/1_fake/011988.png,1,0
/speed-scratch/a_shahj/EvolvingThreat-DeepfakeImageDetect/defenses/DCT/data/AdvImages_w_SurrogateModels/ViT/1_fake/011989.png,1,0
/speed-scratch/a_shahj/EvolvingThreat-DeepfakeImageDetect/defenses/DCT/data/AdvImages_w_SurrogateModels/ViT/1_fake/011990.png,1,1
/speed-scratch/a_shahj/EvolvingThreat-DeepfakeImageDetect/defenses/DCT/data/AdvImages_w_SurrogateModels/ViT/1_fake/011991.png,1,1
/speed-scratch/a_shahj/EvolvingThreat-DeepfakeImageDetect/defenses/DCT/data/AdvImages_w_SurrogateModels/ViT/1_fake/011992.png,1,1
/speed-scratch/a_shahj/EvolvingThreat-DeepfakeImageDetect/defenses/DCT/data/AdvImages_w_SurrogateModels/ViT/1_fake/011993.png,1,1
/speed-scratch/a_shahj/EvolvingThreat-DeepfakeImageDetect/defenses/DCT/data/AdvImages_w_SurrogateModels/ViT/1_fake/011995.png,1,1
/speed-scratch/a_shahj/EvolvingThreat-DeepfakeImageDetect/defenses/DCT/data/AdvImages_w_SurrogateModels/ViT/1_fake/011996.png,1,1
/speed-scratch/a_shahj/EvolvingThreat-DeepfakeImageDetect/defenses/DCT/data/AdvImages_w_SurrogateModels/ViT/1_fake/011997.png,1,1
/speed-scratch/a_shahj/EvolvingThreat-DeepfakeImageDetect/defenses/DCT/data/AdvImages_w_SurrogateModels/ViT/1_fake/011998.png,1,1
/speed-scratch/a_shahj/EvolvingThreat-DeepfakeImageDetect/defenses/DCT/data/AdvImages_w_SurrogateModels/ViT/1_fake/011999.png,1,0
/speed-scratch/a_shahj/EvolvingThreat-DeepfakeImageDetect/defenses/DCT/data/AdvImages_w_SurrogateModels/ViT/1_fake/012026.png,1,1
/speed-scratch/a_shahj/EvolvingThreat-DeepfakeImageDetect/defenses/DCT/data/AdvImages_w_SurrogateModels/ViT/1_fake/012041.png,1,1
/speed-scratch/a_shahj/EvolvingThreat-DeepfakeImageDetect/defenses/DCT/data/AdvImages_w_SurrogateModels/ViT/1_fake/012071.png,1,0
/speed-scratch/a_shahj/EvolvingThreat-DeepfakeImageDetect/defenses/DCT/data/AdvImages_w_SurrogateModels/ViT/1_fake/012084.png,1,1
/speed-scratch/a_shahj/EvolvingThreat-DeepfakeImageDetect/defenses/DCT/data/AdvImages_w_SurrogateModels/ViT/1_fake/012086.png,1,1
/speed-scratch/a_shahj/EvolvingThreat-DeepfakeImageDetect/defenses/DCT/data/AdvImages_w_SurrogateModels/ViT/1_fake/012099.png,1,1
/speed-scratch/a_shahj/EvolvingThreat-DeepfakeImageDetect/defenses/DCT/data/AdvImages_w_SurrogateModels/ViT/1_fake/012101.png,1,1
/speed-scratch/a_shahj/EvolvingThreat-DeepfakeImageDetect/defenses/DCT/data/AdvImages_w_SurrogateModels/ViT/1_fake/012104.png,1,1
/speed-scratch/a_shahj/EvolvingThreat-DeepfakeImageDetect/defenses/DCT/data/AdvImages_w_SurrogateModels/ViT/1_fake/012111.png,1,1
/speed-scratch/a_shahj/EvolvingThreat-DeepfakeImageDetect/defenses/DCT/data/AdvImages_w_SurrogateModels/ViT/1_fake/012122.png,1,1
/speed-scratch/a_shahj/EvolvingThreat-DeepfakeImageDetect/defenses/DCT/data/AdvImages_w_SurrogateModels/ViT/1_fake/012135.png,1,1
/speed-scratch/a_shahj/EvolvingThreat-DeepfakeImageDetect/defenses/DCT/data/AdvImages_w_SurrogateModels/ViT/1_fake/012154.png,1,0
/speed-scratch/a_shahj/EvolvingThreat-DeepfakeImageDetect/defenses/DCT/data/AdvImages_w_SurrogateModels/ViT/1_fake/012157.png,1,1
/speed-scratch/a_shahj/EvolvingThreat-DeepfakeImageDetect/defenses/DCT/data/AdvImages_w_SurrogateModels/ViT/1_fake/012172.png,1,1
/speed-scratch/a_shahj/EvolvingThreat-DeepfakeImageDetect/defenses/DCT/data/AdvImages_w_SurrogateModels/ViT/1_fake/012175.png,1,1
/speed-scratch/a_shahj/EvolvingThreat-DeepfakeImageDetect/defenses/DCT/data/AdvImages_w_SurrogateModels/ViT/1_fake/012192.png,1,1
/speed-scratch/a_shahj/EvolvingThreat-DeepfakeImageDetect/defenses/DCT/data/AdvImages_w_SurrogateModels/ViT/1_fake/012193.png,1,1
/speed-scratch/a_shahj/EvolvingThreat-DeepfakeImageDetect/defenses/DCT/data/AdvImages_w_SurrogateModels/ViT/1_fake/012198.png,1,1
/speed-scratch/a_shahj/EvolvingThreat-DeepfakeImageDetect/defenses/DCT/data/AdvImages_w_SurrogateModels/ViT/1_fake/012237.png,1,0
/speed-scratch/a_shahj/EvolvingThreat-DeepfakeImageDetect/defenses/DCT/data/AdvImages_w_SurrogateModels/ViT/1_fake/012260.png,1,1
/speed-scratch/a_shahj/EvolvingThreat-DeepfakeImageDetect/defenses/DCT/data/AdvImages_w_SurrogateModels/ViT/1_fake/012264.png,1,1
/speed-scratch/a_shahj/EvolvingThreat-DeepfakeImageDetect/defenses/DCT/data/AdvImages_w_SurrogateModels/ViT/1_fake/012271.png,1,0
/speed-scratch/a_shahj/EvolvingThreat-DeepfakeImageDetect/defenses/DCT/data/AdvImages_w_SurrogateModels/ViT/1_fake/012272.png,1,1
/speed-scratch/a_shahj/EvolvingThreat-DeepfakeImageDetect/defenses/DCT/data/AdvImages_w_SurrogateModels/ViT/1_fake/012319.png,1,1
/speed-scratch/a_shahj/EvolvingThreat-DeepfakeImageDetect/defenses/DCT/data/AdvImages_w_SurrogateModels/ViT/1_fake/012327.png,1,1
/speed-scratch/a_shahj/EvolvingThreat-DeepfakeImageDetect/defenses/DCT/data/AdvImages_w_SurrogateModels/ViT/1_fake/012334.png,1,0
/speed-scratch/a_shahj/EvolvingThreat-DeepfakeImageDetect/defenses/DCT/data/AdvImages_w_SurrogateModels/ViT/1_fake/012356.png,1,0
/speed-scratch/a_shahj/EvolvingThreat-DeepfakeImageDetect/defenses/DCT/data/AdvImages_w_SurrogateModels/ViT/1_fake/012362.png,1,1
/speed-scratch/a_shahj/EvolvingThreat-DeepfakeImageDetect/defenses/DCT/data/AdvImages_w_SurrogateModels/ViT/1_fake/012366.png,1,1
/speed-scratch/a_shahj/EvolvingThreat-DeepfakeImageDetect/defenses/DCT/data/AdvImages_w_SurrogateModels/ViT/1_fake/012376.png,1,0
/speed-scratch/a_shahj/EvolvingThreat-DeepfakeImageDetect/defenses/DCT/data/AdvImages_w_SurrogateModels/ViT/1_fake/012378.png,1,1
/speed-scratch/a_shahj/EvolvingThreat-DeepfakeImageDetect/defenses/DCT/data/AdvImages_w_SurrogateModels/ViT/1_fake/012382.png,1,1
/speed-scratch/a_shahj/EvolvingThreat-DeepfakeImageDetect/defenses/DCT/data/AdvImages_w_SurrogateModels/ViT/1_fake/012383.png,1,0
/speed-scratch/a_shahj/EvolvingThreat-DeepfakeImageDetect/defenses/DCT/data/AdvImages_w_SurrogateModels/ViT/1_fake/012391.png,1,1
/speed-scratch/a_shahj/EvolvingThreat-DeepfakeImageDetect/defenses/DCT/data/AdvImages_w_SurrogateModels/ViT/1_fake/012397.png,1,1
/speed-scratch/a_shahj/EvolvingThreat-DeepfakeImageDetect/defenses/DCT/data/AdvImages_w_SurrogateModels/ViT/1_fake/012409.png,1,1
/speed-scratch/a_shahj/EvolvingThreat-DeepfakeImageDetect/defenses/DCT/data/AdvImages_w_SurrogateModels/ViT/1_fake/012413.png,1,1
/speed-scratch/a_shahj/EvolvingThreat-DeepfakeImageDetect/defenses/DCT/data/AdvImages_w_SurrogateModels/ViT/1_fake/012433.png,1,1
/speed-scratch/a_shahj/EvolvingThreat-DeepfakeImageDetect/defenses/DCT/data/AdvImages_w_SurrogateModels/ViT/1_fake/012446.png,1,0
/speed-scratch/a_shahj/EvolvingThreat-DeepfakeImageDetect/defenses/DCT/data/AdvImages_w_SurrogateModels/ViT/1_fake/012456.png,1,0
/speed-scratch/a_shahj/EvolvingThreat-DeepfakeImageDetect/defenses/DCT/data/AdvImages_w_SurrogateModels/ViT/1_fake/012486.png,1,0
/speed-scratch/a_shahj/EvolvingThreat-DeepfakeImageDetect/defenses/DCT/data/AdvImages_w_SurrogateModels/ViT/1_fake/012502.png,1,0
/speed-scratch/a_shahj/EvolvingThreat-DeepfakeImageDetect/defenses/DCT/data/AdvImages_w_SurrogateModels/ViT/1_fake/012507.png,1,1
/speed-scratch/a_shahj/EvolvingThreat-DeepfakeImageDetect/defenses/DCT/data/AdvImages_w_SurrogateModels/ViT/1_fake/012534.png,1,1
/speed-scratch/a_shahj/EvolvingThreat-DeepfakeImageDetect/defenses/DCT/data/AdvImages_w_SurrogateModels/ViT/1_fake/012541.png,1,1
/speed-scratch/a_shahj/EvolvingThreat-DeepfakeImageDetect/defenses/DCT/data/AdvImages_w_SurrogateModels/ViT/1_fake/012549.png,1,1
/speed-scratch/a_shahj/EvolvingThreat-DeepfakeImageDetect/defenses/DCT/data/AdvImages_w_SurrogateModels/ViT/1_fake/012552.png,1,1
/speed-scratch/a_shahj/EvolvingThreat-DeepfakeImageDetect/defenses/DCT/data/AdvImages_w_SurrogateModels/ViT/1_fake/012563.png,1,1
/speed-scratch/a_shahj/EvolvingThreat-DeepfakeImageDetect/defenses/DCT/data/AdvImages_w_SurrogateModels/ViT/1_fake/012595.png,1,1
/speed-scratch/a_shahj/EvolvingThreat-DeepfakeImageDetect/defenses/DCT/data/AdvImages_w_SurrogateModels/ViT/1_fake/012626.png,1,1
/speed-scratch/a_shahj/EvolvingThreat-DeepfakeImageDetect/defenses/DCT/data/AdvImages_w_SurrogateModels/ViT/1_fake/012651.png,1,0
/speed-scratch/a_shahj/EvolvingThreat-DeepfakeImageDetect/defenses/DCT/data/AdvImages_w_SurrogateModels/ViT/1_fake/012661.png,1,0
/speed-scratch/a_shahj/EvolvingThreat-DeepfakeImageDetect/defenses/DCT/data/AdvImages_w_SurrogateModels/ViT/1_fake/012665.png,1,1
/speed-scratch/a_shahj/EvolvingThreat-DeepfakeImageDetect/defenses/DCT/data/AdvImages_w_SurrogateModels/ViT/1_fake/012671.png,1,1
/speed-scratch/a_shahj/EvolvingThreat-DeepfakeImageDetect/defenses/DCT/data/AdvImages_w_SurrogateModels/ViT/1_fake/012702.png,1,1
/speed-scratch/a_shahj/EvolvingThreat-DeepfakeImageDetect/defenses/DCT/data/AdvImages_w_SurrogateModels/ViT/1_fake/012706.png,1,1
/speed-scratch/a_shahj/EvolvingThreat-DeepfakeImageDetect/defenses/DCT/data/AdvImages_w_SurrogateModels/ViT/1_fake/012716.png,1,1
/speed-scratch/a_shahj/EvolvingThreat-DeepfakeImageDetect/defenses/DCT/data/AdvImages_w_SurrogateModels/ViT/1_fake/012725.png,1,0
/speed-scratch/a_shahj/EvolvingThreat-DeepfakeImageDetect/defenses/DCT/data/AdvImages_w_SurrogateModels/ViT/1_fake/012726.png,1,1
/speed-scratch/a_shahj/EvolvingThreat-DeepfakeImageDetect/defenses/DCT/data/AdvImages_w_SurrogateModels/ViT/1_fake/012737.png,1,1
/speed-scratch/a_shahj/EvolvingThreat-DeepfakeImageDetect/defenses/DCT/data/AdvImages_w_SurrogateModels/ViT/1_fake/012763.png,1,1
/speed-scratch/a_shahj/EvolvingThreat-DeepfakeImageDetect/defenses/DCT/data/AdvImages_w_SurrogateModels/ViT/1_fake/012786.png,1,1
/speed-scratch/a_shahj/EvolvingThreat-DeepfakeImageDetect/defenses/DCT/data/AdvImages_w_SurrogateModels/ViT/1_fake/012814.png,1,1
/speed-scratch/a_shahj/EvolvingThreat-DeepfakeImageDetect/defenses/DCT/data/AdvImages_w_SurrogateModels/ViT/1_fake/012874.png,1,0
/speed-scratch/a_shahj/EvolvingThreat-DeepfakeImageDetect/defenses/DCT/data/AdvImages_w_SurrogateModels/ViT/1_fake/012879.png,1,1
/speed-scratch/a_shahj/EvolvingThreat-DeepfakeImageDetect/defenses/DCT/data/AdvImages_w_SurrogateModels/ViT/1_fake/012881.png,1,1
/speed-scratch/a_shahj/EvolvingThreat-DeepfakeImageDetect/defenses/DCT/data/AdvImages_w_SurrogateModels/ViT/1_fake/012883.png,1,0
/speed-scratch/a_shahj/EvolvingThreat-DeepfakeImageDetect/defenses/DCT/data/AdvImages_w_SurrogateModels/ViT/1_fake/012891.png,1,1
/speed-scratch/a_shahj/EvolvingThreat-DeepfakeImageDetect/defenses/DCT/data/AdvImages_w_SurrogateModels/ViT/1_fake/012898.png,1,1
/speed-scratch/a_shahj/EvolvingThreat-DeepfakeImageDetect/defenses/DCT/data/AdvImages_w_SurrogateModels/ViT/1_fake/012906.png,1,1
/speed-scratch/a_shahj/EvolvingThreat-DeepfakeImageDetect/defenses/DCT/data/AdvImages_w_SurrogateModels/ViT/1_fake/012919.png,1,1
/speed-scratch/a_shahj/EvolvingThreat-DeepfakeImageDetect/defenses/DCT/data/AdvImages_w_SurrogateModels/ViT/1_fake/012920.png,1,1
/speed-scratch/a_shahj/EvolvingThreat-DeepfakeImageDetect/defenses/DCT/data/AdvImages_w_SurrogateModels/ViT/1_fake/012923.png,1,1
/speed-scratch/a_shahj/EvolvingThreat-DeepfakeImageDetect/defenses/DCT/data/AdvImages_w_SurrogateModels/ViT/1_fake/012927.png,1,1
/speed-scratch/a_shahj/EvolvingThreat-DeepfakeImageDetect/defenses/DCT/data/AdvImages_w_SurrogateModels/ViT/1_fake/012934.png,1,1
/speed-scratch/a_shahj/EvolvingThreat-DeepfakeImageDetect/defenses/DCT/data/AdvImages_w_SurrogateModels/ViT/1_fake/012938.png,1,1
/speed-scratch/a_shahj/EvolvingThreat-DeepfakeImageDetect/defenses/DCT/data/AdvImages_w_SurrogateModels/ViT/1_fake/012961.png,1,1
/speed-scratch/a_shahj/EvolvingThreat-DeepfakeImageDetect/defenses/DCT/data/AdvImages_w_SurrogateModels/ViT/1_fake/012965.png,1,1
/speed-scratch/a_shahj/EvolvingThreat-DeepfakeImageDetect/defenses/DCT/data/AdvImages_w_SurrogateModels/ViT/1_fake/012968.png,1,1
/speed-scratch/a_shahj/EvolvingThreat-DeepfakeImageDetect/defenses/DCT/data/AdvImages_w_SurrogateModels/ViT/1_fake/012979.png,1,1
/speed-scratch/a_shahj/EvolvingThreat-DeepfakeImageDetect/defenses/DCT/data/AdvImages_w_SurrogateModels/ViT/1_fake/014004.png,1,1
/speed-scratch/a_shahj/EvolvingThreat-DeepfakeImageDetect/defenses/DCT/data/AdvImages_w_SurrogateModels/ViT/1_fake/014017.png,1,1
/speed-scratch/a_shahj/EvolvingThreat-DeepfakeImageDetect/defenses/DCT/data/AdvImages_w_SurrogateModels/ViT/1_fake/014022.png,1,1
/speed-scratch/a_shahj/EvolvingThreat-DeepfakeImageDetect/defenses/DCT/data/AdvImages_w_SurrogateModels/ViT/1_fake/014035.png,1,1
/speed-scratch/a_shahj/EvolvingThreat-DeepfakeImageDetect/defenses/DCT/data/AdvImages_w_SurrogateModels/ViT/1_fake/014037.png,1,1
/speed-scratch/a_shahj/EvolvingThreat-DeepfakeImageDetect/defenses/DCT/data/AdvImages_w_SurrogateModels/ViT/1_fake/014043.png,1,1
/speed-scratch/a_shahj/EvolvingThreat-DeepfakeImageDetect/defenses/DCT/data/AdvImages_w_SurrogateModels/ViT/1_fake/014050.png,1,1
/speed-scratch/a_shahj/EvolvingThreat-DeepfakeImageDetect/defenses/DCT/data/AdvImages_w_SurrogateModels/ViT/1_fake/014073.png,1,1
/speed-scratch/a_shahj/EvolvingThreat-DeepfakeImageDetect/defenses/DCT/data/AdvImages_w_SurrogateModels/ViT/1_fake/014098.png,1,1
/speed-scratch/a_shahj/EvolvingThreat-DeepfakeImageDetect/defenses/DCT/data/AdvImages_w_SurrogateModels/ViT/1_fake/014100.png,1,1
/speed-scratch/a_shahj/EvolvingThreat-DeepfakeImageDetect/defenses/DCT/data/AdvImages_w_SurrogateModels/ViT/1_fake/014123.png,1,0
/speed-scratch/a_shahj/EvolvingThreat-DeepfakeImageDetect/defenses/DCT/data/AdvImages_w_SurrogateModels/ViT/1_fake/014193.png,1,1
/speed-scratch/a_shahj/EvolvingThreat-DeepfakeImageDetect/defenses/DCT/data/AdvImages_w_SurrogateModels/ViT/1_fake/014199.png,1,0
/speed-scratch/a_shahj/EvolvingThreat-DeepfakeImageDetect/defenses/DCT/data/AdvImages_w_SurrogateModels/ViT/1_fake/014201.png,1,1
/speed-scratch/a_shahj/EvolvingThreat-DeepfakeImageDetect/defenses/DCT/data/AdvImages_w_SurrogateModels/ViT/1_fake/014207.png,1,1
/speed-scratch/a_shahj/EvolvingThreat-DeepfakeImageDetect/defenses/DCT/data/AdvImages_w_SurrogateModels/ViT/1_fake/014212.png,1,1
/speed-scratch/a_shahj/EvolvingThreat-DeepfakeImageDetect/defenses/DCT/data/AdvImages_w_SurrogateModels/ViT/1_fake/014218.png,1,0
/speed-scratch/a_shahj/EvolvingThreat-DeepfakeImageDetect/defenses/DCT/data/AdvImages_w_SurrogateModels/ViT/1_fake/014236.png,1,0
/speed-scratch/a_shahj/EvolvingThreat-DeepfakeImageDetect/defenses/DCT/data/AdvImages_w_SurrogateModels/ViT/1_fake/014251.png,1,1
/speed-scratch/a_shahj/EvolvingThreat-DeepfakeImageDetect/defenses/DCT/data/AdvImages_w_SurrogateModels/ViT/1_fake/014260.png,1,1
/speed-scratch/a_shahj/EvolvingThreat-DeepfakeImageDetect/defenses/DCT/data/AdvImages_w_SurrogateModels/ViT/1_fake/014269.png,1,0
/speed-scratch/a_shahj/EvolvingThreat-DeepfakeImageDetect/defenses/DCT/data/AdvImages_w_SurrogateModels/ViT/1_fake/014292.png,1,1
/speed-scratch/a_shahj/EvolvingThreat-DeepfakeImageDetect/defenses/DCT/data/AdvImages_w_SurrogateModels/ViT/1_fake/014297.png,1,0
/speed-scratch/a_shahj/EvolvingThreat-DeepfakeImageDetect/defenses/DCT/data/AdvImages_w_SurrogateModels/ViT/1_fake/014310.png,1,1
/speed-scratch/a_shahj/EvolvingThreat-DeepfakeImageDetect/defenses/DCT/data/AdvImages_w_SurrogateModels/ViT/1_fake/014312.png,1,0
/speed-scratch/a_shahj/EvolvingThreat-DeepfakeImageDetect/defenses/DCT/data/AdvImages_w_SurrogateModels/ViT/1_fake/014326.png,1,1
/speed-scratch/a_shahj/EvolvingThreat-DeepfakeImageDetect/defenses/DCT/data/AdvImages_w_SurrogateModels/ViT/1_fake/014341.png,1,1
/speed-scratch/a_shahj/EvolvingThreat-DeepfakeImageDetect/defenses/DCT/data/AdvImages_w_SurrogateModels/ViT/1_fake/014342.png,1,1
/speed-scratch/a_shahj/EvolvingThreat-DeepfakeImageDetect/defenses/DCT/data/AdvImages_w_SurrogateModels/ViT/1_fake/014359.png,1,1
/speed-scratch/a_shahj/EvolvingThreat-DeepfakeImageDetect/defenses/DCT/data/AdvImages_w_SurrogateModels/ViT/1_fake/014396.png,1,1
/speed-scratch/a_shahj/EvolvingThreat-DeepfakeImageDetect/defenses/DCT/data/AdvImages_w_SurrogateModels/ViT/1_fake/014403.png,1,0
/speed-scratch/a_shahj/EvolvingThreat-DeepfakeImageDetect/defenses/DCT/data/AdvImages_w_SurrogateModels/ViT/1_fake/014414.png,1,0
/speed-scratch/a_shahj/EvolvingThreat-DeepfakeImageDetect/defenses/DCT/data/AdvImages_w_SurrogateModels/ViT/1_fake/014416.png,1,0
/speed-scratch/a_shahj/EvolvingThreat-DeepfakeImageDetect/defenses/DCT/data/AdvImages_w_SurrogateModels/ViT/1_fake/014418.png,1,0
/speed-scratch/a_shahj/EvolvingThreat-DeepfakeImageDetect/defenses/DCT/data/AdvImages_w_SurrogateModels/ViT/1_fake/014419.png,1,0
/speed-scratch/a_shahj/EvolvingThreat-DeepfakeImageDetect/defenses/DCT/data/AdvImages_w_SurrogateModels/ViT/1_fake/014424.png,1,0
/speed-scratch/a_shahj/EvolvingThreat-DeepfakeImageDetect/defenses/DCT/data/AdvImages_w_SurrogateModels/ViT/1_fake/014429.png,1,0
/speed-scratch/a_shahj/EvolvingThreat-DeepfakeImageDetect/defenses/DCT/data/AdvImages_w_SurrogateModels/ViT/1_fake/014434.png,1,1
/speed-scratch/a_shahj/EvolvingThreat-DeepfakeImageDetect/defenses/DCT/data/AdvImages_w_SurrogateModels/ViT/1_fake/014438.png,1,0
/speed-scratch/a_shahj/EvolvingThreat-DeepfakeImageDetect/defenses/DCT/data/AdvImages_w_SurrogateModels/ViT/1_fake/014446.png,1,1
/speed-scratch/a_shahj/EvolvingThreat-DeepfakeImageDetect/defenses/DCT/data/AdvImages_w_SurrogateModels/ViT/1_fake/014456.png,1,0
/speed-scratch/a_shahj/EvolvingThreat-DeepfakeImageDetect/defenses/DCT/data/AdvImages_w_SurrogateModels/ViT/1_fake/014460.png,1,1
/speed-scratch/a_shahj/EvolvingThreat-DeepfakeImageDetect/defenses/DCT/data/AdvImages_w_SurrogateModels/ViT/1_fake/014468.png,1,1
/speed-scratch/a_shahj/EvolvingThreat-DeepfakeImageDetect/defenses/DCT/data/AdvImages_w_SurrogateModels/ViT/1_fake/014474.png,1,1
/speed-scratch/a_shahj/EvolvingThreat-DeepfakeImageDetect/defenses/DCT/data/AdvImages_w_SurrogateModels/ViT/1_fake/014475.png,1,1
/speed-scratch/a_shahj/EvolvingThreat-DeepfakeImageDetect/defenses/DCT/data/AdvImages_w_SurrogateModels/ViT/1_fake/014502.png,1,0
/speed-scratch/a_shahj/EvolvingThreat-DeepfakeImageDetect/defenses/DCT/data/AdvImages_w_SurrogateModels/ViT/1_fake/014506.png,1,0
/speed-scratch/a_shahj/EvolvingThreat-DeepfakeImageDetect/defenses/DCT/data/AdvImages_w_SurrogateModels/ViT/1_fake/014510.png,1,0
/speed-scratch/a_shahj/EvolvingThreat-DeepfakeImageDetect/defenses/DCT/data/AdvImages_w_SurrogateModels/ViT/1_fake/014511.png,1,1
/speed-scratch/a_shahj/EvolvingThreat-DeepfakeImageDetect/defenses/DCT/data/AdvImages_w_SurrogateModels/ViT/1_fake/014513.png,1,0
/speed-scratch/a_shahj/EvolvingThreat-DeepfakeImageDetect/defenses/DCT/data/AdvImages_w_SurrogateModels/ViT/1_fake/014523.png,1,0
/speed-scratch/a_shahj/EvolvingThreat-DeepfakeImageDetect/defenses/DCT/data/AdvImages_w_SurrogateModels/ViT/1_fake/014525.png,1,1
/speed-scratch/a_shahj/EvolvingThreat-DeepfakeImageDetect/defenses/DCT/data/AdvImages_w_SurrogateModels/ViT/1_fake/014540.png,1,1
/speed-scratch/a_shahj/EvolvingThreat-DeepfakeImageDetect/defenses/DCT/data/AdvImages_w_SurrogateModels/ViT/1_fake/014543.png,1,1
/speed-scratch/a_shahj/EvolvingThreat-DeepfakeImageDetect/defenses/DCT/data/AdvImages_w_SurrogateModels/ViT/1_fake/014559.png,1,1
/speed-scratch/a_shahj/EvolvingThreat-DeepfakeImageDetect/defenses/DCT/data/AdvImages_w_SurrogateModels/ViT/1_fake/014566.png,1,1
/speed-scratch/a_shahj/EvolvingThreat-DeepfakeImageDetect/defenses/DCT/data/AdvImages_w_SurrogateModels/ViT/1_fake/014588.png,1,1
/speed-scratch/a_shahj/EvolvingThreat-DeepfakeImageDetect/defenses/DCT/data/AdvImages_w_SurrogateModels/ViT/1_fake/014626.png,1,0
/speed-scratch/a_shahj/EvolvingThreat-DeepfakeImageDetect/defenses/DCT/data/AdvImages_w_SurrogateModels/ViT/1_fake/014627.png,1,0
/speed-scratch/a_shahj/EvolvingThreat-DeepfakeImageDetect/defenses/DCT/data/AdvImages_w_SurrogateModels/ViT/1_fake/014644.png,1,1
/speed-scratch/a_shahj/EvolvingThreat-DeepfakeImageDetect/defenses/DCT/data/AdvImages_w_SurrogateModels/ViT/1_fake/014647.png,1,0
/speed-scratch/a_shahj/EvolvingThreat-DeepfakeImageDetect/defenses/DCT/data/AdvImages_w_SurrogateModels/ViT/1_fake/014720.png,1,1
/speed-scratch/a_shahj/EvolvingThreat-DeepfakeImageDetect/defenses/DCT/data/AdvImages_w_SurrogateModels/ViT/1_fake/014727.png,1,0
/speed-scratch/a_shahj/EvolvingThreat-DeepfakeImageDetect/defenses/DCT/data/AdvImages_w_SurrogateModels/ViT/1_fake/014728.png,1,1
/speed-scratch/a_shahj/EvolvingThreat-DeepfakeImageDetect/defenses/DCT/data/AdvImages_w_SurrogateModels/ViT/1_fake/014735.png,1,1
/speed-scratch/a_shahj/EvolvingThreat-DeepfakeImageDetect/defenses/DCT/data/AdvImages_w_SurrogateModels/ViT/1_fake/014765.png,1,0
/speed-scratch/a_shahj/EvolvingThreat-DeepfakeImageDetect/defenses/DCT/data/AdvImages_w_SurrogateModels/ViT/1_fake/014771.png,1,1
/speed-scratch/a_shahj/EvolvingThreat-DeepfakeImageDetect/defenses/DCT/data/AdvImages_w_SurrogateModels/ViT/1_fake/014802.png,1,1
/speed-scratch/a_shahj/EvolvingThreat-DeepfakeImageDetect/defenses/DCT/data/AdvImages_w_SurrogateModels/ViT/1_fake/014805.png,1,1
/speed-scratch/a_shahj/EvolvingThreat-DeepfakeImageDetect/defenses/DCT/data/AdvImages_w_SurrogateModels/ViT/1_fake/014814.png,1,0
/speed-scratch/a_shahj/EvolvingThreat-DeepfakeImageDetect/defenses/DCT/data/AdvImages_w_SurrogateModels/ViT/1_fake/014859.png,1,1
/speed-scratch/a_shahj/EvolvingThreat-DeepfakeImageDetect/defenses/DCT/data/AdvImages_w_SurrogateModels/ViT/1_fake/014871.png,1,1
/speed-scratch/a_shahj/EvolvingThreat-DeepfakeImageDetect/defenses/DCT/data/AdvImages_w_SurrogateModels/ViT/1_fake/014875.png,1,1
/speed-scratch/a_shahj/EvolvingThreat-DeepfakeImageDetect/defenses/DCT/data/AdvImages_w_SurrogateModels/ViT/1_fake/014881.png,1,0
/speed-scratch/a_shahj/EvolvingThreat-DeepfakeImageDetect/defenses/DCT/data/AdvImages_w_SurrogateModels/ViT/1_fake/014896.png,1,0
/speed-scratch/a_shahj/EvolvingThreat-DeepfakeImageDetect/defenses/DCT/data/AdvImages_w_SurrogateModels/ViT/1_fake/014904.png,1,1
/speed-scratch/a_shahj/EvolvingThreat-DeepfakeImageDetect/defenses/DCT/data/AdvImages_w_SurrogateModels/ViT/1_fake/014912.png,1,1
/speed-scratch/a_shahj/EvolvingThreat-DeepfakeImageDetect/defenses/DCT/data/AdvImages_w_SurrogateModels/ViT/1_fake/014921.png,1,1
/speed-scratch/a_shahj/EvolvingThreat-DeepfakeImageDetect/defenses/DCT/data/AdvImages_w_SurrogateModels/ViT/1_fake/014922.png,1,1
/speed-scratch/a_shahj/EvolvingThreat-DeepfakeImageDetect/defenses/DCT/data/AdvImages_w_SurrogateModels/ViT/1_fake/014926.png,1,1
/speed-scratch/a_shahj/EvolvingThreat-DeepfakeImageDetect/defenses/DCT/data/AdvImages_w_SurrogateModels/ViT/1_fake/014931.png,1,1
/speed-scratch/a_shahj/EvolvingThreat-DeepfakeImageDetect/defenses/DCT/data/AdvImages_w_SurrogateModels/ViT/1_fake/014942.png,1,0
/speed-scratch/a_shahj/EvolvingThreat-DeepfakeImageDetect/defenses/DCT/data/AdvImages_w_SurrogateModels/ViT/1_fake/014950.png,1,1
/speed-scratch/a_shahj/EvolvingThreat-DeepfakeImageDetect/defenses/DCT/data/AdvImages_w_SurrogateModels/ViT/1_fake/014959.png,1,1
/speed-scratch/a_shahj/EvolvingThreat-DeepfakeImageDetect/defenses/DCT/data/AdvImages_w_SurrogateModels/ViT/1_fake/014983.png,1,0
/speed-scratch/a_shahj/EvolvingThreat-DeepfakeImageDetect/defenses/DCT/data/AdvImages_w_SurrogateModels/ViT/1_fake/014987.png,1,1
/speed-scratch/a_shahj/EvolvingThreat-DeepfakeImageDetect/defenses/DCT/data/AdvImages_w_SurrogateModels/ViT/1_fake/014989.png,1,1
/speed-scratch/a_shahj/EvolvingThreat-DeepfakeImageDetect/defenses/DCT/data/AdvImages_w_SurrogateModels/ViT/1_fake/018000.png,1,0
/speed-scratch/a_shahj/EvolvingThreat-DeepfakeImageDetect/defenses/DCT/data/AdvImages_w_SurrogateModels/ViT/1_fake/018002.png,1,0
/speed-scratch/a_shahj/EvolvingThreat-DeepfakeImageDetect/defenses/DCT/data/AdvImages_w_SurrogateModels/ViT/1_fake/018003.png,1,1
/speed-scratch/a_shahj/EvolvingThreat-DeepfakeImageDetect/defenses/DCT/data/AdvImages_w_SurrogateModels/ViT/1_fake/018004.png,1,0
/speed-scratch/a_shahj/EvolvingThreat-DeepfakeImageDetect/defenses/DCT/data/AdvImages_w_SurrogateModels/ViT/1_fake/018005.png,1,1
/speed-scratch/a_shahj/EvolvingThreat-DeepfakeImageDetect/defenses/DCT/data/AdvImages_w_SurrogateModels/ViT/1_fake/018007.png,1,1
/speed-scratch/a_shahj/EvolvingThreat-DeepfakeImageDetect/defenses/DCT/data/AdvImages_w_SurrogateModels/ViT/1_fake/018008.png,1,1
/speed-scratch/a_shahj/EvolvingThreat-DeepfakeImageDetect/defenses/DCT/data/AdvImages_w_SurrogateModels/ViT/1_fake/018009.png,1,1
/speed-scratch/a_shahj/EvolvingThreat-DeepfakeImageDetect/defenses/DCT/data/AdvImages_w_SurrogateModels/ViT/1_fake/018010.png,1,1
/speed-scratch/a_shahj/EvolvingThreat-DeepfakeImageDetect/defenses/DCT/data/AdvImages_w_SurrogateModels/ViT/1_fake/018015.png,1,1
/speed-scratch/a_shahj/EvolvingThreat-DeepfakeImageDetect/defenses/DCT/data/AdvImages_w_SurrogateModels/ViT/1_fake/018017.png,1,1
/speed-scratch/a_shahj/EvolvingThreat-DeepfakeImageDetect/defenses/DCT/data/AdvImages_w_SurrogateModels/ViT/1_fake/018018.png,1,0
/speed-scratch/a_shahj/EvolvingThreat-DeepfakeImageDetect/defenses/DCT/data/AdvImages_w_SurrogateModels/ViT/1_fake/018023.png,1,0
/speed-scratch/a_shahj/EvolvingThreat-DeepfakeImageDetect/defenses/DCT/data/AdvImages_w_SurrogateModels/ViT/1_fake/018027.png,1,0
/speed-scratch/a_shahj/EvolvingThreat-DeepfakeImageDetect/defenses/DCT/data/AdvImages_w_SurrogateModels/ViT/1_fake/018030.png,1,1
/speed-scratch/a_shahj/EvolvingThreat-DeepfakeImageDetect/defenses/DCT/data/AdvImages_w_SurrogateModels/ViT/1_fake/018031.png,1,1
/speed-scratch/a_shahj/EvolvingThreat-DeepfakeImageDetect/defenses/DCT/data/AdvImages_w_SurrogateModels/ViT/1_fake/018032.png,1,1
/speed-scratch/a_shahj/EvolvingThreat-DeepfakeImageDetect/defenses/DCT/data/AdvImages_w_SurrogateModels/ViT/1_fake/018033.png,1,1
/speed-scratch/a_shahj/EvolvingThreat-DeepfakeImageDetect/defenses/DCT/data/AdvImages_w_SurrogateModels/ViT/1_fake/018035.png,1,0
/speed-scratch/a_shahj/EvolvingThreat-DeepfakeImageDetect/defenses/DCT/data/AdvImages_w_SurrogateModels/ViT/1_fake/018036.png,1,1
/speed-scratch/a_shahj/EvolvingThreat-DeepfakeImageDetect/defenses/DCT/data/AdvImages_w_SurrogateModels/ViT/1_fake/018041.png,1,1
/speed-scratch/a_shahj/EvolvingThreat-DeepfakeImageDetect/defenses/DCT/data/AdvImages_w_SurrogateModels/ViT/1_fake/018042.png,1,1
/speed-scratch/a_shahj/EvolvingThreat-DeepfakeImageDetect/defenses/DCT/data/AdvImages_w_SurrogateModels/ViT/1_fake/018044.png,1,1
