slurmstepd: error: _get_joules_task: can't get info from slurmd
usage: conda [-h] [-V] command ...

conda is a tool for managing and deploying applications, environments and packages.

Options:

positional arguments:
  command
    clean             Remove unused packages and caches.
    compare           Compare packages between conda environments.
    config            Modify configuration values in .condarc. This is modeled
                      after the git config command. Writes to the user
                      .condarc file (/home/a/a_shahj/.condarc) by default. Use
                      the --show-sources flag to display all identified
                      configuration locations on your computer.
    create            Create a new conda environment from a list of specified
                      packages.
    info              Display information about current conda install.
    init              Initialize conda for shell interaction.
    install           Installs a list of packages into a specified conda
                      environment.
    list              List installed packages in a conda environment.
    package           Low-level conda package utility. (EXPERIMENTAL)
    remove (uninstall)
                      Remove a list of packages from a specified conda
                      environment. Use `--all` flag to remove all packages and
                      the environment itself.
    rename            Renames an existing environment.
    run               Run an executable in a conda environment.
    search            Search for packages and display associated
                      information.The input is a MatchSpec, a query language
                      for conda packages. See examples below.
    update (upgrade)  Updates conda packages to the latest compatible version.
    notices           Retrieves latest channel notifications.

options:
  -h, --help          Show this help message and exit.
  -V, --version       Show the conda version number and exit.

conda commands available from other packages:
 doctor - A subcommand that displays environment health report

conda commands available from other packages (legacy):
  build
  content-trust
  convert
  debug
  develop
  env
  index
  inspect
  metapackage
  pack
  render
  repo
  server
  skeleton
  token
  verify
----------------- Options ---------------
                     arch: res50                         
               batch_size: 64                            
                    beta1: 0.9                           
                blur_prob: 0.1                           	[default: 0]
                 blur_sig: 0.0,3.0                       	[default: 0.5]
          checkpoints_dir: ./checkpoints                 
                class_bal: False                         
                  classes: general                       	[default: ]
           continue_train: False                         
                 cropSize: 224                           
                 data_aug: False                         
                 dataroot: /speed-scratch/a_shahj/EvolvingThreat-DeepfakeImageDetect/defenses/CNN-F/mydataset	[default: ./dataset/]
          earlystop_epoch: 5                             
                    epoch: latest                        
              epoch_count: 1                             
                  gpu_ids: 0                             
                init_gain: 0.02                          
                init_type: normal                        
                  isTrain: True                          	[default: None]
               jpg_method: cv2,pil                       	[default: cv2]
                 jpg_prob: 0.1                           	[default: 0]
                 jpg_qual: 30,100                        	[default: 75]
               last_epoch: -1                            
                 loadSize: 256                           
                loss_freq: 400                           
                       lr: 0.0001                        
                     mode: binary                        
                modeltype: 0.1                           
                     name: DCT_ResNet50_LM123            	[default: experiment_name]
                new_optim: False                         
                    niter: 10000                         
                  no_flip: False                         
              num_threads: 4                             
                    optim: adam                          
           resize_or_crop: scale_and_crop                
                rz_interp: bilinear                      
          save_epoch_freq: 20                            
         save_latest_freq: 2000                          
           serial_batches: False                         
                   suffix:                               
              train_split: train                         
                val_split: val                           
----------------- End -------------------
# training images = 16000
# training batches = 250

=> Computing DCT mean/std BEFORE training begins ...
slurmstepd: error: _get_joules_task: can't get info from slurmd
slurmstepd: error: _get_joules_task: can't get info from slurmd
slurmstepd: error: _get_joules_task: can't get info from slurmd
slurmstepd: error: _get_joules_task: can't get info from slurmd
slurmstepd: error: _get_joules_task: can't get info from slurmd
slurmstepd: error: _get_joules_task: can't get info from slurmd
slurmstepd: error: _get_joules_task: can't get info from slurmd
slurmstepd: error: _get_joules_task: can't get info from slurmd
slurmstepd: error: _get_joules_task: can't get info from slurmd
slurmstepd: error: _get_joules_task: can't get info from slurmd
slurmstepd: error: _get_joules_task: can't get info from slurmd
slurmstepd: error: _get_joules_task: can't get info from slurmd
slurmstepd: error: _get_joules_task: can't get info from slurmd
slurmstepd: error: _get_joules_task: can't get info from slurmd
slurmstepd: error: _get_joules_task: can't get info from slurmd
slurmstepd: error: _get_joules_task: can't get info from slurmd
slurmstepd: error: _get_joules_task: can't get info from slurmd
slurmstepd: error: _get_joules_task: can't get info from slurmd
slurmstepd: error: _get_joules_task: can't get info from slurmd
slurmstepd: error: _get_joules_task: can't get info from slurmd
slurmstepd: error: _get_joules_task: can't get info from slurmd
slurmstepd: error: _get_joules_task: can't get info from slurmd
slurmstepd: error: _get_joules_task: can't get info from slurmd
slurmstepd: error: _get_joules_task: can't get info from slurmd
slurmstepd: error: _get_joules_task: can't get info from slurmd
slurmstepd: error: _get_joules_task: can't get info from slurmd
slurmstepd: error: _get_joules_task: can't get info from slurmd
=> DCT mean/std computed successfully!

/speed-scratch/a_shahj/defake/lib/python3.8/site-packages/torchvision/models/_utils.py:208: UserWarning: The parameter 'pretrained' is deprecated since 0.13 and will be removed in 0.15, please use 'weights' instead.
  warnings.warn(
/speed-scratch/a_shahj/defake/lib/python3.8/site-packages/torchvision/models/_utils.py:223: UserWarning: Arguments other than a weight enum or `None` for 'weights' are deprecated since 0.13 and will be removed in 0.15. The current behavior is equivalent to passing `weights=ResNet50_Weights.IMAGENET1K_V1`. You can also use `weights=ResNet50_Weights.DEFAULT` to get the most up-to-date weights.
  warnings.warn(msg)
slurmstepd: error: _get_joules_task: can't get info from slurmd
slurmstepd: error: _get_joules_task: can't get info from slurmd
slurmstepd: error: _get_joules_task: can't get info from slurmd
slurmstepd: error: _get_joules_task: can't get info from slurmd
slurmstepd: error: _get_joules_task: can't get info from slurmd
slurmstepd: error: _get_joules_task: can't get info from slurmd
slurmstepd: error: _get_joules_task: can't get info from slurmd
slurmstepd: error: _get_joules_task: can't get info from slurmd
slurmstepd: error: _get_joules_task: can't get info from slurmd
slurmstepd: error: _get_joules_task: can't get info from slurmd
slurmstepd: error: _get_joules_task: can't get info from slurmd
slurmstepd: error: _get_joules_task: can't get info from slurmd
slurmstepd: error: _get_joules_task: can't get info from slurmd
slurmstepd: error: _get_joules_task: can't get info from slurmd
slurmstepd: error: _get_joules_task: can't get info from slurmd
slurmstepd: error: _get_joules_task: can't get info from slurmd
slurmstepd: error: _get_joules_task: can't get info from slurmd
slurmstepd: error: _get_joules_task: can't get info from slurmd
slurmstepd: error: _get_joules_task: can't get info from slurmd
slurmstepd: error: _get_joules_task: can't get info from slurmd
slurmstepd: error: _get_joules_task: can't get info from slurmd
slurmstepd: error: _get_joules_task: can't get info from slurmd
slurmstepd: error: _get_joules_task: can't get info from slurmd
slurmstepd: error: _get_joules_task: can't get info from slurmd
slurmstepd: error: _get_joules_task: can't get info from slurmd
slurmstepd: error: _get_joules_task: can't get info from slurmd
slurmstepd: error: _get_joules_task: can't get info from slurmd
slurmstepd: error: _get_joules_task: can't get info from slurmd
slurmstepd: error: _get_joules_task: can't get info from slurmd
slurmstepd: error: _get_joules_task: can't get info from slurmd
slurmstepd: error: _get_joules_task: can't get info from slurmd
slurmstepd: error: _get_joules_task: can't get info from slurmd
slurmstepd: error: _get_joules_task: can't get info from slurmd
slurmstepd: error: _get_joules_task: can't get info from slurmd
slurmstepd: error: _get_joules_task: can't get info from slurmd
slurmstepd: error: _get_joules_task: can't get info from slurmd
slurmstepd: error: _get_joules_task: can't get info from slurmd
slurmstepd: error: _get_joules_task: can't get info from slurmd
slurmstepd: error: _get_joules_task: can't get info from slurmd
slurmstepd: error: _get_joules_task: can't get info from slurmd
slurmstepd: error: _get_joules_task: can't get info from slurmd
slurmstepd: error: _get_joules_task: can't get info from slurmd
slurmstepd: error: _get_joules_task: can't get info from slurmd
slurmstepd: error: _get_joules_task: can't get info from slurmd
slurmstepd: error: _get_joules_task: can't get info from slurmd
slurmstepd: error: _get_joules_task: can't get info from slurmd
slurmstepd: error: _get_joules_task: can't get info from slurmd
slurmstepd: error: _get_joules_task: can't get info from slurmd
slurmstepd: error: _get_joules_task: can't get info from slurmd
slurmstepd: error: _get_joules_task: can't get info from slurmd
slurmstepd: error: _get_joules_task: can't get info from slurmd
slurmstepd: error: _get_joules_task: can't get info from slurmd
slurmstepd: error: _get_joules_task: can't get info from slurmd
slurmstepd: error: _get_joules_task: can't get info from slurmd
slurmstepd: error: _get_joules_task: can't get info from slurmd
slurmstepd: error: _get_joules_task: can't get info from slurmd
slurmstepd: error: _get_joules_task: can't get info from slurmd
slurmstepd: error: _get_joules_task: can't get info from slurmd
slurmstepd: error: _get_joules_task: can't get info from slurmd
slurmstepd: error: _get_joules_task: can't get info from slurmd
slurmstepd: error: _get_joules_task: can't get info from slurmd
slurmstepd: error: _get_joules_task: can't get info from slurmd
slurmstepd: error: _get_joules_task: can't get info from slurmd
slurmstepd: error: _get_joules_task: can't get info from slurmd
slurmstepd: error: _get_joules_task: can't get info from slurmd
slurmstepd: error: _get_joules_task: can't get info from slurmd
slurmstepd: error: _get_joules_task: can't get info from slurmd
slurmstepd: error: _get_joules_task: can't get info from slurmd
slurmstepd: error: _get_joules_task: can't get info from slurmd
slurmstepd: error: _get_joules_task: can't get info from slurmd
slurmstepd: error: _get_joules_task: can't get info from slurmd
slurmstepd: error: _get_joules_task: can't get info from slurmd
slurmstepd: error: _get_joules_task: can't get info from slurmd
slurmstepd: error: _get_joules_task: can't get info from slurmd
slurmstepd: error: _get_joules_task: can't get info from slurmd
slurmstepd: error: _get_joules_task: can't get info from slurmd
slurmstepd: error: _get_joules_task: can't get info from slurmd
slurmstepd: error: _get_joules_task: can't get info from slurmd
slurmstepd: error: _get_joules_task: can't get info from slurmd
slurmstepd: error: _get_joules_task: can't get info from slurmd
slurmstepd: error: _get_joules_task: can't get info from slurmd
slurmstepd: error: _get_joules_task: can't get info from slurmd
Saving epoch 0...
=> Warning: Some sub-dataset DCT stats not ready yet.
=> Warning: No DCT stats found in ConcatDataset. Skipping...
=> Saved checkpoint to ./checkpoints/DCT_ResNet50_LM123/model_epoch_latest.pth
=> Warning: Some sub-dataset DCT stats not ready yet.
=> Warning: No DCT stats found in ConcatDataset. Skipping...
=> Saved checkpoint to ./checkpoints/DCT_ResNet50_LM123/model_epoch_0.pth
slurmstepd: error: _get_joules_task: can't get info from slurmd
slurmstepd: error: _get_joules_task: can't get info from slurmd
slurmstepd: error: _get_joules_task: can't get info from slurmd
slurmstepd: error: _get_joules_task: can't get info from slurmd
slurmstepd: error: _get_joules_task: can't get info from slurmd
slurmstepd: error: _get_joules_task: can't get info from slurmd
slurmstepd: error: _get_joules_task: can't get info from slurmd
slurmstepd: error: _get_joules_task: can't get info from slurmd
slurmstepd: error: _get_joules_task: can't get info from slurmd
(Val @ epoch 0) acc: 0.701, ap: 0.7964843476416484
=> Warning: Some sub-dataset DCT stats not ready yet.
=> Warning: No DCT stats found in ConcatDataset. Skipping...
=> Saved checkpoint to ./checkpoints/DCT_ResNet50_LM123/model_epoch_epoch_0.pth
Validation accuracy increased (-inf --> 0.701000).  Saving model ...
=> Warning: Some sub-dataset DCT stats not ready yet.
=> Warning: No DCT stats found in ConcatDataset. Skipping...
=> Saved checkpoint to ./checkpoints/DCT_ResNet50_LM123/model_epoch_best.pth
slurmstepd: error: _get_joules_task: can't get info from slurmd
slurmstepd: error: _get_joules_task: can't get info from slurmd
slurmstepd: error: _get_joules_task: can't get info from slurmd
slurmstepd: error: _get_joules_task: can't get info from slurmd
slurmstepd: error: _get_joules_task: can't get info from slurmd
slurmstepd: error: _get_joules_task: can't get info from slurmd
slurmstepd: error: _get_joules_task: can't get info from slurmd
slurmstepd: error: _get_joules_task: can't get info from slurmd
slurmstepd: error: _get_joules_task: can't get info from slurmd
slurmstepd: error: _get_joules_task: can't get info from slurmd
slurmstepd: error: _get_joules_task: can't get info from slurmd
slurmstepd: error: _get_joules_task: can't get info from slurmd
slurmstepd: error: _get_joules_task: can't get info from slurmd
slurmstepd: error: _get_joules_task: can't get info from slurmd
slurmstepd: error: _get_joules_task: can't get info from slurmd
slurmstepd: error: _get_joules_task: can't get info from slurmd
slurmstepd: error: _get_joules_task: can't get info from slurmd
slurmstepd: error: _get_joules_task: can't get info from slurmd
slurmstepd: error: _get_joules_task: can't get info from slurmd
slurmstepd: error: _get_joules_task: can't get info from slurmd
slurmstepd: error: _get_joules_task: can't get info from slurmd
slurmstepd: error: _get_joules_task: can't get info from slurmd
slurmstepd: error: _get_joules_task: can't get info from slurmd
slurmstepd: error: _get_joules_task: can't get info from slurmd
slurmstepd: error: _get_joules_task: can't get info from slurmd
slurmstepd: error: _get_joules_task: can't get info from slurmd
slurmstepd: error: _get_joules_task: can't get info from slurmd
slurmstepd: error: _get_joules_task: can't get info from slurmd
slurmstepd: error: _get_joules_task: can't get info from slurmd
slurmstepd: error: _get_joules_task: can't get info from slurmd
slurmstepd: error: _get_joules_task: can't get info from slurmd
slurmstepd: error: _get_joules_task: can't get info from slurmd
slurmstepd: error: _get_joules_task: can't get info from slurmd
slurmstepd: error: _get_joules_task: can't get info from slurmd
slurmstepd: error: _get_joules_task: can't get info from slurmd
slurmstepd: error: _get_joules_task: can't get info from slurmd
slurmstepd: error: _get_joules_task: can't get info from slurmd
slurmstepd: error: _get_joules_task: can't get info from slurmd
slurmstepd: error: _get_joules_task: can't get info from slurmd
slurmstepd: error: _get_joules_task: can't get info from slurmd
slurmstepd: error: _get_joules_task: can't get info from slurmd
slurmstepd: error: _get_joules_task: can't get info from slurmd
slurmstepd: error: _get_joules_task: can't get info from slurmd
slurmstepd: error: _get_joules_task: can't get info from slurmd
slurmstepd: error: _get_joules_task: can't get info from slurmd
slurmstepd: error: _get_joules_task: can't get info from slurmd
slurmstepd: error: _get_joules_task: can't get info from slurmd
slurmstepd: error: _get_joules_task: can't get info from slurmd
slurmstepd: error: _get_joules_task: can't get info from slurmd
slurmstepd: error: _get_joules_task: can't get info from slurmd
slurmstepd: error: _get_joules_task: can't get info from slurmd
slurmstepd: error: _get_joules_task: can't get info from slurmd
slurmstepd: error: _get_joules_task: can't get info from slurmd
slurmstepd: error: _get_joules_task: can't get info from slurmd
slurmstepd: error: _get_joules_task: can't get info from slurmd
slurmstepd: error: _get_joules_task: can't get info from slurmd
slurmstepd: error: _get_joules_task: can't get info from slurmd
slurmstepd: error: _get_joules_task: can't get info from slurmd
slurmstepd: error: _get_joules_task: can't get info from slurmd
slurmstepd: error: _get_joules_task: can't get info from slurmd
slurmstepd: error: _get_joules_task: can't get info from slurmd
slurmstepd: error: _get_joules_task: can't get info from slurmd
slurmstepd: error: _get_joules_task: can't get info from slurmd
slurmstepd: error: _get_joules_task: can't get info from slurmd
slurmstepd: error: _get_joules_task: can't get info from slurmd
slurmstepd: error: _get_joules_task: can't get info from slurmd
slurmstepd: error: _get_joules_task: can't get info from slurmd
slurmstepd: error: _get_joules_task: can't get info from slurmd
slurmstepd: error: _get_joules_task: can't get info from slurmd
slurmstepd: error: _get_joules_task: can't get info from slurmd
slurmstepd: error: _get_joules_task: can't get info from slurmd
slurmstepd: error: _get_joules_task: can't get info from slurmd
slurmstepd: error: _get_joules_task: can't get info from slurmd
slurmstepd: error: _get_joules_task: can't get info from slurmd
slurmstepd: error: _get_joules_task: can't get info from slurmd
slurmstepd: error: _get_joules_task: can't get info from slurmd
slurmstepd: error: _get_joules_task: can't get info from slurmd
slurmstepd: error: _get_joules_task: can't get info from slurmd
slurmstepd: error: _get_joules_task: can't get info from slurmd
slurmstepd: error: _get_joules_task: can't get info from slurmd
slurmstepd: error: _get_joules_task: can't get info from slurmd
slurmstepd: error: _get_joules_task: can't get info from slurmd
slurmstepd: error: _get_joules_task: can't get info from slurmd
slurmstepd: error: _get_joules_task: can't get info from slurmd
slurmstepd: error: _get_joules_task: can't get info from slurmd
slurmstepd: error: _get_joules_task: can't get info from slurmd
slurmstepd: error: _get_joules_task: can't get info from slurmd
slurmstepd: error: _get_joules_task: can't get info from slurmd
slurmstepd: error: _get_joules_task: can't get info from slurmd
slurmstepd: error: _get_joules_task: can't get info from slurmd
slurmstepd: error: _get_joules_task: can't get info from slurmd
slurmstepd: error: _get_joules_task: can't get info from slurmd
slurmstepd: error: _get_joules_task: can't get info from slurmd
slurmstepd: error: _get_joules_task: can't get info from slurmd
slurmstepd: error: _get_joules_task: can't get info from slurmd
slurmstepd: error: _get_joules_task: can't get info from slurmd
slurmstepd: error: _get_joules_task: can't get info from slurmd
slurmstepd: error: _get_joules_task: can't get info from slurmd
slurmstepd: error: _get_joules_task: can't get info from slurmd
slurmstepd: error: _get_joules_task: can't get info from slurmd
slurmstepd: error: _get_joules_task: can't get info from slurmd
slurmstepd: error: _get_joules_task: can't get info from slurmd
slurmstepd: error: _get_joules_task: can't get info from slurmd
slurmstepd: error: _get_joules_task: can't get info from slurmd
slurmstepd: error: _get_joules_task: can't get info from slurmd
slurmstepd: error: _get_joules_task: can't get info from slurmd
slurmstepd: error: _get_joules_task: can't get info from slurmd
slurmstepd: error: _get_joules_task: can't get info from slurmd
slurmstepd: error: _get_joules_task: can't get info from slurmd
slurmstepd: error: _get_joules_task: can't get info from slurmd
slurmstepd: error: _get_joules_task: can't get info from slurmd
slurmstepd: error: _get_joules_task: can't get info from slurmd
slurmstepd: error: _get_joules_task: can't get info from slurmd
slurmstepd: error: _get_joules_task: can't get info from slurmd
slurmstepd: error: _get_joules_task: can't get info from slurmd
slurmstepd: error: _get_joules_task: can't get info from slurmd
slurmstepd: error: _get_joules_task: can't get info from slurmd
slurmstepd: error: _get_joules_task: can't get info from slurmd
slurmstepd: error: _get_joules_task: can't get info from slurmd
slurmstepd: error: _get_joules_task: can't get info from slurmd
slurmstepd: error: _get_joules_task: can't get info from slurmd
slurmstepd: error: _get_joules_task: can't get info from slurmd
slurmstepd: error: _get_joules_task: can't get info from slurmd
slurmstepd: error: _get_joules_task: can't get info from slurmd
slurmstepd: error: _get_joules_task: can't get info from slurmd
slurmstepd: error: _get_joules_task: can't get info from slurmd
slurmstepd: error: _get_joules_task: can't get info from slurmd
slurmstepd: error: _get_joules_task: can't get info from slurmd
slurmstepd: error: _get_joules_task: can't get info from slurmd
slurmstepd: error: _get_joules_task: can't get info from slurmd
slurmstepd: error: _get_joules_task: can't get info from slurmd
slurmstepd: error: _get_joules_task: can't get info from slurmd
slurmstepd: error: _get_joules_task: can't get info from slurmd
slurmstepd: error: _get_joules_task: can't get info from slurmd
slurmstepd: error: _get_joules_task: can't get info from slurmd
slurmstepd: error: _get_joules_task: can't get info from slurmd
slurmstepd: error: _get_joules_task: can't get info from slurmd
slurmstepd: error: _get_joules_task: can't get info from slurmd
slurmstepd: error: _get_joules_task: can't get info from slurmd
slurmstepd: error: _get_joules_task: can't get info from slurmd
slurmstepd: error: _get_joules_task: can't get info from slurmd
slurmstepd: error: _get_joules_task: can't get info from slurmd
slurmstepd: error: _get_joules_task: can't get info from slurmd
slurmstepd: error: _get_joules_task: can't get info from slurmd
slurmstepd: error: _get_joules_task: can't get info from slurmd
slurmstepd: error: _get_joules_task: can't get info from slurmd
slurmstepd: error: _get_joules_task: can't get info from slurmd
slurmstepd: error: _get_joules_task: can't get info from slurmd
slurmstepd: error: _get_joules_task: can't get info from slurmd
slurmstepd: error: _get_joules_task: can't get info from slurmd
slurmstepd: error: _get_joules_task: can't get info from slurmd
slurmstepd: error: _get_joules_task: can't get info from slurmd
slurmstepd: error: _get_joules_task: can't get info from slurmd
slurmstepd: error: _get_joules_task: can't get info from slurmd
slurmstepd: error: _get_joules_task: can't get info from slurmd
slurmstepd: error: _get_joules_task: can't get info from slurmd
slurmstepd: error: _get_joules_task: can't get info from slurmd
slurmstepd: error: _get_joules_task: can't get info from slurmd
slurmstepd: error: _get_joules_task: can't get info from slurmd
slurmstepd: error: _get_joules_task: can't get info from slurmd
slurmstepd: error: _get_joules_task: can't get info from slurmd
slurmstepd: error: _get_joules_task: can't get info from slurmd
slurmstepd: error: _get_joules_task: can't get info from slurmd
slurmstepd: error: _get_joules_task: can't get info from slurmd
slurmstepd: error: _get_joules_task: can't get info from slurmd
slurmstepd: error: _get_joules_task: can't get info from slurmd
slurmstepd: error: _get_joules_task: can't get info from slurmd
slurmstepd: error: _get_joules_task: can't get info from slurmd
slurmstepd: error: _get_joules_task: can't get info from slurmd
slurmstepd: error: _get_joules_task: can't get info from slurmd
slurmstepd: error: _get_joules_task: can't get info from slurmd
slurmstepd: error: _get_joules_task: can't get info from slurmd
slurmstepd: error: _get_joules_task: can't get info from slurmd
slurmstepd: error: _get_joules_task: can't get info from slurmd
slurmstepd: error: _get_joules_task: can't get info from slurmd
slurmstepd: error: _get_joules_task: can't get info from slurmd
slurmstepd: error: _get_joules_task: can't get info from slurmd
slurmstepd: error: _get_joules_task: can't get info from slurmd
slurmstepd: error: _get_joules_task: can't get info from slurmd
slurmstepd: error: _get_joules_task: can't get info from slurmd
slurmstepd: error: _get_joules_task: can't get info from slurmd
slurmstepd: error: _get_joules_task: can't get info from slurmd
slurmstepd: error: _get_joules_task: can't get info from slurmd
slurmstepd: error: _get_joules_task: can't get info from slurmd
slurmstepd: error: _get_joules_task: can't get info from slurmd
slurmstepd: error: _get_joules_task: can't get info from slurmd
slurmstepd: error: _get_joules_task: can't get info from slurmd
slurmstepd: error: _get_joules_task: can't get info from slurmd
slurmstepd: error: _get_joules_task: can't get info from slurmd
slurmstepd: error: _get_joules_task: can't get info from slurmd
slurmstepd: error: _get_joules_task: can't get info from slurmd
Train loss: 0.061847228556871414 at step: 400
Saving epoch 1...
=> Warning: Some sub-dataset DCT stats not ready yet.
=> Warning: No DCT stats found in ConcatDataset. Skipping...
=> Saved checkpoint to ./checkpoints/DCT_ResNet50_LM123/model_epoch_latest.pth
=> Warning: Some sub-dataset DCT stats not ready yet.
=> Warning: No DCT stats found in ConcatDataset. Skipping...
=> Saved checkpoint to ./checkpoints/DCT_ResNet50_LM123/model_epoch_1.pth
slurmstepd: error: _get_joules_task: can't get info from slurmd
slurmstepd: error: _get_joules_task: can't get info from slurmd
slurmstepd: error: _get_joules_task: can't get info from slurmd
slurmstepd: error: _get_joules_task: can't get info from slurmd
slurmstepd: error: _get_joules_task: can't get info from slurmd
slurmstepd: error: _get_joules_task: can't get info from slurmd
slurmstepd: error: _get_joules_task: can't get info from slurmd
slurmstepd: error: _get_joules_task: can't get info from slurmd
slurmstepd: error: _get_joules_task: can't get info from slurmd
(Val @ epoch 1) acc: 0.729, ap: 0.8188985420351889
=> Warning: Some sub-dataset DCT stats not ready yet.
=> Warning: No DCT stats found in ConcatDataset. Skipping...
=> Saved checkpoint to ./checkpoints/DCT_ResNet50_LM123/model_epoch_epoch_1.pth
Validation accuracy increased (0.701000 --> 0.729000).  Saving model ...
=> Warning: Some sub-dataset DCT stats not ready yet.
=> Warning: No DCT stats found in ConcatDataset. Skipping...
=> Saved checkpoint to ./checkpoints/DCT_ResNet50_LM123/model_epoch_best.pth
slurmstepd: error: _get_joules_task: can't get info from slurmd
slurmstepd: error: _get_joules_task: can't get info from slurmd
slurmstepd: error: _get_joules_task: can't get info from slurmd
slurmstepd: error: _get_joules_task: can't get info from slurmd
slurmstepd: error: _get_joules_task: can't get info from slurmd
slurmstepd: error: _get_joules_task: can't get info from slurmd
slurmstepd: error: _get_joules_task: can't get info from slurmd
slurmstepd: error: _get_joules_task: can't get info from slurmd
slurmstepd: error: _get_joules_task: can't get info from slurmd
slurmstepd: error: _get_joules_task: can't get info from slurmd
slurmstepd: error: _get_joules_task: can't get info from slurmd
slurmstepd: error: _get_joules_task: can't get info from slurmd
slurmstepd: error: _get_joules_task: can't get info from slurmd
slurmstepd: error: _get_joules_task: can't get info from slurmd
slurmstepd: error: _get_joules_task: can't get info from slurmd
slurmstepd: error: _get_joules_task: can't get info from slurmd
slurmstepd: error: _get_joules_task: can't get info from slurmd
slurmstepd: error: _get_joules_task: can't get info from slurmd
slurmstepd: error: _get_joules_task: can't get info from slurmd
slurmstepd: error: _get_joules_task: can't get info from slurmd
slurmstepd: error: _get_joules_task: can't get info from slurmd
slurmstepd: error: _get_joules_task: can't get info from slurmd
slurmstepd: error: _get_joules_task: can't get info from slurmd
slurmstepd: error: _get_joules_task: can't get info from slurmd
slurmstepd: error: _get_joules_task: can't get info from slurmd
slurmstepd: error: _get_joules_task: can't get info from slurmd
slurmstepd: error: _get_joules_task: can't get info from slurmd
slurmstepd: error: _get_joules_task: can't get info from slurmd
slurmstepd: error: _get_joules_task: can't get info from slurmd
slurmstepd: error: _get_joules_task: can't get info from slurmd
slurmstepd: error: _get_joules_task: can't get info from slurmd
slurmstepd: error: _get_joules_task: can't get info from slurmd
slurmstepd: error: _get_joules_task: can't get info from slurmd
slurmstepd: error: _get_joules_task: can't get info from slurmd
slurmstepd: error: _get_joules_task: can't get info from slurmd
slurmstepd: error: _get_joules_task: can't get info from slurmd
slurmstepd: error: _get_joules_task: can't get info from slurmd
slurmstepd: error: _get_joules_task: can't get info from slurmd
slurmstepd: error: _get_joules_task: can't get info from slurmd
slurmstepd: error: _get_joules_task: can't get info from slurmd
slurmstepd: error: _get_joules_task: can't get info from slurmd
slurmstepd: error: _get_joules_task: can't get info from slurmd
slurmstepd: error: _get_joules_task: can't get info from slurmd
slurmstepd: error: _get_joules_task: can't get info from slurmd
slurmstepd: error: _get_joules_task: can't get info from slurmd
slurmstepd: error: _get_joules_task: can't get info from slurmd
slurmstepd: error: _get_joules_task: can't get info from slurmd
slurmstepd: error: _get_joules_task: can't get info from slurmd
slurmstepd: error: _get_joules_task: can't get info from slurmd
slurmstepd: error: _get_joules_task: can't get info from slurmd
slurmstepd: error: _get_joules_task: can't get info from slurmd
slurmstepd: error: _get_joules_task: can't get info from slurmd
slurmstepd: error: _get_joules_task: can't get info from slurmd
slurmstepd: error: _get_joules_task: can't get info from slurmd
slurmstepd: error: _get_joules_task: can't get info from slurmd
slurmstepd: error: _get_joules_task: can't get info from slurmd
slurmstepd: error: _get_joules_task: can't get info from slurmd
slurmstepd: error: _get_joules_task: can't get info from slurmd
slurmstepd: error: _get_joules_task: can't get info from slurmd
slurmstepd: error: _get_joules_task: can't get info from slurmd
slurmstepd: error: _get_joules_task: can't get info from slurmd
slurmstepd: error: _get_joules_task: can't get info from slurmd
slurmstepd: error: _get_joules_task: can't get info from slurmd
slurmstepd: error: _get_joules_task: can't get info from slurmd
slurmstepd: error: _get_joules_task: can't get info from slurmd
slurmstepd: error: _get_joules_task: can't get info from slurmd
slurmstepd: error: _get_joules_task: can't get info from slurmd
slurmstepd: error: _get_joules_task: can't get info from slurmd
slurmstepd: error: _get_joules_task: can't get info from slurmd
slurmstepd: error: _get_joules_task: can't get info from slurmd
slurmstepd: error: _get_joules_task: can't get info from slurmd
slurmstepd: error: _get_joules_task: can't get info from slurmd
slurmstepd: error: _get_joules_task: can't get info from slurmd
slurmstepd: error: _get_joules_task: can't get info from slurmd
slurmstepd: error: _get_joules_task: can't get info from slurmd
slurmstepd: error: _get_joules_task: can't get info from slurmd
slurmstepd: error: _get_joules_task: can't get info from slurmd
slurmstepd: error: _get_joules_task: can't get info from slurmd
slurmstepd: error: _get_joules_task: can't get info from slurmd
slurmstepd: error: _get_joules_task: can't get info from slurmd
slurmstepd: error: _get_joules_task: can't get info from slurmd
slurmstepd: error: _get_joules_task: can't get info from slurmd
slurmstepd: error: _get_joules_task: can't get info from slurmd
slurmstepd: error: _get_joules_task: can't get info from slurmd
slurmstepd: error: _get_joules_task: can't get info from slurmd
slurmstepd: error: _get_joules_task: can't get info from slurmd
slurmstepd: error: _get_joules_task: can't get info from slurmd
slurmstepd: error: _get_joules_task: can't get info from slurmd
slurmstepd: error: _get_joules_task: can't get info from slurmd
slurmstepd: error: _get_joules_task: can't get info from slurmd
slurmstepd: error: _get_joules_task: can't get info from slurmd
slurmstepd: error: _get_joules_task: can't get info from slurmd
slurmstepd: error: _get_joules_task: can't get info from slurmd
slurmstepd: error: _get_joules_task: can't get info from slurmd
slurmstepd: error: _get_joules_task: can't get info from slurmd
slurmstepd: error: _get_joules_task: can't get info from slurmd
slurmstepd: error: _get_joules_task: can't get info from slurmd
slurmstepd: error: _get_joules_task: can't get info from slurmd
slurmstepd: error: _get_joules_task: can't get info from slurmd
slurmstepd: error: _get_joules_task: can't get info from slurmd
slurmstepd: error: _get_joules_task: can't get info from slurmd
slurmstepd: error: _get_joules_task: can't get info from slurmd
slurmstepd: error: _get_joules_task: can't get info from slurmd
slurmstepd: error: _get_joules_task: can't get info from slurmd
slurmstepd: error: _get_joules_task: can't get info from slurmd
slurmstepd: error: _get_joules_task: can't get info from slurmd
slurmstepd: error: _get_joules_task: can't get info from slurmd
slurmstepd: error: _get_joules_task: can't get info from slurmd
slurmstepd: error: _get_joules_task: can't get info from slurmd
slurmstepd: error: _get_joules_task: can't get info from slurmd
slurmstepd: error: _get_joules_task: can't get info from slurmd
slurmstepd: error: _get_joules_task: can't get info from slurmd
slurmstepd: error: _get_joules_task: can't get info from slurmd
slurmstepd: error: _get_joules_task: can't get info from slurmd
slurmstepd: error: _get_joules_task: can't get info from slurmd
slurmstepd: error: _get_joules_task: can't get info from slurmd
slurmstepd: error: _get_joules_task: can't get info from slurmd
slurmstepd: error: _get_joules_task: can't get info from slurmd
slurmstepd: error: _get_joules_task: can't get info from slurmd
slurmstepd: error: _get_joules_task: can't get info from slurmd
slurmstepd: error: _get_joules_task: can't get info from slurmd
slurmstepd: error: _get_joules_task: can't get info from slurmd
slurmstepd: error: _get_joules_task: can't get info from slurmd
slurmstepd: error: _get_joules_task: can't get info from slurmd
slurmstepd: error: _get_joules_task: can't get info from slurmd
slurmstepd: error: _get_joules_task: can't get info from slurmd
slurmstepd: error: _get_joules_task: can't get info from slurmd
slurmstepd: error: _get_joules_task: can't get info from slurmd
slurmstepd: error: _get_joules_task: can't get info from slurmd
slurmstepd: error: _get_joules_task: can't get info from slurmd
slurmstepd: error: _get_joules_task: can't get info from slurmd
slurmstepd: error: _get_joules_task: can't get info from slurmd
slurmstepd: error: _get_joules_task: can't get info from slurmd
slurmstepd: error: _get_joules_task: can't get info from slurmd
slurmstepd: error: _get_joules_task: can't get info from slurmd
slurmstepd: error: _get_joules_task: can't get info from slurmd
slurmstepd: error: _get_joules_task: can't get info from slurmd
slurmstepd: error: _get_joules_task: can't get info from slurmd
slurmstepd: error: _get_joules_task: can't get info from slurmd
slurmstepd: error: _get_joules_task: can't get info from slurmd
slurmstepd: error: _get_joules_task: can't get info from slurmd
slurmstepd: error: _get_joules_task: can't get info from slurmd
slurmstepd: error: _get_joules_task: can't get info from slurmd
slurmstepd: error: _get_joules_task: can't get info from slurmd
slurmstepd: error: _get_joules_task: can't get info from slurmd
slurmstepd: error: _get_joules_task: can't get info from slurmd
slurmstepd: error: _get_joules_task: can't get info from slurmd
slurmstepd: error: _get_joules_task: can't get info from slurmd
slurmstepd: error: _get_joules_task: can't get info from slurmd
slurmstepd: error: _get_joules_task: can't get info from slurmd
slurmstepd: error: _get_joules_task: can't get info from slurmd
slurmstepd: error: _get_joules_task: can't get info from slurmd
slurmstepd: error: _get_joules_task: can't get info from slurmd
slurmstepd: error: _get_joules_task: can't get info from slurmd
slurmstepd: error: _get_joules_task: can't get info from slurmd
slurmstepd: error: _get_joules_task: can't get info from slurmd
slurmstepd: error: _get_joules_task: can't get info from slurmd
slurmstepd: error: _get_joules_task: can't get info from slurmd
slurmstepd: error: _get_joules_task: can't get info from slurmd
slurmstepd: error: _get_joules_task: can't get info from slurmd
slurmstepd: error: _get_joules_task: can't get info from slurmd
slurmstepd: error: _get_joules_task: can't get info from slurmd
slurmstepd: error: _get_joules_task: can't get info from slurmd
slurmstepd: error: _get_joules_task: can't get info from slurmd
slurmstepd: error: _get_joules_task: can't get info from slurmd
slurmstepd: error: _get_joules_task: can't get info from slurmd
slurmstepd: error: _get_joules_task: can't get info from slurmd
slurmstepd: error: _get_joules_task: can't get info from slurmd
slurmstepd: error: _get_joules_task: can't get info from slurmd
slurmstepd: error: _get_joules_task: can't get info from slurmd
slurmstepd: error: _get_joules_task: can't get info from slurmd
slurmstepd: error: _get_joules_task: can't get info from slurmd
slurmstepd: error: _get_joules_task: can't get info from slurmd
slurmstepd: error: _get_joules_task: can't get info from slurmd
slurmstepd: error: _get_joules_task: can't get info from slurmd
slurmstepd: error: _get_joules_task: can't get info from slurmd
slurmstepd: error: _get_joules_task: can't get info from slurmd
slurmstepd: error: _get_joules_task: can't get info from slurmd
slurmstepd: error: _get_joules_task: can't get info from slurmd
slurmstepd: error: _get_joules_task: can't get info from slurmd
slurmstepd: error: _get_joules_task: can't get info from slurmd
slurmstepd: error: _get_joules_task: can't get info from slurmd
slurmstepd: error: _get_joules_task: can't get info from slurmd
slurmstepd: error: _get_joules_task: can't get info from slurmd
slurmstepd: error: _get_joules_task: can't get info from slurmd
slurmstepd: error: _get_joules_task: can't get info from slurmd
slurmstepd: error: _get_joules_task: can't get info from slurmd
slurmstepd: error: _get_joules_task: can't get info from slurmd
slurmstepd: error: _get_joules_task: can't get info from slurmd
slurmstepd: error: _get_joules_task: can't get info from slurmd
slurmstepd: error: _get_joules_task: can't get info from slurmd
slurmstepd: error: _get_joules_task: can't get info from slurmd
Saving epoch 2...
=> Warning: Some sub-dataset DCT stats not ready yet.
=> Warning: No DCT stats found in ConcatDataset. Skipping...
=> Saved checkpoint to ./checkpoints/DCT_ResNet50_LM123/model_epoch_latest.pth
=> Warning: Some sub-dataset DCT stats not ready yet.
=> Warning: No DCT stats found in ConcatDataset. Skipping...
=> Saved checkpoint to ./checkpoints/DCT_ResNet50_LM123/model_epoch_2.pth
slurmstepd: error: _get_joules_task: can't get info from slurmd
slurmstepd: error: _get_joules_task: can't get info from slurmd
slurmstepd: error: _get_joules_task: can't get info from slurmd
slurmstepd: error: _get_joules_task: can't get info from slurmd
slurmstepd: error: _get_joules_task: can't get info from slurmd
slurmstepd: error: _get_joules_task: can't get info from slurmd
slurmstepd: error: _get_joules_task: can't get info from slurmd
slurmstepd: error: _get_joules_task: can't get info from slurmd
(Val @ epoch 2) acc: 0.541, ap: 0.7226931992151833
=> Warning: Some sub-dataset DCT stats not ready yet.
=> Warning: No DCT stats found in ConcatDataset. Skipping...
=> Saved checkpoint to ./checkpoints/DCT_ResNet50_LM123/model_epoch_epoch_2.pth
EarlyStopping counter: 1 out of 5
slurmstepd: error: _get_joules_task: can't get info from slurmd
slurmstepd: error: _get_joules_task: can't get info from slurmd
slurmstepd: error: _get_joules_task: can't get info from slurmd
slurmstepd: error: _get_joules_task: can't get info from slurmd
slurmstepd: error: _get_joules_task: can't get info from slurmd
slurmstepd: error: _get_joules_task: can't get info from slurmd
slurmstepd: error: _get_joules_task: can't get info from slurmd
slurmstepd: error: _get_joules_task: can't get info from slurmd
slurmstepd: error: _get_joules_task: can't get info from slurmd
slurmstepd: error: _get_joules_task: can't get info from slurmd
slurmstepd: error: _get_joules_task: can't get info from slurmd
slurmstepd: error: _get_joules_task: can't get info from slurmd
slurmstepd: error: _get_joules_task: can't get info from slurmd
slurmstepd: error: _get_joules_task: can't get info from slurmd
slurmstepd: error: _get_joules_task: can't get info from slurmd
slurmstepd: error: _get_joules_task: can't get info from slurmd
slurmstepd: error: _get_joules_task: can't get info from slurmd
slurmstepd: error: _get_joules_task: can't get info from slurmd
slurmstepd: error: _get_joules_task: can't get info from slurmd
slurmstepd: error: _get_joules_task: can't get info from slurmd
slurmstepd: error: _get_joules_task: can't get info from slurmd
slurmstepd: error: _get_joules_task: can't get info from slurmd
slurmstepd: error: _get_joules_task: can't get info from slurmd
slurmstepd: error: _get_joules_task: can't get info from slurmd
slurmstepd: error: _get_joules_task: can't get info from slurmd
slurmstepd: error: _get_joules_task: can't get info from slurmd
slurmstepd: error: _get_joules_task: can't get info from slurmd
slurmstepd: error: _get_joules_task: can't get info from slurmd
slurmstepd: error: _get_joules_task: can't get info from slurmd
slurmstepd: error: _get_joules_task: can't get info from slurmd
slurmstepd: error: _get_joules_task: can't get info from slurmd
slurmstepd: error: _get_joules_task: can't get info from slurmd
slurmstepd: error: _get_joules_task: can't get info from slurmd
slurmstepd: error: _get_joules_task: can't get info from slurmd
slurmstepd: error: _get_joules_task: can't get info from slurmd
slurmstepd: error: _get_joules_task: can't get info from slurmd
slurmstepd: error: _get_joules_task: can't get info from slurmd
slurmstepd: error: _get_joules_task: can't get info from slurmd
slurmstepd: error: _get_joules_task: can't get info from slurmd
slurmstepd: error: _get_joules_task: can't get info from slurmd
slurmstepd: error: _get_joules_task: can't get info from slurmd
slurmstepd: error: _get_joules_task: can't get info from slurmd
slurmstepd: error: _get_joules_task: can't get info from slurmd
slurmstepd: error: _get_joules_task: can't get info from slurmd
slurmstepd: error: _get_joules_task: can't get info from slurmd
slurmstepd: error: _get_joules_task: can't get info from slurmd
slurmstepd: error: _get_joules_task: can't get info from slurmd
slurmstepd: error: _get_joules_task: can't get info from slurmd
slurmstepd: error: _get_joules_task: can't get info from slurmd
slurmstepd: error: _get_joules_task: can't get info from slurmd
slurmstepd: error: _get_joules_task: can't get info from slurmd
slurmstepd: error: _get_joules_task: can't get info from slurmd
slurmstepd: error: _get_joules_task: can't get info from slurmd
slurmstepd: error: _get_joules_task: can't get info from slurmd
slurmstepd: error: _get_joules_task: can't get info from slurmd
slurmstepd: error: _get_joules_task: can't get info from slurmd
slurmstepd: error: _get_joules_task: can't get info from slurmd
slurmstepd: error: _get_joules_task: can't get info from slurmd
slurmstepd: error: _get_joules_task: can't get info from slurmd
slurmstepd: error: _get_joules_task: can't get info from slurmd
slurmstepd: error: _get_joules_task: can't get info from slurmd
slurmstepd: error: _get_joules_task: can't get info from slurmd
slurmstepd: error: _get_joules_task: can't get info from slurmd
slurmstepd: error: _get_joules_task: can't get info from slurmd
slurmstepd: error: _get_joules_task: can't get info from slurmd
slurmstepd: error: _get_joules_task: can't get info from slurmd
slurmstepd: error: _get_joules_task: can't get info from slurmd
slurmstepd: error: _get_joules_task: can't get info from slurmd
slurmstepd: error: _get_joules_task: can't get info from slurmd
slurmstepd: error: _get_joules_task: can't get info from slurmd
slurmstepd: error: _get_joules_task: can't get info from slurmd
slurmstepd: error: _get_joules_task: can't get info from slurmd
slurmstepd: error: _get_joules_task: can't get info from slurmd
slurmstepd: error: _get_joules_task: can't get info from slurmd
slurmstepd: error: _get_joules_task: can't get info from slurmd
slurmstepd: error: _get_joules_task: can't get info from slurmd
slurmstepd: error: _get_joules_task: can't get info from slurmd
slurmstepd: error: _get_joules_task: can't get info from slurmd
slurmstepd: error: _get_joules_task: can't get info from slurmd
slurmstepd: error: _get_joules_task: can't get info from slurmd
slurmstepd: error: _get_joules_task: can't get info from slurmd
slurmstepd: error: _get_joules_task: can't get info from slurmd
slurmstepd: error: _get_joules_task: can't get info from slurmd
slurmstepd: error: _get_joules_task: can't get info from slurmd
slurmstepd: error: _get_joules_task: can't get info from slurmd
slurmstepd: error: _get_joules_task: can't get info from slurmd
slurmstepd: error: _get_joules_task: can't get info from slurmd
slurmstepd: error: _get_joules_task: can't get info from slurmd
slurmstepd: error: _get_joules_task: can't get info from slurmd
slurmstepd: error: _get_joules_task: can't get info from slurmd
slurmstepd: error: _get_joules_task: can't get info from slurmd
slurmstepd: error: _get_joules_task: can't get info from slurmd
slurmstepd: error: _get_joules_task: can't get info from slurmd
slurmstepd: error: _get_joules_task: can't get info from slurmd
slurmstepd: error: _get_joules_task: can't get info from slurmd
slurmstepd: error: _get_joules_task: can't get info from slurmd
slurmstepd: error: _get_joules_task: can't get info from slurmd
slurmstepd: error: _get_joules_task: can't get info from slurmd
slurmstepd: error: _get_joules_task: can't get info from slurmd
slurmstepd: error: _get_joules_task: can't get info from slurmd
slurmstepd: error: _get_joules_task: can't get info from slurmd
slurmstepd: error: _get_joules_task: can't get info from slurmd
slurmstepd: error: _get_joules_task: can't get info from slurmd
slurmstepd: error: _get_joules_task: can't get info from slurmd
slurmstepd: error: _get_joules_task: can't get info from slurmd
slurmstepd: error: _get_joules_task: can't get info from slurmd
slurmstepd: error: _get_joules_task: can't get info from slurmd
slurmstepd: error: _get_joules_task: can't get info from slurmd
slurmstepd: error: _get_joules_task: can't get info from slurmd
slurmstepd: error: _get_joules_task: can't get info from slurmd
slurmstepd: error: _get_joules_task: can't get info from slurmd
slurmstepd: error: _get_joules_task: can't get info from slurmd
slurmstepd: error: _get_joules_task: can't get info from slurmd
slurmstepd: error: _get_joules_task: can't get info from slurmd
slurmstepd: error: _get_joules_task: can't get info from slurmd
slurmstepd: error: _get_joules_task: can't get info from slurmd
slurmstepd: error: _get_joules_task: can't get info from slurmd
slurmstepd: error: _get_joules_task: can't get info from slurmd
slurmstepd: error: _get_joules_task: can't get info from slurmd
slurmstepd: error: _get_joules_task: can't get info from slurmd
slurmstepd: error: _get_joules_task: can't get info from slurmd
slurmstepd: error: _get_joules_task: can't get info from slurmd
slurmstepd: error: _get_joules_task: can't get info from slurmd
slurmstepd: error: _get_joules_task: can't get info from slurmd
slurmstepd: error: _get_joules_task: can't get info from slurmd
slurmstepd: error: _get_joules_task: can't get info from slurmd
slurmstepd: error: _get_joules_task: can't get info from slurmd
slurmstepd: error: _get_joules_task: can't get info from slurmd
slurmstepd: error: _get_joules_task: can't get info from slurmd
slurmstepd: error: _get_joules_task: can't get info from slurmd
slurmstepd: error: _get_joules_task: can't get info from slurmd
slurmstepd: error: _get_joules_task: can't get info from slurmd
slurmstepd: error: _get_joules_task: can't get info from slurmd
slurmstepd: error: _get_joules_task: can't get info from slurmd
slurmstepd: error: _get_joules_task: can't get info from slurmd
slurmstepd: error: _get_joules_task: can't get info from slurmd
slurmstepd: error: _get_joules_task: can't get info from slurmd
slurmstepd: error: _get_joules_task: can't get info from slurmd
slurmstepd: error: _get_joules_task: can't get info from slurmd
slurmstepd: error: _get_joules_task: can't get info from slurmd
slurmstepd: error: _get_joules_task: can't get info from slurmd
slurmstepd: error: _get_joules_task: can't get info from slurmd
slurmstepd: error: _get_joules_task: can't get info from slurmd
slurmstepd: error: _get_joules_task: can't get info from slurmd
slurmstepd: error: _get_joules_task: can't get info from slurmd
slurmstepd: error: _get_joules_task: can't get info from slurmd
slurmstepd: error: _get_joules_task: can't get info from slurmd
slurmstepd: error: _get_joules_task: can't get info from slurmd
slurmstepd: error: _get_joules_task: can't get info from slurmd
slurmstepd: error: _get_joules_task: can't get info from slurmd
slurmstepd: error: _get_joules_task: can't get info from slurmd
slurmstepd: error: _get_joules_task: can't get info from slurmd
slurmstepd: error: _get_joules_task: can't get info from slurmd
slurmstepd: error: _get_joules_task: can't get info from slurmd
slurmstepd: error: _get_joules_task: can't get info from slurmd
slurmstepd: error: _get_joules_task: can't get info from slurmd
slurmstepd: error: _get_joules_task: can't get info from slurmd
slurmstepd: error: _get_joules_task: can't get info from slurmd
slurmstepd: error: _get_joules_task: can't get info from slurmd
slurmstepd: error: _get_joules_task: can't get info from slurmd
slurmstepd: error: _get_joules_task: can't get info from slurmd
slurmstepd: error: _get_joules_task: can't get info from slurmd
slurmstepd: error: _get_joules_task: can't get info from slurmd
slurmstepd: error: _get_joules_task: can't get info from slurmd
slurmstepd: error: _get_joules_task: can't get info from slurmd
slurmstepd: error: _get_joules_task: can't get info from slurmd
slurmstepd: error: _get_joules_task: can't get info from slurmd
slurmstepd: error: _get_joules_task: can't get info from slurmd
slurmstepd: error: _get_joules_task: can't get info from slurmd
slurmstepd: error: _get_joules_task: can't get info from slurmd
slurmstepd: error: _get_joules_task: can't get info from slurmd
slurmstepd: error: _get_joules_task: can't get info from slurmd
slurmstepd: error: _get_joules_task: can't get info from slurmd
slurmstepd: error: _get_joules_task: can't get info from slurmd
slurmstepd: error: _get_joules_task: can't get info from slurmd
slurmstepd: error: _get_joules_task: can't get info from slurmd
slurmstepd: error: _get_joules_task: can't get info from slurmd
slurmstepd: error: _get_joules_task: can't get info from slurmd
slurmstepd: error: _get_joules_task: can't get info from slurmd
slurmstepd: error: _get_joules_task: can't get info from slurmd
slurmstepd: error: _get_joules_task: can't get info from slurmd
slurmstepd: error: _get_joules_task: can't get info from slurmd
slurmstepd: error: _get_joules_task: can't get info from slurmd
slurmstepd: error: _get_joules_task: can't get info from slurmd
slurmstepd: error: _get_joules_task: can't get info from slurmd
slurmstepd: error: _get_joules_task: can't get info from slurmd
slurmstepd: error: _get_joules_task: can't get info from slurmd
slurmstepd: error: _get_joules_task: can't get info from slurmd
slurmstepd: error: _get_joules_task: can't get info from slurmd
slurmstepd: error: _get_joules_task: can't get info from slurmd
slurmstepd: error: _get_joules_task: can't get info from slurmd
slurmstepd: error: _get_joules_task: can't get info from slurmd
slurmstepd: error: _get_joules_task: can't get info from slurmd
Train loss: 0.02528000809252262 at step: 800
Saving epoch 3...
=> Warning: Some sub-dataset DCT stats not ready yet.
=> Warning: No DCT stats found in ConcatDataset. Skipping...
=> Saved checkpoint to ./checkpoints/DCT_ResNet50_LM123/model_epoch_latest.pth
=> Warning: Some sub-dataset DCT stats not ready yet.
=> Warning: No DCT stats found in ConcatDataset. Skipping...
=> Saved checkpoint to ./checkpoints/DCT_ResNet50_LM123/model_epoch_3.pth
slurmstepd: error: _get_joules_task: can't get info from slurmd
slurmstepd: error: _get_joules_task: can't get info from slurmd
slurmstepd: error: _get_joules_task: can't get info from slurmd
slurmstepd: error: _get_joules_task: can't get info from slurmd
slurmstepd: error: _get_joules_task: can't get info from slurmd
slurmstepd: error: _get_joules_task: can't get info from slurmd
slurmstepd: error: _get_joules_task: can't get info from slurmd
slurmstepd: error: _get_joules_task: can't get info from slurmd
(Val @ epoch 3) acc: 0.758, ap: 0.8297830831335381
=> Warning: Some sub-dataset DCT stats not ready yet.
=> Warning: No DCT stats found in ConcatDataset. Skipping...
=> Saved checkpoint to ./checkpoints/DCT_ResNet50_LM123/model_epoch_epoch_3.pth
Validation accuracy increased (0.729000 --> 0.758000).  Saving model ...
=> Warning: Some sub-dataset DCT stats not ready yet.
=> Warning: No DCT stats found in ConcatDataset. Skipping...
=> Saved checkpoint to ./checkpoints/DCT_ResNet50_LM123/model_epoch_best.pth
slurmstepd: error: _get_joules_task: can't get info from slurmd
slurmstepd: error: _get_joules_task: can't get info from slurmd
slurmstepd: error: _get_joules_task: can't get info from slurmd
slurmstepd: error: _get_joules_task: can't get info from slurmd
slurmstepd: error: _get_joules_task: can't get info from slurmd
slurmstepd: error: _get_joules_task: can't get info from slurmd
slurmstepd: error: _get_joules_task: can't get info from slurmd
slurmstepd: error: _get_joules_task: can't get info from slurmd
slurmstepd: error: _get_joules_task: can't get info from slurmd
slurmstepd: error: _get_joules_task: can't get info from slurmd
slurmstepd: error: _get_joules_task: can't get info from slurmd
slurmstepd: error: _get_joules_task: can't get info from slurmd
slurmstepd: error: _get_joules_task: can't get info from slurmd
slurmstepd: error: _get_joules_task: can't get info from slurmd
slurmstepd: error: _get_joules_task: can't get info from slurmd
slurmstepd: error: _get_joules_task: can't get info from slurmd
slurmstepd: error: _get_joules_task: can't get info from slurmd
slurmstepd: error: _get_joules_task: can't get info from slurmd
slurmstepd: error: _get_joules_task: can't get info from slurmd
slurmstepd: error: _get_joules_task: can't get info from slurmd
slurmstepd: error: _get_joules_task: can't get info from slurmd
slurmstepd: error: _get_joules_task: can't get info from slurmd
slurmstepd: error: _get_joules_task: can't get info from slurmd
slurmstepd: error: _get_joules_task: can't get info from slurmd
slurmstepd: error: _get_joules_task: can't get info from slurmd
slurmstepd: error: _get_joules_task: can't get info from slurmd
slurmstepd: error: _get_joules_task: can't get info from slurmd
slurmstepd: error: _get_joules_task: can't get info from slurmd
slurmstepd: error: _get_joules_task: can't get info from slurmd
slurmstepd: error: _get_joules_task: can't get info from slurmd
slurmstepd: error: _get_joules_task: can't get info from slurmd
slurmstepd: error: _get_joules_task: can't get info from slurmd
slurmstepd: error: _get_joules_task: can't get info from slurmd
slurmstepd: error: _get_joules_task: can't get info from slurmd
slurmstepd: error: _get_joules_task: can't get info from slurmd
slurmstepd: error: _get_joules_task: can't get info from slurmd
slurmstepd: error: _get_joules_task: can't get info from slurmd
slurmstepd: error: _get_joules_task: can't get info from slurmd
slurmstepd: error: _get_joules_task: can't get info from slurmd
slurmstepd: error: _get_joules_task: can't get info from slurmd
slurmstepd: error: _get_joules_task: can't get info from slurmd
slurmstepd: error: _get_joules_task: can't get info from slurmd
slurmstepd: error: _get_joules_task: can't get info from slurmd
slurmstepd: error: _get_joules_task: can't get info from slurmd
slurmstepd: error: _get_joules_task: can't get info from slurmd
slurmstepd: error: _get_joules_task: can't get info from slurmd
slurmstepd: error: _get_joules_task: can't get info from slurmd
slurmstepd: error: _get_joules_task: can't get info from slurmd
slurmstepd: error: _get_joules_task: can't get info from slurmd
slurmstepd: error: _get_joules_task: can't get info from slurmd
slurmstepd: error: _get_joules_task: can't get info from slurmd
slurmstepd: error: _get_joules_task: can't get info from slurmd
slurmstepd: error: _get_joules_task: can't get info from slurmd
slurmstepd: error: _get_joules_task: can't get info from slurmd
slurmstepd: error: _get_joules_task: can't get info from slurmd
slurmstepd: error: _get_joules_task: can't get info from slurmd
slurmstepd: error: _get_joules_task: can't get info from slurmd
slurmstepd: error: _get_joules_task: can't get info from slurmd
slurmstepd: error: _get_joules_task: can't get info from slurmd
slurmstepd: error: _get_joules_task: can't get info from slurmd
slurmstepd: error: _get_joules_task: can't get info from slurmd
slurmstepd: error: _get_joules_task: can't get info from slurmd
slurmstepd: error: _get_joules_task: can't get info from slurmd
slurmstepd: error: _get_joules_task: can't get info from slurmd
slurmstepd: error: _get_joules_task: can't get info from slurmd
slurmstepd: error: _get_joules_task: can't get info from slurmd
slurmstepd: error: _get_joules_task: can't get info from slurmd
slurmstepd: error: _get_joules_task: can't get info from slurmd
slurmstepd: error: _get_joules_task: can't get info from slurmd
slurmstepd: error: _get_joules_task: can't get info from slurmd
slurmstepd: error: _get_joules_task: can't get info from slurmd
slurmstepd: error: _get_joules_task: can't get info from slurmd
slurmstepd: error: _get_joules_task: can't get info from slurmd
slurmstepd: error: _get_joules_task: can't get info from slurmd
slurmstepd: error: _get_joules_task: can't get info from slurmd
slurmstepd: error: _get_joules_task: can't get info from slurmd
slurmstepd: error: _get_joules_task: can't get info from slurmd
slurmstepd: error: _get_joules_task: can't get info from slurmd
slurmstepd: error: _get_joules_task: can't get info from slurmd
slurmstepd: error: _get_joules_task: can't get info from slurmd
slurmstepd: error: _get_joules_task: can't get info from slurmd
slurmstepd: error: _get_joules_task: can't get info from slurmd
slurmstepd: error: _get_joules_task: can't get info from slurmd
slurmstepd: error: _get_joules_task: can't get info from slurmd
slurmstepd: error: _get_joules_task: can't get info from slurmd
slurmstepd: error: _get_joules_task: can't get info from slurmd
slurmstepd: error: _get_joules_task: can't get info from slurmd
slurmstepd: error: _get_joules_task: can't get info from slurmd
slurmstepd: error: _get_joules_task: can't get info from slurmd
slurmstepd: error: _get_joules_task: can't get info from slurmd
slurmstepd: error: _get_joules_task: can't get info from slurmd
slurmstepd: error: _get_joules_task: can't get info from slurmd
slurmstepd: error: _get_joules_task: can't get info from slurmd
slurmstepd: error: _get_joules_task: can't get info from slurmd
slurmstepd: error: _get_joules_task: can't get info from slurmd
slurmstepd: error: _get_joules_task: can't get info from slurmd
slurmstepd: error: _get_joules_task: can't get info from slurmd
slurmstepd: error: _get_joules_task: can't get info from slurmd
slurmstepd: error: _get_joules_task: can't get info from slurmd
slurmstepd: error: _get_joules_task: can't get info from slurmd
slurmstepd: error: _get_joules_task: can't get info from slurmd
slurmstepd: error: _get_joules_task: can't get info from slurmd
slurmstepd: error: _get_joules_task: can't get info from slurmd
slurmstepd: error: _get_joules_task: can't get info from slurmd
slurmstepd: error: _get_joules_task: can't get info from slurmd
slurmstepd: error: _get_joules_task: can't get info from slurmd
slurmstepd: error: _get_joules_task: can't get info from slurmd
slurmstepd: error: _get_joules_task: can't get info from slurmd
slurmstepd: error: _get_joules_task: can't get info from slurmd
slurmstepd: error: _get_joules_task: can't get info from slurmd
slurmstepd: error: _get_joules_task: can't get info from slurmd
slurmstepd: error: _get_joules_task: can't get info from slurmd
slurmstepd: error: _get_joules_task: can't get info from slurmd
slurmstepd: error: _get_joules_task: can't get info from slurmd
slurmstepd: error: _get_joules_task: can't get info from slurmd
slurmstepd: error: _get_joules_task: can't get info from slurmd
slurmstepd: error: _get_joules_task: can't get info from slurmd
slurmstepd: error: _get_joules_task: can't get info from slurmd
slurmstepd: error: _get_joules_task: can't get info from slurmd
slurmstepd: error: _get_joules_task: can't get info from slurmd
slurmstepd: error: _get_joules_task: can't get info from slurmd
slurmstepd: error: _get_joules_task: can't get info from slurmd
slurmstepd: error: _get_joules_task: can't get info from slurmd
slurmstepd: error: _get_joules_task: can't get info from slurmd
slurmstepd: error: _get_joules_task: can't get info from slurmd
slurmstepd: error: _get_joules_task: can't get info from slurmd
slurmstepd: error: _get_joules_task: can't get info from slurmd
slurmstepd: error: _get_joules_task: can't get info from slurmd
slurmstepd: error: _get_joules_task: can't get info from slurmd
slurmstepd: error: _get_joules_task: can't get info from slurmd
slurmstepd: error: _get_joules_task: can't get info from slurmd
slurmstepd: error: _get_joules_task: can't get info from slurmd
slurmstepd: error: _get_joules_task: can't get info from slurmd
slurmstepd: error: _get_joules_task: can't get info from slurmd
slurmstepd: error: _get_joules_task: can't get info from slurmd
slurmstepd: error: _get_joules_task: can't get info from slurmd
slurmstepd: error: _get_joules_task: can't get info from slurmd
slurmstepd: error: _get_joules_task: can't get info from slurmd
slurmstepd: error: _get_joules_task: can't get info from slurmd
slurmstepd: error: _get_joules_task: can't get info from slurmd
slurmstepd: error: _get_joules_task: can't get info from slurmd
slurmstepd: error: _get_joules_task: can't get info from slurmd
slurmstepd: error: _get_joules_task: can't get info from slurmd
slurmstepd: error: _get_joules_task: can't get info from slurmd
slurmstepd: error: _get_joules_task: can't get info from slurmd
slurmstepd: error: _get_joules_task: can't get info from slurmd
slurmstepd: error: _get_joules_task: can't get info from slurmd
slurmstepd: error: _get_joules_task: can't get info from slurmd
slurmstepd: error: _get_joules_task: can't get info from slurmd
slurmstepd: error: _get_joules_task: can't get info from slurmd
slurmstepd: error: _get_joules_task: can't get info from slurmd
slurmstepd: error: _get_joules_task: can't get info from slurmd
slurmstepd: error: _get_joules_task: can't get info from slurmd
slurmstepd: error: _get_joules_task: can't get info from slurmd
slurmstepd: error: _get_joules_task: can't get info from slurmd
slurmstepd: error: _get_joules_task: can't get info from slurmd
slurmstepd: error: _get_joules_task: can't get info from slurmd
slurmstepd: error: _get_joules_task: can't get info from slurmd
slurmstepd: error: _get_joules_task: can't get info from slurmd
slurmstepd: error: _get_joules_task: can't get info from slurmd
slurmstepd: error: _get_joules_task: can't get info from slurmd
slurmstepd: error: _get_joules_task: can't get info from slurmd
slurmstepd: error: _get_joules_task: can't get info from slurmd
slurmstepd: error: _get_joules_task: can't get info from slurmd
slurmstepd: error: _get_joules_task: can't get info from slurmd
slurmstepd: error: _get_joules_task: can't get info from slurmd
slurmstepd: error: _get_joules_task: can't get info from slurmd
slurmstepd: error: _get_joules_task: can't get info from slurmd
slurmstepd: error: _get_joules_task: can't get info from slurmd
slurmstepd: error: _get_joules_task: can't get info from slurmd
slurmstepd: error: _get_joules_task: can't get info from slurmd
slurmstepd: error: _get_joules_task: can't get info from slurmd
slurmstepd: error: _get_joules_task: can't get info from slurmd
slurmstepd: error: _get_joules_task: can't get info from slurmd
slurmstepd: error: _get_joules_task: can't get info from slurmd
slurmstepd: error: _get_joules_task: can't get info from slurmd
slurmstepd: error: _get_joules_task: can't get info from slurmd
slurmstepd: error: _get_joules_task: can't get info from slurmd
slurmstepd: error: _get_joules_task: can't get info from slurmd
slurmstepd: error: _get_joules_task: can't get info from slurmd
slurmstepd: error: _get_joules_task: can't get info from slurmd
slurmstepd: error: _get_joules_task: can't get info from slurmd
slurmstepd: error: _get_joules_task: can't get info from slurmd
slurmstepd: error: _get_joules_task: can't get info from slurmd
slurmstepd: error: _get_joules_task: can't get info from slurmd
slurmstepd: error: _get_joules_task: can't get info from slurmd
slurmstepd: error: _get_joules_task: can't get info from slurmd
slurmstepd: error: _get_joules_task: can't get info from slurmd
Train loss: 0.027795536443591118 at step: 1200
Saving epoch 4...
=> Warning: Some sub-dataset DCT stats not ready yet.
=> Warning: No DCT stats found in ConcatDataset. Skipping...
=> Saved checkpoint to ./checkpoints/DCT_ResNet50_LM123/model_epoch_latest.pth
=> Warning: Some sub-dataset DCT stats not ready yet.
=> Warning: No DCT stats found in ConcatDataset. Skipping...
=> Saved checkpoint to ./checkpoints/DCT_ResNet50_LM123/model_epoch_4.pth
slurmstepd: error: _get_joules_task: can't get info from slurmd
slurmstepd: error: _get_joules_task: can't get info from slurmd
slurmstepd: error: _get_joules_task: can't get info from slurmd
slurmstepd: error: _get_joules_task: can't get info from slurmd
slurmstepd: error: _get_joules_task: can't get info from slurmd
slurmstepd: error: _get_joules_task: can't get info from slurmd
slurmstepd: error: _get_joules_task: can't get info from slurmd
(Val @ epoch 4) acc: 0.5405, ap: 0.687524351021103
=> Warning: Some sub-dataset DCT stats not ready yet.
=> Warning: No DCT stats found in ConcatDataset. Skipping...
=> Saved checkpoint to ./checkpoints/DCT_ResNet50_LM123/model_epoch_epoch_4.pth
EarlyStopping counter: 1 out of 5
slurmstepd: error: _get_joules_task: can't get info from slurmd
slurmstepd: error: _get_joules_task: can't get info from slurmd
slurmstepd: error: _get_joules_task: can't get info from slurmd
slurmstepd: error: _get_joules_task: can't get info from slurmd
slurmstepd: error: _get_joules_task: can't get info from slurmd
slurmstepd: error: _get_joules_task: can't get info from slurmd
slurmstepd: error: _get_joules_task: can't get info from slurmd
slurmstepd: error: _get_joules_task: can't get info from slurmd
slurmstepd: error: _get_joules_task: can't get info from slurmd
slurmstepd: error: _get_joules_task: can't get info from slurmd
slurmstepd: error: _get_joules_task: can't get info from slurmd
slurmstepd: error: _get_joules_task: can't get info from slurmd
slurmstepd: error: _get_joules_task: can't get info from slurmd
slurmstepd: error: _get_joules_task: can't get info from slurmd
slurmstepd: error: _get_joules_task: can't get info from slurmd
slurmstepd: error: _get_joules_task: can't get info from slurmd
slurmstepd: error: _get_joules_task: can't get info from slurmd
slurmstepd: error: _get_joules_task: can't get info from slurmd
slurmstepd: error: _get_joules_task: can't get info from slurmd
slurmstepd: error: _get_joules_task: can't get info from slurmd
slurmstepd: error: _get_joules_task: can't get info from slurmd
slurmstepd: error: _get_joules_task: can't get info from slurmd
slurmstepd: error: _get_joules_task: can't get info from slurmd
slurmstepd: error: _get_joules_task: can't get info from slurmd
slurmstepd: error: _get_joules_task: can't get info from slurmd
slurmstepd: error: _get_joules_task: can't get info from slurmd
slurmstepd: error: _get_joules_task: can't get info from slurmd
slurmstepd: error: _get_joules_task: can't get info from slurmd
slurmstepd: error: _get_joules_task: can't get info from slurmd
slurmstepd: error: _get_joules_task: can't get info from slurmd
slurmstepd: error: _get_joules_task: can't get info from slurmd
slurmstepd: error: _get_joules_task: can't get info from slurmd
slurmstepd: error: _get_joules_task: can't get info from slurmd
slurmstepd: error: _get_joules_task: can't get info from slurmd
slurmstepd: error: _get_joules_task: can't get info from slurmd
slurmstepd: error: _get_joules_task: can't get info from slurmd
slurmstepd: error: _get_joules_task: can't get info from slurmd
slurmstepd: error: _get_joules_task: can't get info from slurmd
slurmstepd: error: _get_joules_task: can't get info from slurmd
slurmstepd: error: _get_joules_task: can't get info from slurmd
slurmstepd: error: _get_joules_task: can't get info from slurmd
slurmstepd: error: _get_joules_task: can't get info from slurmd
slurmstepd: error: _get_joules_task: can't get info from slurmd
slurmstepd: error: _get_joules_task: can't get info from slurmd
slurmstepd: error: _get_joules_task: can't get info from slurmd
slurmstepd: error: _get_joules_task: can't get info from slurmd
slurmstepd: error: _get_joules_task: can't get info from slurmd
slurmstepd: error: _get_joules_task: can't get info from slurmd
slurmstepd: error: _get_joules_task: can't get info from slurmd
slurmstepd: error: _get_joules_task: can't get info from slurmd
slurmstepd: error: _get_joules_task: can't get info from slurmd
slurmstepd: error: _get_joules_task: can't get info from slurmd
slurmstepd: error: _get_joules_task: can't get info from slurmd
slurmstepd: error: _get_joules_task: can't get info from slurmd
slurmstepd: error: _get_joules_task: can't get info from slurmd
slurmstepd: error: _get_joules_task: can't get info from slurmd
slurmstepd: error: _get_joules_task: can't get info from slurmd
slurmstepd: error: _get_joules_task: can't get info from slurmd
slurmstepd: error: _get_joules_task: can't get info from slurmd
slurmstepd: error: _get_joules_task: can't get info from slurmd
slurmstepd: error: _get_joules_task: can't get info from slurmd
slurmstepd: error: _get_joules_task: can't get info from slurmd
slurmstepd: error: _get_joules_task: can't get info from slurmd
slurmstepd: error: _get_joules_task: can't get info from slurmd
slurmstepd: error: _get_joules_task: can't get info from slurmd
slurmstepd: error: _get_joules_task: can't get info from slurmd
slurmstepd: error: _get_joules_task: can't get info from slurmd
slurmstepd: error: _get_joules_task: can't get info from slurmd
slurmstepd: error: _get_joules_task: can't get info from slurmd
slurmstepd: error: _get_joules_task: can't get info from slurmd
slurmstepd: error: _get_joules_task: can't get info from slurmd
slurmstepd: error: _get_joules_task: can't get info from slurmd
slurmstepd: error: _get_joules_task: can't get info from slurmd
slurmstepd: error: _get_joules_task: can't get info from slurmd
slurmstepd: error: _get_joules_task: can't get info from slurmd
slurmstepd: error: _get_joules_task: can't get info from slurmd
slurmstepd: error: _get_joules_task: can't get info from slurmd
slurmstepd: error: _get_joules_task: can't get info from slurmd
slurmstepd: error: _get_joules_task: can't get info from slurmd
slurmstepd: error: _get_joules_task: can't get info from slurmd
slurmstepd: error: _get_joules_task: can't get info from slurmd
slurmstepd: error: _get_joules_task: can't get info from slurmd
slurmstepd: error: _get_joules_task: can't get info from slurmd
slurmstepd: error: _get_joules_task: can't get info from slurmd
slurmstepd: error: _get_joules_task: can't get info from slurmd
slurmstepd: error: _get_joules_task: can't get info from slurmd
slurmstepd: error: _get_joules_task: can't get info from slurmd
slurmstepd: error: _get_joules_task: can't get info from slurmd
slurmstepd: error: _get_joules_task: can't get info from slurmd
slurmstepd: error: _get_joules_task: can't get info from slurmd
slurmstepd: error: _get_joules_task: can't get info from slurmd
slurmstepd: error: _get_joules_task: can't get info from slurmd
slurmstepd: error: _get_joules_task: can't get info from slurmd
slurmstepd: error: _get_joules_task: can't get info from slurmd
slurmstepd: error: _get_joules_task: can't get info from slurmd
slurmstepd: error: _get_joules_task: can't get info from slurmd
slurmstepd: error: _get_joules_task: can't get info from slurmd
slurmstepd: error: _get_joules_task: can't get info from slurmd
slurmstepd: error: _get_joules_task: can't get info from slurmd
slurmstepd: error: _get_joules_task: can't get info from slurmd
slurmstepd: error: _get_joules_task: can't get info from slurmd
slurmstepd: error: _get_joules_task: can't get info from slurmd
slurmstepd: error: _get_joules_task: can't get info from slurmd
slurmstepd: error: _get_joules_task: can't get info from slurmd
slurmstepd: error: _get_joules_task: can't get info from slurmd
slurmstepd: error: _get_joules_task: can't get info from slurmd
slurmstepd: error: _get_joules_task: can't get info from slurmd
slurmstepd: error: _get_joules_task: can't get info from slurmd
slurmstepd: error: _get_joules_task: can't get info from slurmd
slurmstepd: error: _get_joules_task: can't get info from slurmd
slurmstepd: error: _get_joules_task: can't get info from slurmd
slurmstepd: error: _get_joules_task: can't get info from slurmd
slurmstepd: error: _get_joules_task: can't get info from slurmd
slurmstepd: error: _get_joules_task: can't get info from slurmd
slurmstepd: error: _get_joules_task: can't get info from slurmd
slurmstepd: error: _get_joules_task: can't get info from slurmd
slurmstepd: error: _get_joules_task: can't get info from slurmd
slurmstepd: error: _get_joules_task: can't get info from slurmd
slurmstepd: error: _get_joules_task: can't get info from slurmd
slurmstepd: error: _get_joules_task: can't get info from slurmd
slurmstepd: error: _get_joules_task: can't get info from slurmd
slurmstepd: error: _get_joules_task: can't get info from slurmd
slurmstepd: error: _get_joules_task: can't get info from slurmd
slurmstepd: error: _get_joules_task: can't get info from slurmd
slurmstepd: error: _get_joules_task: can't get info from slurmd
slurmstepd: error: _get_joules_task: can't get info from slurmd
slurmstepd: error: _get_joules_task: can't get info from slurmd
slurmstepd: error: _get_joules_task: can't get info from slurmd
slurmstepd: error: _get_joules_task: can't get info from slurmd
slurmstepd: error: _get_joules_task: can't get info from slurmd
slurmstepd: error: _get_joules_task: can't get info from slurmd
slurmstepd: error: _get_joules_task: can't get info from slurmd
slurmstepd: error: _get_joules_task: can't get info from slurmd
slurmstepd: error: _get_joules_task: can't get info from slurmd
slurmstepd: error: _get_joules_task: can't get info from slurmd
slurmstepd: error: _get_joules_task: can't get info from slurmd
slurmstepd: error: _get_joules_task: can't get info from slurmd
slurmstepd: error: _get_joules_task: can't get info from slurmd
slurmstepd: error: _get_joules_task: can't get info from slurmd
slurmstepd: error: _get_joules_task: can't get info from slurmd
slurmstepd: error: _get_joules_task: can't get info from slurmd
slurmstepd: error: _get_joules_task: can't get info from slurmd
slurmstepd: error: _get_joules_task: can't get info from slurmd
slurmstepd: error: _get_joules_task: can't get info from slurmd
slurmstepd: error: _get_joules_task: can't get info from slurmd
slurmstepd: error: _get_joules_task: can't get info from slurmd
slurmstepd: error: _get_joules_task: can't get info from slurmd
slurmstepd: error: _get_joules_task: can't get info from slurmd
slurmstepd: error: _get_joules_task: can't get info from slurmd
slurmstepd: error: _get_joules_task: can't get info from slurmd
slurmstepd: error: _get_joules_task: can't get info from slurmd
slurmstepd: error: _get_joules_task: can't get info from slurmd
slurmstepd: error: _get_joules_task: can't get info from slurmd
slurmstepd: error: _get_joules_task: can't get info from slurmd
slurmstepd: error: _get_joules_task: can't get info from slurmd
slurmstepd: error: _get_joules_task: can't get info from slurmd
slurmstepd: error: _get_joules_task: can't get info from slurmd
slurmstepd: error: _get_joules_task: can't get info from slurmd
slurmstepd: error: _get_joules_task: can't get info from slurmd
slurmstepd: error: _get_joules_task: can't get info from slurmd
slurmstepd: error: _get_joules_task: can't get info from slurmd
slurmstepd: error: _get_joules_task: can't get info from slurmd
slurmstepd: error: _get_joules_task: can't get info from slurmd
slurmstepd: error: _get_joules_task: can't get info from slurmd
slurmstepd: error: _get_joules_task: can't get info from slurmd
slurmstepd: error: _get_joules_task: can't get info from slurmd
slurmstepd: error: _get_joules_task: can't get info from slurmd
slurmstepd: error: _get_joules_task: can't get info from slurmd
slurmstepd: error: _get_joules_task: can't get info from slurmd
slurmstepd: error: _get_joules_task: can't get info from slurmd
slurmstepd: error: _get_joules_task: can't get info from slurmd
slurmstepd: error: _get_joules_task: can't get info from slurmd
slurmstepd: error: _get_joules_task: can't get info from slurmd
slurmstepd: error: _get_joules_task: can't get info from slurmd
slurmstepd: error: _get_joules_task: can't get info from slurmd
slurmstepd: error: _get_joules_task: can't get info from slurmd
slurmstepd: error: _get_joules_task: can't get info from slurmd
slurmstepd: error: _get_joules_task: can't get info from slurmd
slurmstepd: error: _get_joules_task: can't get info from slurmd
slurmstepd: error: _get_joules_task: can't get info from slurmd
slurmstepd: error: _get_joules_task: can't get info from slurmd
slurmstepd: error: _get_joules_task: can't get info from slurmd
slurmstepd: error: _get_joules_task: can't get info from slurmd
slurmstepd: error: _get_joules_task: can't get info from slurmd
slurmstepd: error: _get_joules_task: can't get info from slurmd
slurmstepd: error: _get_joules_task: can't get info from slurmd
slurmstepd: error: _get_joules_task: can't get info from slurmd
slurmstepd: error: _get_joules_task: can't get info from slurmd
slurmstepd: error: _get_joules_task: can't get info from slurmd
slurmstepd: error: _get_joules_task: can't get info from slurmd
Saving epoch 5...
=> Warning: Some sub-dataset DCT stats not ready yet.
=> Warning: No DCT stats found in ConcatDataset. Skipping...
=> Saved checkpoint to ./checkpoints/DCT_ResNet50_LM123/model_epoch_latest.pth
=> Warning: Some sub-dataset DCT stats not ready yet.
=> Warning: No DCT stats found in ConcatDataset. Skipping...
=> Saved checkpoint to ./checkpoints/DCT_ResNet50_LM123/model_epoch_5.pth
slurmstepd: error: _get_joules_task: can't get info from slurmd
slurmstepd: error: _get_joules_task: can't get info from slurmd
slurmstepd: error: _get_joules_task: can't get info from slurmd
slurmstepd: error: _get_joules_task: can't get info from slurmd
slurmstepd: error: _get_joules_task: can't get info from slurmd
slurmstepd: error: _get_joules_task: can't get info from slurmd
slurmstepd: error: _get_joules_task: can't get info from slurmd
slurmstepd: error: _get_joules_task: can't get info from slurmd
(Val @ epoch 5) acc: 0.501, ap: 0.5307084420289028
=> Warning: Some sub-dataset DCT stats not ready yet.
=> Warning: No DCT stats found in ConcatDataset. Skipping...
=> Saved checkpoint to ./checkpoints/DCT_ResNet50_LM123/model_epoch_epoch_5.pth
EarlyStopping counter: 2 out of 5
slurmstepd: error: _get_joules_task: can't get info from slurmd
slurmstepd: error: _get_joules_task: can't get info from slurmd
slurmstepd: error: _get_joules_task: can't get info from slurmd
slurmstepd: error: _get_joules_task: can't get info from slurmd
slurmstepd: error: _get_joules_task: can't get info from slurmd
slurmstepd: error: _get_joules_task: can't get info from slurmd
slurmstepd: error: _get_joules_task: can't get info from slurmd
slurmstepd: error: _get_joules_task: can't get info from slurmd
slurmstepd: error: _get_joules_task: can't get info from slurmd
slurmstepd: error: _get_joules_task: can't get info from slurmd
slurmstepd: error: _get_joules_task: can't get info from slurmd
slurmstepd: error: _get_joules_task: can't get info from slurmd
slurmstepd: error: _get_joules_task: can't get info from slurmd
slurmstepd: error: _get_joules_task: can't get info from slurmd
slurmstepd: error: _get_joules_task: can't get info from slurmd
slurmstepd: error: _get_joules_task: can't get info from slurmd
slurmstepd: error: _get_joules_task: can't get info from slurmd
slurmstepd: error: _get_joules_task: can't get info from slurmd
slurmstepd: error: _get_joules_task: can't get info from slurmd
slurmstepd: error: _get_joules_task: can't get info from slurmd
slurmstepd: error: _get_joules_task: can't get info from slurmd
slurmstepd: error: _get_joules_task: can't get info from slurmd
slurmstepd: error: _get_joules_task: can't get info from slurmd
slurmstepd: error: _get_joules_task: can't get info from slurmd
slurmstepd: error: _get_joules_task: can't get info from slurmd
slurmstepd: error: _get_joules_task: can't get info from slurmd
slurmstepd: error: _get_joules_task: can't get info from slurmd
slurmstepd: error: _get_joules_task: can't get info from slurmd
slurmstepd: error: _get_joules_task: can't get info from slurmd
slurmstepd: error: _get_joules_task: can't get info from slurmd
slurmstepd: error: _get_joules_task: can't get info from slurmd
slurmstepd: error: _get_joules_task: can't get info from slurmd
slurmstepd: error: _get_joules_task: can't get info from slurmd
slurmstepd: error: _get_joules_task: can't get info from slurmd
slurmstepd: error: _get_joules_task: can't get info from slurmd
slurmstepd: error: _get_joules_task: can't get info from slurmd
slurmstepd: error: _get_joules_task: can't get info from slurmd
slurmstepd: error: _get_joules_task: can't get info from slurmd
slurmstepd: error: _get_joules_task: can't get info from slurmd
slurmstepd: error: _get_joules_task: can't get info from slurmd
slurmstepd: error: _get_joules_task: can't get info from slurmd
slurmstepd: error: _get_joules_task: can't get info from slurmd
slurmstepd: error: _get_joules_task: can't get info from slurmd
slurmstepd: error: _get_joules_task: can't get info from slurmd
slurmstepd: error: _get_joules_task: can't get info from slurmd
slurmstepd: error: _get_joules_task: can't get info from slurmd
slurmstepd: error: _get_joules_task: can't get info from slurmd
slurmstepd: error: _get_joules_task: can't get info from slurmd
slurmstepd: error: _get_joules_task: can't get info from slurmd
slurmstepd: error: _get_joules_task: can't get info from slurmd
slurmstepd: error: _get_joules_task: can't get info from slurmd
slurmstepd: error: _get_joules_task: can't get info from slurmd
slurmstepd: error: _get_joules_task: can't get info from slurmd
slurmstepd: error: _get_joules_task: can't get info from slurmd
slurmstepd: error: _get_joules_task: can't get info from slurmd
slurmstepd: error: _get_joules_task: can't get info from slurmd
slurmstepd: error: _get_joules_task: can't get info from slurmd
slurmstepd: error: _get_joules_task: can't get info from slurmd
slurmstepd: error: _get_joules_task: can't get info from slurmd
slurmstepd: error: _get_joules_task: can't get info from slurmd
slurmstepd: error: _get_joules_task: can't get info from slurmd
slurmstepd: error: _get_joules_task: can't get info from slurmd
slurmstepd: error: _get_joules_task: can't get info from slurmd
slurmstepd: error: _get_joules_task: can't get info from slurmd
slurmstepd: error: _get_joules_task: can't get info from slurmd
slurmstepd: error: _get_joules_task: can't get info from slurmd
slurmstepd: error: _get_joules_task: can't get info from slurmd
slurmstepd: error: _get_joules_task: can't get info from slurmd
slurmstepd: error: _get_joules_task: can't get info from slurmd
slurmstepd: error: _get_joules_task: can't get info from slurmd
slurmstepd: error: _get_joules_task: can't get info from slurmd
slurmstepd: error: _get_joules_task: can't get info from slurmd
slurmstepd: error: _get_joules_task: can't get info from slurmd
slurmstepd: error: _get_joules_task: can't get info from slurmd
slurmstepd: error: _get_joules_task: can't get info from slurmd
slurmstepd: error: _get_joules_task: can't get info from slurmd
slurmstepd: error: _get_joules_task: can't get info from slurmd
slurmstepd: error: _get_joules_task: can't get info from slurmd
slurmstepd: error: _get_joules_task: can't get info from slurmd
slurmstepd: error: _get_joules_task: can't get info from slurmd
slurmstepd: error: _get_joules_task: can't get info from slurmd
slurmstepd: error: _get_joules_task: can't get info from slurmd
slurmstepd: error: _get_joules_task: can't get info from slurmd
slurmstepd: error: _get_joules_task: can't get info from slurmd
slurmstepd: error: _get_joules_task: can't get info from slurmd
slurmstepd: error: _get_joules_task: can't get info from slurmd
slurmstepd: error: _get_joules_task: can't get info from slurmd
slurmstepd: error: _get_joules_task: can't get info from slurmd
slurmstepd: error: _get_joules_task: can't get info from slurmd
slurmstepd: error: _get_joules_task: can't get info from slurmd
slurmstepd: error: _get_joules_task: can't get info from slurmd
slurmstepd: error: _get_joules_task: can't get info from slurmd
slurmstepd: error: _get_joules_task: can't get info from slurmd
slurmstepd: error: _get_joules_task: can't get info from slurmd
slurmstepd: error: _get_joules_task: can't get info from slurmd
slurmstepd: error: _get_joules_task: can't get info from slurmd
slurmstepd: error: _get_joules_task: can't get info from slurmd
slurmstepd: error: _get_joules_task: can't get info from slurmd
slurmstepd: error: _get_joules_task: can't get info from slurmd
slurmstepd: error: _get_joules_task: can't get info from slurmd
slurmstepd: error: _get_joules_task: can't get info from slurmd
slurmstepd: error: _get_joules_task: can't get info from slurmd
slurmstepd: error: _get_joules_task: can't get info from slurmd
slurmstepd: error: _get_joules_task: can't get info from slurmd
slurmstepd: error: _get_joules_task: can't get info from slurmd
slurmstepd: error: _get_joules_task: can't get info from slurmd
slurmstepd: error: _get_joules_task: can't get info from slurmd
slurmstepd: error: _get_joules_task: can't get info from slurmd
slurmstepd: error: _get_joules_task: can't get info from slurmd
slurmstepd: error: _get_joules_task: can't get info from slurmd
slurmstepd: error: _get_joules_task: can't get info from slurmd
slurmstepd: error: _get_joules_task: can't get info from slurmd
slurmstepd: error: _get_joules_task: can't get info from slurmd
slurmstepd: error: _get_joules_task: can't get info from slurmd
slurmstepd: error: _get_joules_task: can't get info from slurmd
slurmstepd: error: _get_joules_task: can't get info from slurmd
slurmstepd: error: _get_joules_task: can't get info from slurmd
slurmstepd: error: _get_joules_task: can't get info from slurmd
slurmstepd: error: _get_joules_task: can't get info from slurmd
slurmstepd: error: _get_joules_task: can't get info from slurmd
slurmstepd: error: _get_joules_task: can't get info from slurmd
slurmstepd: error: _get_joules_task: can't get info from slurmd
slurmstepd: error: _get_joules_task: can't get info from slurmd
slurmstepd: error: _get_joules_task: can't get info from slurmd
slurmstepd: error: _get_joules_task: can't get info from slurmd
slurmstepd: error: _get_joules_task: can't get info from slurmd
slurmstepd: error: _get_joules_task: can't get info from slurmd
slurmstepd: error: _get_joules_task: can't get info from slurmd
slurmstepd: error: _get_joules_task: can't get info from slurmd
slurmstepd: error: _get_joules_task: can't get info from slurmd
slurmstepd: error: _get_joules_task: can't get info from slurmd
slurmstepd: error: _get_joules_task: can't get info from slurmd
slurmstepd: error: _get_joules_task: can't get info from slurmd
slurmstepd: error: _get_joules_task: can't get info from slurmd
slurmstepd: error: _get_joules_task: can't get info from slurmd
slurmstepd: error: _get_joules_task: can't get info from slurmd
slurmstepd: error: _get_joules_task: can't get info from slurmd
slurmstepd: error: _get_joules_task: can't get info from slurmd
slurmstepd: error: _get_joules_task: can't get info from slurmd
slurmstepd: error: _get_joules_task: can't get info from slurmd
slurmstepd: error: _get_joules_task: can't get info from slurmd
slurmstepd: error: _get_joules_task: can't get info from slurmd
slurmstepd: error: _get_joules_task: can't get info from slurmd
slurmstepd: error: _get_joules_task: can't get info from slurmd
slurmstepd: error: _get_joules_task: can't get info from slurmd
slurmstepd: error: _get_joules_task: can't get info from slurmd
slurmstepd: error: _get_joules_task: can't get info from slurmd
slurmstepd: error: _get_joules_task: can't get info from slurmd
slurmstepd: error: _get_joules_task: can't get info from slurmd
slurmstepd: error: _get_joules_task: can't get info from slurmd
slurmstepd: error: _get_joules_task: can't get info from slurmd
slurmstepd: error: _get_joules_task: can't get info from slurmd
slurmstepd: error: _get_joules_task: can't get info from slurmd
slurmstepd: error: _get_joules_task: can't get info from slurmd
slurmstepd: error: _get_joules_task: can't get info from slurmd
slurmstepd: error: _get_joules_task: can't get info from slurmd
slurmstepd: error: _get_joules_task: can't get info from slurmd
slurmstepd: error: _get_joules_task: can't get info from slurmd
slurmstepd: error: _get_joules_task: can't get info from slurmd
slurmstepd: error: _get_joules_task: can't get info from slurmd
slurmstepd: error: _get_joules_task: can't get info from slurmd
slurmstepd: error: _get_joules_task: can't get info from slurmd
slurmstepd: error: _get_joules_task: can't get info from slurmd
slurmstepd: error: _get_joules_task: can't get info from slurmd
slurmstepd: error: _get_joules_task: can't get info from slurmd
slurmstepd: error: _get_joules_task: can't get info from slurmd
slurmstepd: error: _get_joules_task: can't get info from slurmd
slurmstepd: error: _get_joules_task: can't get info from slurmd
slurmstepd: error: _get_joules_task: can't get info from slurmd
slurmstepd: error: _get_joules_task: can't get info from slurmd
slurmstepd: error: _get_joules_task: can't get info from slurmd
slurmstepd: error: _get_joules_task: can't get info from slurmd
slurmstepd: error: _get_joules_task: can't get info from slurmd
slurmstepd: error: _get_joules_task: can't get info from slurmd
slurmstepd: error: _get_joules_task: can't get info from slurmd
slurmstepd: error: _get_joules_task: can't get info from slurmd
slurmstepd: error: _get_joules_task: can't get info from slurmd
slurmstepd: error: _get_joules_task: can't get info from slurmd
slurmstepd: error: _get_joules_task: can't get info from slurmd
slurmstepd: error: _get_joules_task: can't get info from slurmd
slurmstepd: error: _get_joules_task: can't get info from slurmd
slurmstepd: error: _get_joules_task: can't get info from slurmd
slurmstepd: error: _get_joules_task: can't get info from slurmd
slurmstepd: error: _get_joules_task: can't get info from slurmd
slurmstepd: error: _get_joules_task: can't get info from slurmd
slurmstepd: error: _get_joules_task: can't get info from slurmd
Train loss: 0.01985968090593815 at step: 1600
Saving epoch 6...
=> Warning: Some sub-dataset DCT stats not ready yet.
=> Warning: No DCT stats found in ConcatDataset. Skipping...
=> Saved checkpoint to ./checkpoints/DCT_ResNet50_LM123/model_epoch_latest.pth
=> Warning: Some sub-dataset DCT stats not ready yet.
=> Warning: No DCT stats found in ConcatDataset. Skipping...
=> Saved checkpoint to ./checkpoints/DCT_ResNet50_LM123/model_epoch_6.pth
slurmstepd: error: _get_joules_task: can't get info from slurmd
slurmstepd: error: _get_joules_task: can't get info from slurmd
slurmstepd: error: _get_joules_task: can't get info from slurmd
slurmstepd: error: _get_joules_task: can't get info from slurmd
slurmstepd: error: _get_joules_task: can't get info from slurmd
slurmstepd: error: _get_joules_task: can't get info from slurmd
slurmstepd: error: _get_joules_task: can't get info from slurmd
slurmstepd: error: _get_joules_task: can't get info from slurmd
(Val @ epoch 6) acc: 0.5005, ap: 0.6482928822354884
=> Warning: Some sub-dataset DCT stats not ready yet.
=> Warning: No DCT stats found in ConcatDataset. Skipping...
=> Saved checkpoint to ./checkpoints/DCT_ResNet50_LM123/model_epoch_epoch_6.pth
EarlyStopping counter: 3 out of 5
slurmstepd: error: _get_joules_task: can't get info from slurmd
slurmstepd: error: _get_joules_task: can't get info from slurmd
slurmstepd: error: _get_joules_task: can't get info from slurmd
slurmstepd: error: _get_joules_task: can't get info from slurmd
slurmstepd: error: _get_joules_task: can't get info from slurmd
slurmstepd: error: _get_joules_task: can't get info from slurmd
slurmstepd: error: _get_joules_task: can't get info from slurmd
slurmstepd: error: _get_joules_task: can't get info from slurmd
slurmstepd: error: _get_joules_task: can't get info from slurmd
slurmstepd: error: _get_joules_task: can't get info from slurmd
slurmstepd: error: _get_joules_task: can't get info from slurmd
slurmstepd: error: _get_joules_task: can't get info from slurmd
slurmstepd: error: _get_joules_task: can't get info from slurmd
slurmstepd: error: _get_joules_task: can't get info from slurmd
slurmstepd: error: _get_joules_task: can't get info from slurmd
slurmstepd: error: _get_joules_task: can't get info from slurmd
slurmstepd: error: _get_joules_task: can't get info from slurmd
slurmstepd: error: _get_joules_task: can't get info from slurmd
slurmstepd: error: _get_joules_task: can't get info from slurmd
slurmstepd: error: _get_joules_task: can't get info from slurmd
slurmstepd: error: _get_joules_task: can't get info from slurmd
slurmstepd: error: _get_joules_task: can't get info from slurmd
slurmstepd: error: _get_joules_task: can't get info from slurmd
slurmstepd: error: _get_joules_task: can't get info from slurmd
slurmstepd: error: _get_joules_task: can't get info from slurmd
slurmstepd: error: _get_joules_task: can't get info from slurmd
slurmstepd: error: _get_joules_task: can't get info from slurmd
slurmstepd: error: _get_joules_task: can't get info from slurmd
slurmstepd: error: _get_joules_task: can't get info from slurmd
slurmstepd: error: _get_joules_task: can't get info from slurmd
slurmstepd: error: _get_joules_task: can't get info from slurmd
slurmstepd: error: _get_joules_task: can't get info from slurmd
slurmstepd: error: _get_joules_task: can't get info from slurmd
slurmstepd: error: _get_joules_task: can't get info from slurmd
slurmstepd: error: _get_joules_task: can't get info from slurmd
slurmstepd: error: _get_joules_task: can't get info from slurmd
slurmstepd: error: _get_joules_task: can't get info from slurmd
slurmstepd: error: _get_joules_task: can't get info from slurmd
slurmstepd: error: _get_joules_task: can't get info from slurmd
slurmstepd: error: _get_joules_task: can't get info from slurmd
slurmstepd: error: _get_joules_task: can't get info from slurmd
slurmstepd: error: _get_joules_task: can't get info from slurmd
slurmstepd: error: _get_joules_task: can't get info from slurmd
slurmstepd: error: _get_joules_task: can't get info from slurmd
slurmstepd: error: _get_joules_task: can't get info from slurmd
slurmstepd: error: _get_joules_task: can't get info from slurmd
slurmstepd: error: _get_joules_task: can't get info from slurmd
slurmstepd: error: _get_joules_task: can't get info from slurmd
slurmstepd: error: _get_joules_task: can't get info from slurmd
slurmstepd: error: _get_joules_task: can't get info from slurmd
slurmstepd: error: _get_joules_task: can't get info from slurmd
slurmstepd: error: _get_joules_task: can't get info from slurmd
slurmstepd: error: _get_joules_task: can't get info from slurmd
slurmstepd: error: _get_joules_task: can't get info from slurmd
slurmstepd: error: _get_joules_task: can't get info from slurmd
slurmstepd: error: _get_joules_task: can't get info from slurmd
slurmstepd: error: _get_joules_task: can't get info from slurmd
slurmstepd: error: _get_joules_task: can't get info from slurmd
slurmstepd: error: _get_joules_task: can't get info from slurmd
slurmstepd: error: _get_joules_task: can't get info from slurmd
slurmstepd: error: _get_joules_task: can't get info from slurmd
slurmstepd: error: _get_joules_task: can't get info from slurmd
slurmstepd: error: _get_joules_task: can't get info from slurmd
slurmstepd: error: _get_joules_task: can't get info from slurmd
slurmstepd: error: _get_joules_task: can't get info from slurmd
slurmstepd: error: _get_joules_task: can't get info from slurmd
slurmstepd: error: _get_joules_task: can't get info from slurmd
slurmstepd: error: _get_joules_task: can't get info from slurmd
slurmstepd: error: _get_joules_task: can't get info from slurmd
slurmstepd: error: _get_joules_task: can't get info from slurmd
slurmstepd: error: _get_joules_task: can't get info from slurmd
slurmstepd: error: _get_joules_task: can't get info from slurmd
slurmstepd: error: _get_joules_task: can't get info from slurmd
slurmstepd: error: _get_joules_task: can't get info from slurmd
slurmstepd: error: _get_joules_task: can't get info from slurmd
slurmstepd: error: _get_joules_task: can't get info from slurmd
slurmstepd: error: _get_joules_task: can't get info from slurmd
slurmstepd: error: _get_joules_task: can't get info from slurmd
slurmstepd: error: _get_joules_task: can't get info from slurmd
slurmstepd: error: _get_joules_task: can't get info from slurmd
slurmstepd: error: _get_joules_task: can't get info from slurmd
slurmstepd: error: _get_joules_task: can't get info from slurmd
slurmstepd: error: _get_joules_task: can't get info from slurmd
slurmstepd: error: _get_joules_task: can't get info from slurmd
slurmstepd: error: _get_joules_task: can't get info from slurmd
slurmstepd: error: _get_joules_task: can't get info from slurmd
slurmstepd: error: _get_joules_task: can't get info from slurmd
slurmstepd: error: _get_joules_task: can't get info from slurmd
slurmstepd: error: _get_joules_task: can't get info from slurmd
slurmstepd: error: _get_joules_task: can't get info from slurmd
slurmstepd: error: _get_joules_task: can't get info from slurmd
slurmstepd: error: _get_joules_task: can't get info from slurmd
slurmstepd: error: _get_joules_task: can't get info from slurmd
slurmstepd: error: _get_joules_task: can't get info from slurmd
slurmstepd: error: _get_joules_task: can't get info from slurmd
slurmstepd: error: _get_joules_task: can't get info from slurmd
slurmstepd: error: _get_joules_task: can't get info from slurmd
slurmstepd: error: _get_joules_task: can't get info from slurmd
slurmstepd: error: _get_joules_task: can't get info from slurmd
slurmstepd: error: _get_joules_task: can't get info from slurmd
slurmstepd: error: _get_joules_task: can't get info from slurmd
slurmstepd: error: _get_joules_task: can't get info from slurmd
slurmstepd: error: _get_joules_task: can't get info from slurmd
slurmstepd: error: _get_joules_task: can't get info from slurmd
slurmstepd: error: _get_joules_task: can't get info from slurmd
slurmstepd: error: _get_joules_task: can't get info from slurmd
slurmstepd: error: _get_joules_task: can't get info from slurmd
slurmstepd: error: _get_joules_task: can't get info from slurmd
slurmstepd: error: _get_joules_task: can't get info from slurmd
slurmstepd: error: _get_joules_task: can't get info from slurmd
slurmstepd: error: _get_joules_task: can't get info from slurmd
slurmstepd: error: _get_joules_task: can't get info from slurmd
slurmstepd: error: _get_joules_task: can't get info from slurmd
slurmstepd: error: _get_joules_task: can't get info from slurmd
slurmstepd: error: _get_joules_task: can't get info from slurmd
slurmstepd: error: _get_joules_task: can't get info from slurmd
slurmstepd: error: _get_joules_task: can't get info from slurmd
slurmstepd: error: _get_joules_task: can't get info from slurmd
slurmstepd: error: _get_joules_task: can't get info from slurmd
slurmstepd: error: _get_joules_task: can't get info from slurmd
slurmstepd: error: _get_joules_task: can't get info from slurmd
slurmstepd: error: _get_joules_task: can't get info from slurmd
slurmstepd: error: _get_joules_task: can't get info from slurmd
slurmstepd: error: _get_joules_task: can't get info from slurmd
slurmstepd: error: _get_joules_task: can't get info from slurmd
slurmstepd: error: _get_joules_task: can't get info from slurmd
slurmstepd: error: _get_joules_task: can't get info from slurmd
slurmstepd: error: _get_joules_task: can't get info from slurmd
slurmstepd: error: _get_joules_task: can't get info from slurmd
slurmstepd: error: _get_joules_task: can't get info from slurmd
slurmstepd: error: _get_joules_task: can't get info from slurmd
slurmstepd: error: _get_joules_task: can't get info from slurmd
slurmstepd: error: _get_joules_task: can't get info from slurmd
slurmstepd: error: _get_joules_task: can't get info from slurmd
slurmstepd: error: _get_joules_task: can't get info from slurmd
slurmstepd: error: _get_joules_task: can't get info from slurmd
slurmstepd: error: _get_joules_task: can't get info from slurmd
slurmstepd: error: _get_joules_task: can't get info from slurmd
slurmstepd: error: _get_joules_task: can't get info from slurmd
slurmstepd: error: _get_joules_task: can't get info from slurmd
slurmstepd: error: _get_joules_task: can't get info from slurmd
slurmstepd: error: _get_joules_task: can't get info from slurmd
slurmstepd: error: _get_joules_task: can't get info from slurmd
slurmstepd: error: _get_joules_task: can't get info from slurmd
slurmstepd: error: _get_joules_task: can't get info from slurmd
slurmstepd: error: _get_joules_task: can't get info from slurmd
slurmstepd: error: _get_joules_task: can't get info from slurmd
slurmstepd: error: _get_joules_task: can't get info from slurmd
slurmstepd: error: _get_joules_task: can't get info from slurmd
slurmstepd: error: _get_joules_task: can't get info from slurmd
slurmstepd: error: _get_joules_task: can't get info from slurmd
slurmstepd: error: _get_joules_task: can't get info from slurmd
slurmstepd: error: _get_joules_task: can't get info from slurmd
slurmstepd: error: _get_joules_task: can't get info from slurmd
slurmstepd: error: _get_joules_task: can't get info from slurmd
slurmstepd: error: _get_joules_task: can't get info from slurmd
slurmstepd: error: _get_joules_task: can't get info from slurmd
slurmstepd: error: _get_joules_task: can't get info from slurmd
slurmstepd: error: _get_joules_task: can't get info from slurmd
slurmstepd: error: _get_joules_task: can't get info from slurmd
slurmstepd: error: _get_joules_task: can't get info from slurmd
slurmstepd: error: _get_joules_task: can't get info from slurmd
slurmstepd: error: _get_joules_task: can't get info from slurmd
slurmstepd: error: _get_joules_task: can't get info from slurmd
slurmstepd: error: _get_joules_task: can't get info from slurmd
slurmstepd: error: _get_joules_task: can't get info from slurmd
slurmstepd: error: _get_joules_task: can't get info from slurmd
slurmstepd: error: _get_joules_task: can't get info from slurmd
slurmstepd: error: _get_joules_task: can't get info from slurmd
slurmstepd: error: _get_joules_task: can't get info from slurmd
slurmstepd: error: _get_joules_task: can't get info from slurmd
slurmstepd: error: _get_joules_task: can't get info from slurmd
slurmstepd: error: _get_joules_task: can't get info from slurmd
slurmstepd: error: _get_joules_task: can't get info from slurmd
slurmstepd: error: _get_joules_task: can't get info from slurmd
slurmstepd: error: _get_joules_task: can't get info from slurmd
slurmstepd: error: _get_joules_task: can't get info from slurmd
slurmstepd: error: _get_joules_task: can't get info from slurmd
slurmstepd: error: _get_joules_task: can't get info from slurmd
slurmstepd: error: _get_joules_task: can't get info from slurmd
slurmstepd: error: _get_joules_task: can't get info from slurmd
slurmstepd: error: _get_joules_task: can't get info from slurmd
slurmstepd: error: _get_joules_task: can't get info from slurmd
slurmstepd: error: _get_joules_task: can't get info from slurmd
slurmstepd: error: _get_joules_task: can't get info from slurmd
slurmstepd: error: _get_joules_task: can't get info from slurmd
slurmstepd: error: _get_joules_task: can't get info from slurmd
slurmstepd: error: _get_joules_task: can't get info from slurmd
slurmstepd: error: _get_joules_task: can't get info from slurmd
slurmstepd: error: _get_joules_task: can't get info from slurmd
slurmstepd: error: _get_joules_task: can't get info from slurmd
Train loss: 0.06887094676494598 at step: 2000
Saving latest model (epoch 7, step 2000)
=> Warning: Some sub-dataset DCT stats not ready yet.
=> Warning: No DCT stats found in ConcatDataset. Skipping...
=> Saved checkpoint to ./checkpoints/DCT_ResNet50_LM123/model_epoch_latest.pth
Saving epoch 7...
=> Warning: Some sub-dataset DCT stats not ready yet.
=> Warning: No DCT stats found in ConcatDataset. Skipping...
=> Saved checkpoint to ./checkpoints/DCT_ResNet50_LM123/model_epoch_latest.pth
=> Warning: Some sub-dataset DCT stats not ready yet.
=> Warning: No DCT stats found in ConcatDataset. Skipping...
=> Saved checkpoint to ./checkpoints/DCT_ResNet50_LM123/model_epoch_7.pth
slurmstepd: error: _get_joules_task: can't get info from slurmd
slurmstepd: error: _get_joules_task: can't get info from slurmd
slurmstepd: error: _get_joules_task: can't get info from slurmd
slurmstepd: error: _get_joules_task: can't get info from slurmd
slurmstepd: error: _get_joules_task: can't get info from slurmd
slurmstepd: error: _get_joules_task: can't get info from slurmd
slurmstepd: error: _get_joules_task: can't get info from slurmd
slurmstepd: error: _get_joules_task: can't get info from slurmd
(Val @ epoch 7) acc: 0.5975, ap: 0.6712575637845977
=> Warning: Some sub-dataset DCT stats not ready yet.
=> Warning: No DCT stats found in ConcatDataset. Skipping...
=> Saved checkpoint to ./checkpoints/DCT_ResNet50_LM123/model_epoch_epoch_7.pth
EarlyStopping counter: 4 out of 5
slurmstepd: error: _get_joules_task: can't get info from slurmd
slurmstepd: error: _get_joules_task: can't get info from slurmd
slurmstepd: error: _get_joules_task: can't get info from slurmd
slurmstepd: error: _get_joules_task: can't get info from slurmd
slurmstepd: error: _get_joules_task: can't get info from slurmd
slurmstepd: error: _get_joules_task: can't get info from slurmd
slurmstepd: error: _get_joules_task: can't get info from slurmd
slurmstepd: error: _get_joules_task: can't get info from slurmd
slurmstepd: error: _get_joules_task: can't get info from slurmd
slurmstepd: error: _get_joules_task: can't get info from slurmd
slurmstepd: error: _get_joules_task: can't get info from slurmd
slurmstepd: error: _get_joules_task: can't get info from slurmd
slurmstepd: error: _get_joules_task: can't get info from slurmd
slurmstepd: error: _get_joules_task: can't get info from slurmd
slurmstepd: error: _get_joules_task: can't get info from slurmd
slurmstepd: error: _get_joules_task: can't get info from slurmd
slurmstepd: error: _get_joules_task: can't get info from slurmd
slurmstepd: error: _get_joules_task: can't get info from slurmd
slurmstepd: error: _get_joules_task: can't get info from slurmd
slurmstepd: error: _get_joules_task: can't get info from slurmd
slurmstepd: error: _get_joules_task: can't get info from slurmd
slurmstepd: error: _get_joules_task: can't get info from slurmd
slurmstepd: error: _get_joules_task: can't get info from slurmd
slurmstepd: error: _get_joules_task: can't get info from slurmd
slurmstepd: error: _get_joules_task: can't get info from slurmd
slurmstepd: error: _get_joules_task: can't get info from slurmd
slurmstepd: error: _get_joules_task: can't get info from slurmd
slurmstepd: error: _get_joules_task: can't get info from slurmd
slurmstepd: error: _get_joules_task: can't get info from slurmd
slurmstepd: error: _get_joules_task: can't get info from slurmd
slurmstepd: error: _get_joules_task: can't get info from slurmd
slurmstepd: error: _get_joules_task: can't get info from slurmd
slurmstepd: error: _get_joules_task: can't get info from slurmd
slurmstepd: error: _get_joules_task: can't get info from slurmd
slurmstepd: error: _get_joules_task: can't get info from slurmd
slurmstepd: error: _get_joules_task: can't get info from slurmd
slurmstepd: error: _get_joules_task: can't get info from slurmd
slurmstepd: error: _get_joules_task: can't get info from slurmd
slurmstepd: error: _get_joules_task: can't get info from slurmd
slurmstepd: error: _get_joules_task: can't get info from slurmd
slurmstepd: error: _get_joules_task: can't get info from slurmd
slurmstepd: error: _get_joules_task: can't get info from slurmd
slurmstepd: error: _get_joules_task: can't get info from slurmd
slurmstepd: error: _get_joules_task: can't get info from slurmd
slurmstepd: error: _get_joules_task: can't get info from slurmd
slurmstepd: error: _get_joules_task: can't get info from slurmd
slurmstepd: error: _get_joules_task: can't get info from slurmd
slurmstepd: error: _get_joules_task: can't get info from slurmd
slurmstepd: error: _get_joules_task: can't get info from slurmd
slurmstepd: error: _get_joules_task: can't get info from slurmd
slurmstepd: error: _get_joules_task: can't get info from slurmd
slurmstepd: error: _get_joules_task: can't get info from slurmd
slurmstepd: error: _get_joules_task: can't get info from slurmd
slurmstepd: error: _get_joules_task: can't get info from slurmd
slurmstepd: error: _get_joules_task: can't get info from slurmd
slurmstepd: error: _get_joules_task: can't get info from slurmd
slurmstepd: error: _get_joules_task: can't get info from slurmd
slurmstepd: error: _get_joules_task: can't get info from slurmd
slurmstepd: error: _get_joules_task: can't get info from slurmd
slurmstepd: error: _get_joules_task: can't get info from slurmd
slurmstepd: error: _get_joules_task: can't get info from slurmd
slurmstepd: error: _get_joules_task: can't get info from slurmd
slurmstepd: error: _get_joules_task: can't get info from slurmd
slurmstepd: error: _get_joules_task: can't get info from slurmd
slurmstepd: error: _get_joules_task: can't get info from slurmd
slurmstepd: error: _get_joules_task: can't get info from slurmd
slurmstepd: error: _get_joules_task: can't get info from slurmd
slurmstepd: error: _get_joules_task: can't get info from slurmd
slurmstepd: error: _get_joules_task: can't get info from slurmd
slurmstepd: error: _get_joules_task: can't get info from slurmd
slurmstepd: error: _get_joules_task: can't get info from slurmd
slurmstepd: error: _get_joules_task: can't get info from slurmd
slurmstepd: error: _get_joules_task: can't get info from slurmd
slurmstepd: error: _get_joules_task: can't get info from slurmd
slurmstepd: error: _get_joules_task: can't get info from slurmd
slurmstepd: error: _get_joules_task: can't get info from slurmd
slurmstepd: error: _get_joules_task: can't get info from slurmd
slurmstepd: error: _get_joules_task: can't get info from slurmd
slurmstepd: error: _get_joules_task: can't get info from slurmd
slurmstepd: error: _get_joules_task: can't get info from slurmd
slurmstepd: error: _get_joules_task: can't get info from slurmd
slurmstepd: error: _get_joules_task: can't get info from slurmd
slurmstepd: error: _get_joules_task: can't get info from slurmd
slurmstepd: error: _get_joules_task: can't get info from slurmd
slurmstepd: error: _get_joules_task: can't get info from slurmd
slurmstepd: error: _get_joules_task: can't get info from slurmd
slurmstepd: error: _get_joules_task: can't get info from slurmd
slurmstepd: error: _get_joules_task: can't get info from slurmd
slurmstepd: error: _get_joules_task: can't get info from slurmd
slurmstepd: error: _get_joules_task: can't get info from slurmd
slurmstepd: error: _get_joules_task: can't get info from slurmd
slurmstepd: error: _get_joules_task: can't get info from slurmd
slurmstepd: error: _get_joules_task: can't get info from slurmd
slurmstepd: error: _get_joules_task: can't get info from slurmd
slurmstepd: error: _get_joules_task: can't get info from slurmd
slurmstepd: error: _get_joules_task: can't get info from slurmd
slurmstepd: error: _get_joules_task: can't get info from slurmd
slurmstepd: error: _get_joules_task: can't get info from slurmd
slurmstepd: error: _get_joules_task: can't get info from slurmd
slurmstepd: error: _get_joules_task: can't get info from slurmd
slurmstepd: error: _get_joules_task: can't get info from slurmd
slurmstepd: error: _get_joules_task: can't get info from slurmd
slurmstepd: error: _get_joules_task: can't get info from slurmd
slurmstepd: error: _get_joules_task: can't get info from slurmd
slurmstepd: error: _get_joules_task: can't get info from slurmd
slurmstepd: error: _get_joules_task: can't get info from slurmd
slurmstepd: error: _get_joules_task: can't get info from slurmd
slurmstepd: error: _get_joules_task: can't get info from slurmd
slurmstepd: error: _get_joules_task: can't get info from slurmd
slurmstepd: error: _get_joules_task: can't get info from slurmd
slurmstepd: error: _get_joules_task: can't get info from slurmd
slurmstepd: error: _get_joules_task: can't get info from slurmd
slurmstepd: error: _get_joules_task: can't get info from slurmd
slurmstepd: error: _get_joules_task: can't get info from slurmd
slurmstepd: error: _get_joules_task: can't get info from slurmd
slurmstepd: error: _get_joules_task: can't get info from slurmd
slurmstepd: error: _get_joules_task: can't get info from slurmd
slurmstepd: error: _get_joules_task: can't get info from slurmd
slurmstepd: error: _get_joules_task: can't get info from slurmd
slurmstepd: error: _get_joules_task: can't get info from slurmd
slurmstepd: error: _get_joules_task: can't get info from slurmd
slurmstepd: error: _get_joules_task: can't get info from slurmd
slurmstepd: error: _get_joules_task: can't get info from slurmd
slurmstepd: error: _get_joules_task: can't get info from slurmd
slurmstepd: error: _get_joules_task: can't get info from slurmd
slurmstepd: error: _get_joules_task: can't get info from slurmd
slurmstepd: error: _get_joules_task: can't get info from slurmd
slurmstepd: error: _get_joules_task: can't get info from slurmd
slurmstepd: error: _get_joules_task: can't get info from slurmd
slurmstepd: error: _get_joules_task: can't get info from slurmd
slurmstepd: error: _get_joules_task: can't get info from slurmd
slurmstepd: error: _get_joules_task: can't get info from slurmd
slurmstepd: error: _get_joules_task: can't get info from slurmd
slurmstepd: error: _get_joules_task: can't get info from slurmd
slurmstepd: error: _get_joules_task: can't get info from slurmd
slurmstepd: error: _get_joules_task: can't get info from slurmd
slurmstepd: error: _get_joules_task: can't get info from slurmd
slurmstepd: error: _get_joules_task: can't get info from slurmd
slurmstepd: error: _get_joules_task: can't get info from slurmd
slurmstepd: error: _get_joules_task: can't get info from slurmd
slurmstepd: error: _get_joules_task: can't get info from slurmd
slurmstepd: error: _get_joules_task: can't get info from slurmd
slurmstepd: error: _get_joules_task: can't get info from slurmd
slurmstepd: error: _get_joules_task: can't get info from slurmd
slurmstepd: error: _get_joules_task: can't get info from slurmd
slurmstepd: error: _get_joules_task: can't get info from slurmd
slurmstepd: error: _get_joules_task: can't get info from slurmd
slurmstepd: error: _get_joules_task: can't get info from slurmd
slurmstepd: error: _get_joules_task: can't get info from slurmd
slurmstepd: error: _get_joules_task: can't get info from slurmd
slurmstepd: error: _get_joules_task: can't get info from slurmd
slurmstepd: error: _get_joules_task: can't get info from slurmd
slurmstepd: error: _get_joules_task: can't get info from slurmd
slurmstepd: error: _get_joules_task: can't get info from slurmd
slurmstepd: error: _get_joules_task: can't get info from slurmd
slurmstepd: error: _get_joules_task: can't get info from slurmd
slurmstepd: error: _get_joules_task: can't get info from slurmd
slurmstepd: error: _get_joules_task: can't get info from slurmd
slurmstepd: error: _get_joules_task: can't get info from slurmd
slurmstepd: error: _get_joules_task: can't get info from slurmd
slurmstepd: error: _get_joules_task: can't get info from slurmd
slurmstepd: error: _get_joules_task: can't get info from slurmd
slurmstepd: error: _get_joules_task: can't get info from slurmd
slurmstepd: error: _get_joules_task: can't get info from slurmd
slurmstepd: error: _get_joules_task: can't get info from slurmd
slurmstepd: error: _get_joules_task: can't get info from slurmd
slurmstepd: error: _get_joules_task: can't get info from slurmd
slurmstepd: error: _get_joules_task: can't get info from slurmd
slurmstepd: error: _get_joules_task: can't get info from slurmd
slurmstepd: error: _get_joules_task: can't get info from slurmd
slurmstepd: error: _get_joules_task: can't get info from slurmd
slurmstepd: error: _get_joules_task: can't get info from slurmd
slurmstepd: error: _get_joules_task: can't get info from slurmd
slurmstepd: error: _get_joules_task: can't get info from slurmd
slurmstepd: error: _get_joules_task: can't get info from slurmd
slurmstepd: error: _get_joules_task: can't get info from slurmd
slurmstepd: error: _get_joules_task: can't get info from slurmd
slurmstepd: error: _get_joules_task: can't get info from slurmd
slurmstepd: error: _get_joules_task: can't get info from slurmd
slurmstepd: error: _get_joules_task: can't get info from slurmd
slurmstepd: error: _get_joules_task: can't get info from slurmd
slurmstepd: error: _get_joules_task: can't get info from slurmd
slurmstepd: error: _get_joules_task: can't get info from slurmd
slurmstepd: error: _get_joules_task: can't get info from slurmd
slurmstepd: error: _get_joules_task: can't get info from slurmd
slurmstepd: error: _get_joules_task: can't get info from slurmd
slurmstepd: error: _get_joules_task: can't get info from slurmd
slurmstepd: error: _get_joules_task: can't get info from slurmd
slurmstepd: error: _get_joules_task: can't get info from slurmd
slurmstepd: error: _get_joules_task: can't get info from slurmd
slurmstepd: error: _get_joules_task: can't get info from slurmd
slurmstepd: error: _get_joules_task: can't get info from slurmd
Saving epoch 8...
=> Warning: Some sub-dataset DCT stats not ready yet.
=> Warning: No DCT stats found in ConcatDataset. Skipping...
=> Saved checkpoint to ./checkpoints/DCT_ResNet50_LM123/model_epoch_latest.pth
=> Warning: Some sub-dataset DCT stats not ready yet.
=> Warning: No DCT stats found in ConcatDataset. Skipping...
=> Saved checkpoint to ./checkpoints/DCT_ResNet50_LM123/model_epoch_8.pth
slurmstepd: error: _get_joules_task: can't get info from slurmd
slurmstepd: error: _get_joules_task: can't get info from slurmd
slurmstepd: error: _get_joules_task: can't get info from slurmd
slurmstepd: error: _get_joules_task: can't get info from slurmd
slurmstepd: error: _get_joules_task: can't get info from slurmd
slurmstepd: error: _get_joules_task: can't get info from slurmd
slurmstepd: error: _get_joules_task: can't get info from slurmd
slurmstepd: error: _get_joules_task: can't get info from slurmd
(Val @ epoch 8) acc: 0.525, ap: 0.5490017750840548
=> Warning: Some sub-dataset DCT stats not ready yet.
=> Warning: No DCT stats found in ConcatDataset. Skipping...
=> Saved checkpoint to ./checkpoints/DCT_ResNet50_LM123/model_epoch_epoch_8.pth
EarlyStopping counter: 5 out of 5
Learning rate reduced. Continuing training with new patience.
slurmstepd: error: _get_joules_task: can't get info from slurmd
slurmstepd: error: _get_joules_task: can't get info from slurmd
slurmstepd: error: _get_joules_task: can't get info from slurmd
slurmstepd: error: _get_joules_task: can't get info from slurmd
slurmstepd: error: _get_joules_task: can't get info from slurmd
slurmstepd: error: _get_joules_task: can't get info from slurmd
slurmstepd: error: _get_joules_task: can't get info from slurmd
slurmstepd: error: _get_joules_task: can't get info from slurmd
slurmstepd: error: _get_joules_task: can't get info from slurmd
slurmstepd: error: _get_joules_task: can't get info from slurmd
slurmstepd: error: _get_joules_task: can't get info from slurmd
slurmstepd: error: _get_joules_task: can't get info from slurmd
slurmstepd: error: _get_joules_task: can't get info from slurmd
slurmstepd: error: _get_joules_task: can't get info from slurmd
slurmstepd: error: _get_joules_task: can't get info from slurmd
slurmstepd: error: _get_joules_task: can't get info from slurmd
slurmstepd: error: _get_joules_task: can't get info from slurmd
slurmstepd: error: _get_joules_task: can't get info from slurmd
slurmstepd: error: _get_joules_task: can't get info from slurmd
slurmstepd: error: _get_joules_task: can't get info from slurmd
slurmstepd: error: _get_joules_task: can't get info from slurmd
slurmstepd: error: _get_joules_task: can't get info from slurmd
slurmstepd: error: _get_joules_task: can't get info from slurmd
slurmstepd: error: _get_joules_task: can't get info from slurmd
slurmstepd: error: _get_joules_task: can't get info from slurmd
slurmstepd: error: _get_joules_task: can't get info from slurmd
slurmstepd: error: _get_joules_task: can't get info from slurmd
slurmstepd: error: _get_joules_task: can't get info from slurmd
slurmstepd: error: _get_joules_task: can't get info from slurmd
slurmstepd: error: _get_joules_task: can't get info from slurmd
slurmstepd: error: _get_joules_task: can't get info from slurmd
slurmstepd: error: _get_joules_task: can't get info from slurmd
slurmstepd: error: _get_joules_task: can't get info from slurmd
slurmstepd: error: _get_joules_task: can't get info from slurmd
slurmstepd: error: _get_joules_task: can't get info from slurmd
slurmstepd: error: _get_joules_task: can't get info from slurmd
slurmstepd: error: _get_joules_task: can't get info from slurmd
slurmstepd: error: _get_joules_task: can't get info from slurmd
slurmstepd: error: _get_joules_task: can't get info from slurmd
slurmstepd: error: _get_joules_task: can't get info from slurmd
slurmstepd: error: _get_joules_task: can't get info from slurmd
slurmstepd: error: _get_joules_task: can't get info from slurmd
slurmstepd: error: _get_joules_task: can't get info from slurmd
slurmstepd: error: _get_joules_task: can't get info from slurmd
slurmstepd: error: _get_joules_task: can't get info from slurmd
slurmstepd: error: _get_joules_task: can't get info from slurmd
slurmstepd: error: _get_joules_task: can't get info from slurmd
slurmstepd: error: _get_joules_task: can't get info from slurmd
slurmstepd: error: _get_joules_task: can't get info from slurmd
slurmstepd: error: _get_joules_task: can't get info from slurmd
slurmstepd: error: _get_joules_task: can't get info from slurmd
slurmstepd: error: _get_joules_task: can't get info from slurmd
slurmstepd: error: _get_joules_task: can't get info from slurmd
slurmstepd: error: _get_joules_task: can't get info from slurmd
slurmstepd: error: _get_joules_task: can't get info from slurmd
slurmstepd: error: _get_joules_task: can't get info from slurmd
slurmstepd: error: _get_joules_task: can't get info from slurmd
slurmstepd: error: _get_joules_task: can't get info from slurmd
slurmstepd: error: _get_joules_task: can't get info from slurmd
slurmstepd: error: _get_joules_task: can't get info from slurmd
slurmstepd: error: _get_joules_task: can't get info from slurmd
slurmstepd: error: _get_joules_task: can't get info from slurmd
slurmstepd: error: _get_joules_task: can't get info from slurmd
slurmstepd: error: _get_joules_task: can't get info from slurmd
slurmstepd: error: _get_joules_task: can't get info from slurmd
slurmstepd: error: _get_joules_task: can't get info from slurmd
slurmstepd: error: _get_joules_task: can't get info from slurmd
slurmstepd: error: _get_joules_task: can't get info from slurmd
slurmstepd: error: _get_joules_task: can't get info from slurmd
slurmstepd: error: _get_joules_task: can't get info from slurmd
slurmstepd: error: _get_joules_task: can't get info from slurmd
slurmstepd: error: _get_joules_task: can't get info from slurmd
slurmstepd: error: _get_joules_task: can't get info from slurmd
slurmstepd: error: _get_joules_task: can't get info from slurmd
slurmstepd: error: _get_joules_task: can't get info from slurmd
slurmstepd: error: _get_joules_task: can't get info from slurmd
slurmstepd: error: _get_joules_task: can't get info from slurmd
slurmstepd: error: _get_joules_task: can't get info from slurmd
slurmstepd: error: _get_joules_task: can't get info from slurmd
slurmstepd: error: _get_joules_task: can't get info from slurmd
slurmstepd: error: _get_joules_task: can't get info from slurmd
slurmstepd: error: _get_joules_task: can't get info from slurmd
slurmstepd: error: _get_joules_task: can't get info from slurmd
slurmstepd: error: _get_joules_task: can't get info from slurmd
slurmstepd: error: _get_joules_task: can't get info from slurmd
slurmstepd: error: _get_joules_task: can't get info from slurmd
slurmstepd: error: _get_joules_task: can't get info from slurmd
slurmstepd: error: _get_joules_task: can't get info from slurmd
slurmstepd: error: _get_joules_task: can't get info from slurmd
slurmstepd: error: _get_joules_task: can't get info from slurmd
slurmstepd: error: _get_joules_task: can't get info from slurmd
slurmstepd: error: _get_joules_task: can't get info from slurmd
slurmstepd: error: _get_joules_task: can't get info from slurmd
slurmstepd: error: _get_joules_task: can't get info from slurmd
slurmstepd: error: _get_joules_task: can't get info from slurmd
slurmstepd: error: _get_joules_task: can't get info from slurmd
slurmstepd: error: _get_joules_task: can't get info from slurmd
slurmstepd: error: _get_joules_task: can't get info from slurmd
slurmstepd: error: _get_joules_task: can't get info from slurmd
slurmstepd: error: _get_joules_task: can't get info from slurmd
slurmstepd: error: _get_joules_task: can't get info from slurmd
slurmstepd: error: _get_joules_task: can't get info from slurmd
slurmstepd: error: _get_joules_task: can't get info from slurmd
slurmstepd: error: _get_joules_task: can't get info from slurmd
slurmstepd: error: _get_joules_task: can't get info from slurmd
slurmstepd: error: _get_joules_task: can't get info from slurmd
slurmstepd: error: _get_joules_task: can't get info from slurmd
slurmstepd: error: _get_joules_task: can't get info from slurmd
slurmstepd: error: _get_joules_task: can't get info from slurmd
slurmstepd: error: _get_joules_task: can't get info from slurmd
slurmstepd: error: _get_joules_task: can't get info from slurmd
slurmstepd: error: _get_joules_task: can't get info from slurmd
slurmstepd: error: _get_joules_task: can't get info from slurmd
slurmstepd: error: _get_joules_task: can't get info from slurmd
slurmstepd: error: _get_joules_task: can't get info from slurmd
slurmstepd: error: _get_joules_task: can't get info from slurmd
slurmstepd: error: _get_joules_task: can't get info from slurmd
slurmstepd: error: _get_joules_task: can't get info from slurmd
slurmstepd: error: _get_joules_task: can't get info from slurmd
slurmstepd: error: _get_joules_task: can't get info from slurmd
slurmstepd: error: _get_joules_task: can't get info from slurmd
slurmstepd: error: _get_joules_task: can't get info from slurmd
slurmstepd: error: _get_joules_task: can't get info from slurmd
slurmstepd: error: _get_joules_task: can't get info from slurmd
slurmstepd: error: _get_joules_task: can't get info from slurmd
slurmstepd: error: _get_joules_task: can't get info from slurmd
slurmstepd: error: _get_joules_task: can't get info from slurmd
slurmstepd: error: _get_joules_task: can't get info from slurmd
slurmstepd: error: _get_joules_task: can't get info from slurmd
slurmstepd: error: _get_joules_task: can't get info from slurmd
slurmstepd: error: _get_joules_task: can't get info from slurmd
slurmstepd: error: _get_joules_task: can't get info from slurmd
slurmstepd: error: _get_joules_task: can't get info from slurmd
slurmstepd: error: _get_joules_task: can't get info from slurmd
slurmstepd: error: _get_joules_task: can't get info from slurmd
slurmstepd: error: _get_joules_task: can't get info from slurmd
slurmstepd: error: _get_joules_task: can't get info from slurmd
slurmstepd: error: _get_joules_task: can't get info from slurmd
slurmstepd: error: _get_joules_task: can't get info from slurmd
slurmstepd: error: _get_joules_task: can't get info from slurmd
slurmstepd: error: _get_joules_task: can't get info from slurmd
slurmstepd: error: _get_joules_task: can't get info from slurmd
slurmstepd: error: _get_joules_task: can't get info from slurmd
slurmstepd: error: _get_joules_task: can't get info from slurmd
slurmstepd: error: _get_joules_task: can't get info from slurmd
slurmstepd: error: _get_joules_task: can't get info from slurmd
slurmstepd: error: _get_joules_task: can't get info from slurmd
slurmstepd: error: _get_joules_task: can't get info from slurmd
slurmstepd: error: _get_joules_task: can't get info from slurmd
slurmstepd: error: _get_joules_task: can't get info from slurmd
slurmstepd: error: _get_joules_task: can't get info from slurmd
slurmstepd: error: _get_joules_task: can't get info from slurmd
slurmstepd: error: _get_joules_task: can't get info from slurmd
slurmstepd: error: _get_joules_task: can't get info from slurmd
slurmstepd: error: _get_joules_task: can't get info from slurmd
slurmstepd: error: _get_joules_task: can't get info from slurmd
slurmstepd: error: _get_joules_task: can't get info from slurmd
slurmstepd: error: _get_joules_task: can't get info from slurmd
slurmstepd: error: _get_joules_task: can't get info from slurmd
slurmstepd: error: _get_joules_task: can't get info from slurmd
slurmstepd: error: _get_joules_task: can't get info from slurmd
slurmstepd: error: _get_joules_task: can't get info from slurmd
slurmstepd: error: _get_joules_task: can't get info from slurmd
slurmstepd: error: _get_joules_task: can't get info from slurmd
slurmstepd: error: _get_joules_task: can't get info from slurmd
slurmstepd: error: _get_joules_task: can't get info from slurmd
slurmstepd: error: _get_joules_task: can't get info from slurmd
slurmstepd: error: _get_joules_task: can't get info from slurmd
slurmstepd: error: _get_joules_task: can't get info from slurmd
slurmstepd: error: _get_joules_task: can't get info from slurmd
slurmstepd: error: _get_joules_task: can't get info from slurmd
slurmstepd: error: _get_joules_task: can't get info from slurmd
slurmstepd: error: _get_joules_task: can't get info from slurmd
slurmstepd: error: _get_joules_task: can't get info from slurmd
slurmstepd: error: _get_joules_task: can't get info from slurmd
slurmstepd: error: _get_joules_task: can't get info from slurmd
slurmstepd: error: _get_joules_task: can't get info from slurmd
slurmstepd: error: _get_joules_task: can't get info from slurmd
slurmstepd: error: _get_joules_task: can't get info from slurmd
slurmstepd: error: _get_joules_task: can't get info from slurmd
slurmstepd: error: _get_joules_task: can't get info from slurmd
slurmstepd: error: _get_joules_task: can't get info from slurmd
slurmstepd: error: _get_joules_task: can't get info from slurmd
slurmstepd: error: _get_joules_task: can't get info from slurmd
slurmstepd: error: _get_joules_task: can't get info from slurmd
slurmstepd: error: _get_joules_task: can't get info from slurmd
slurmstepd: error: _get_joules_task: can't get info from slurmd
Train loss: 0.017135269939899445 at step: 2400
Saving epoch 9...
=> Warning: Some sub-dataset DCT stats not ready yet.
=> Warning: No DCT stats found in ConcatDataset. Skipping...
=> Saved checkpoint to ./checkpoints/DCT_ResNet50_LM123/model_epoch_latest.pth
=> Warning: Some sub-dataset DCT stats not ready yet.
=> Warning: No DCT stats found in ConcatDataset. Skipping...
=> Saved checkpoint to ./checkpoints/DCT_ResNet50_LM123/model_epoch_9.pth
slurmstepd: error: _get_joules_task: can't get info from slurmd
slurmstepd: error: _get_joules_task: can't get info from slurmd
slurmstepd: error: _get_joules_task: can't get info from slurmd
slurmstepd: error: _get_joules_task: can't get info from slurmd
slurmstepd: error: _get_joules_task: can't get info from slurmd
slurmstepd: error: _get_joules_task: can't get info from slurmd
slurmstepd: error: _get_joules_task: can't get info from slurmd
slurmstepd: error: _get_joules_task: can't get info from slurmd
(Val @ epoch 9) acc: 0.706, ap: 0.7833221837461759
=> Warning: Some sub-dataset DCT stats not ready yet.
=> Warning: No DCT stats found in ConcatDataset. Skipping...
=> Saved checkpoint to ./checkpoints/DCT_ResNet50_LM123/model_epoch_epoch_9.pth
Validation accuracy increased (-inf --> 0.706000).  Saving model ...
=> Warning: Some sub-dataset DCT stats not ready yet.
=> Warning: No DCT stats found in ConcatDataset. Skipping...
=> Saved checkpoint to ./checkpoints/DCT_ResNet50_LM123/model_epoch_best.pth
slurmstepd: error: _get_joules_task: can't get info from slurmd
slurmstepd: error: _get_joules_task: can't get info from slurmd
slurmstepd: error: _get_joules_task: can't get info from slurmd
slurmstepd: error: _get_joules_task: can't get info from slurmd
slurmstepd: error: _get_joules_task: can't get info from slurmd
slurmstepd: error: _get_joules_task: can't get info from slurmd
slurmstepd: error: _get_joules_task: can't get info from slurmd
slurmstepd: error: _get_joules_task: can't get info from slurmd
slurmstepd: error: _get_joules_task: can't get info from slurmd
slurmstepd: error: _get_joules_task: can't get info from slurmd
slurmstepd: error: _get_joules_task: can't get info from slurmd
slurmstepd: error: _get_joules_task: can't get info from slurmd
slurmstepd: error: _get_joules_task: can't get info from slurmd
slurmstepd: error: _get_joules_task: can't get info from slurmd
slurmstepd: error: _get_joules_task: can't get info from slurmd
slurmstepd: error: _get_joules_task: can't get info from slurmd
slurmstepd: error: _get_joules_task: can't get info from slurmd
slurmstepd: error: _get_joules_task: can't get info from slurmd
slurmstepd: error: _get_joules_task: can't get info from slurmd
slurmstepd: error: _get_joules_task: can't get info from slurmd
slurmstepd: error: _get_joules_task: can't get info from slurmd
slurmstepd: error: _get_joules_task: can't get info from slurmd
slurmstepd: error: _get_joules_task: can't get info from slurmd
slurmstepd: error: _get_joules_task: can't get info from slurmd
slurmstepd: error: _get_joules_task: can't get info from slurmd
slurmstepd: error: _get_joules_task: can't get info from slurmd
slurmstepd: error: _get_joules_task: can't get info from slurmd
slurmstepd: error: _get_joules_task: can't get info from slurmd
slurmstepd: error: _get_joules_task: can't get info from slurmd
slurmstepd: error: _get_joules_task: can't get info from slurmd
slurmstepd: error: _get_joules_task: can't get info from slurmd
slurmstepd: error: _get_joules_task: can't get info from slurmd
slurmstepd: error: _get_joules_task: can't get info from slurmd
slurmstepd: error: _get_joules_task: can't get info from slurmd
slurmstepd: error: _get_joules_task: can't get info from slurmd
slurmstepd: error: _get_joules_task: can't get info from slurmd
slurmstepd: error: _get_joules_task: can't get info from slurmd
slurmstepd: error: _get_joules_task: can't get info from slurmd
slurmstepd: error: _get_joules_task: can't get info from slurmd
slurmstepd: error: _get_joules_task: can't get info from slurmd
slurmstepd: error: _get_joules_task: can't get info from slurmd
slurmstepd: error: _get_joules_task: can't get info from slurmd
slurmstepd: error: _get_joules_task: can't get info from slurmd
slurmstepd: error: _get_joules_task: can't get info from slurmd
slurmstepd: error: _get_joules_task: can't get info from slurmd
slurmstepd: error: _get_joules_task: can't get info from slurmd
slurmstepd: error: _get_joules_task: can't get info from slurmd
slurmstepd: error: _get_joules_task: can't get info from slurmd
slurmstepd: error: _get_joules_task: can't get info from slurmd
slurmstepd: error: _get_joules_task: can't get info from slurmd
slurmstepd: error: _get_joules_task: can't get info from slurmd
slurmstepd: error: _get_joules_task: can't get info from slurmd
slurmstepd: error: _get_joules_task: can't get info from slurmd
slurmstepd: error: _get_joules_task: can't get info from slurmd
slurmstepd: error: _get_joules_task: can't get info from slurmd
slurmstepd: error: _get_joules_task: can't get info from slurmd
slurmstepd: error: _get_joules_task: can't get info from slurmd
slurmstepd: error: _get_joules_task: can't get info from slurmd
slurmstepd: error: _get_joules_task: can't get info from slurmd
slurmstepd: error: _get_joules_task: can't get info from slurmd
slurmstepd: error: _get_joules_task: can't get info from slurmd
slurmstepd: error: _get_joules_task: can't get info from slurmd
slurmstepd: error: _get_joules_task: can't get info from slurmd
slurmstepd: error: _get_joules_task: can't get info from slurmd
slurmstepd: error: _get_joules_task: can't get info from slurmd
slurmstepd: error: _get_joules_task: can't get info from slurmd
slurmstepd: error: _get_joules_task: can't get info from slurmd
slurmstepd: error: _get_joules_task: can't get info from slurmd
slurmstepd: error: _get_joules_task: can't get info from slurmd
slurmstepd: error: _get_joules_task: can't get info from slurmd
slurmstepd: error: _get_joules_task: can't get info from slurmd
slurmstepd: error: _get_joules_task: can't get info from slurmd
slurmstepd: error: _get_joules_task: can't get info from slurmd
slurmstepd: error: _get_joules_task: can't get info from slurmd
slurmstepd: error: _get_joules_task: can't get info from slurmd
slurmstepd: error: _get_joules_task: can't get info from slurmd
slurmstepd: error: _get_joules_task: can't get info from slurmd
slurmstepd: error: _get_joules_task: can't get info from slurmd
slurmstepd: error: _get_joules_task: can't get info from slurmd
slurmstepd: error: _get_joules_task: can't get info from slurmd
slurmstepd: error: _get_joules_task: can't get info from slurmd
slurmstepd: error: _get_joules_task: can't get info from slurmd
slurmstepd: error: _get_joules_task: can't get info from slurmd
slurmstepd: error: _get_joules_task: can't get info from slurmd
slurmstepd: error: _get_joules_task: can't get info from slurmd
slurmstepd: error: _get_joules_task: can't get info from slurmd
slurmstepd: error: _get_joules_task: can't get info from slurmd
slurmstepd: error: _get_joules_task: can't get info from slurmd
slurmstepd: error: _get_joules_task: can't get info from slurmd
slurmstepd: error: _get_joules_task: can't get info from slurmd
slurmstepd: error: _get_joules_task: can't get info from slurmd
slurmstepd: error: _get_joules_task: can't get info from slurmd
slurmstepd: error: _get_joules_task: can't get info from slurmd
slurmstepd: error: _get_joules_task: can't get info from slurmd
slurmstepd: error: _get_joules_task: can't get info from slurmd
slurmstepd: error: _get_joules_task: can't get info from slurmd
slurmstepd: error: _get_joules_task: can't get info from slurmd
slurmstepd: error: _get_joules_task: can't get info from slurmd
slurmstepd: error: _get_joules_task: can't get info from slurmd
slurmstepd: error: _get_joules_task: can't get info from slurmd
slurmstepd: error: _get_joules_task: can't get info from slurmd
slurmstepd: error: _get_joules_task: can't get info from slurmd
slurmstepd: error: _get_joules_task: can't get info from slurmd
slurmstepd: error: _get_joules_task: can't get info from slurmd
slurmstepd: error: _get_joules_task: can't get info from slurmd
slurmstepd: error: _get_joules_task: can't get info from slurmd
slurmstepd: error: _get_joules_task: can't get info from slurmd
slurmstepd: error: _get_joules_task: can't get info from slurmd
slurmstepd: error: _get_joules_task: can't get info from slurmd
slurmstepd: error: _get_joules_task: can't get info from slurmd
slurmstepd: error: _get_joules_task: can't get info from slurmd
slurmstepd: error: _get_joules_task: can't get info from slurmd
slurmstepd: error: _get_joules_task: can't get info from slurmd
slurmstepd: error: _get_joules_task: can't get info from slurmd
slurmstepd: error: _get_joules_task: can't get info from slurmd
slurmstepd: error: _get_joules_task: can't get info from slurmd
slurmstepd: error: _get_joules_task: can't get info from slurmd
slurmstepd: error: _get_joules_task: can't get info from slurmd
slurmstepd: error: _get_joules_task: can't get info from slurmd
slurmstepd: error: _get_joules_task: can't get info from slurmd
slurmstepd: error: _get_joules_task: can't get info from slurmd
slurmstepd: error: _get_joules_task: can't get info from slurmd
slurmstepd: error: _get_joules_task: can't get info from slurmd
slurmstepd: error: _get_joules_task: can't get info from slurmd
slurmstepd: error: _get_joules_task: can't get info from slurmd
slurmstepd: error: _get_joules_task: can't get info from slurmd
slurmstepd: error: _get_joules_task: can't get info from slurmd
slurmstepd: error: _get_joules_task: can't get info from slurmd
slurmstepd: error: _get_joules_task: can't get info from slurmd
slurmstepd: error: _get_joules_task: can't get info from slurmd
slurmstepd: error: _get_joules_task: can't get info from slurmd
slurmstepd: error: _get_joules_task: can't get info from slurmd
slurmstepd: error: _get_joules_task: can't get info from slurmd
slurmstepd: error: _get_joules_task: can't get info from slurmd
slurmstepd: error: _get_joules_task: can't get info from slurmd
slurmstepd: error: _get_joules_task: can't get info from slurmd
slurmstepd: error: _get_joules_task: can't get info from slurmd
slurmstepd: error: _get_joules_task: can't get info from slurmd
slurmstepd: error: _get_joules_task: can't get info from slurmd
slurmstepd: error: _get_joules_task: can't get info from slurmd
slurmstepd: error: _get_joules_task: can't get info from slurmd
slurmstepd: error: _get_joules_task: can't get info from slurmd
slurmstepd: error: _get_joules_task: can't get info from slurmd
slurmstepd: error: _get_joules_task: can't get info from slurmd
slurmstepd: error: _get_joules_task: can't get info from slurmd
slurmstepd: error: _get_joules_task: can't get info from slurmd
slurmstepd: error: _get_joules_task: can't get info from slurmd
slurmstepd: error: _get_joules_task: can't get info from slurmd
slurmstepd: error: _get_joules_task: can't get info from slurmd
slurmstepd: error: _get_joules_task: can't get info from slurmd
slurmstepd: error: _get_joules_task: can't get info from slurmd
slurmstepd: error: _get_joules_task: can't get info from slurmd
slurmstepd: error: _get_joules_task: can't get info from slurmd
slurmstepd: error: _get_joules_task: can't get info from slurmd
slurmstepd: error: _get_joules_task: can't get info from slurmd
slurmstepd: error: _get_joules_task: can't get info from slurmd
slurmstepd: error: _get_joules_task: can't get info from slurmd
slurmstepd: error: _get_joules_task: can't get info from slurmd
slurmstepd: error: _get_joules_task: can't get info from slurmd
slurmstepd: error: _get_joules_task: can't get info from slurmd
slurmstepd: error: _get_joules_task: can't get info from slurmd
slurmstepd: error: _get_joules_task: can't get info from slurmd
slurmstepd: error: _get_joules_task: can't get info from slurmd
slurmstepd: error: _get_joules_task: can't get info from slurmd
slurmstepd: error: _get_joules_task: can't get info from slurmd
slurmstepd: error: _get_joules_task: can't get info from slurmd
slurmstepd: error: _get_joules_task: can't get info from slurmd
slurmstepd: error: _get_joules_task: can't get info from slurmd
slurmstepd: error: _get_joules_task: can't get info from slurmd
slurmstepd: error: _get_joules_task: can't get info from slurmd
slurmstepd: error: _get_joules_task: can't get info from slurmd
slurmstepd: error: _get_joules_task: can't get info from slurmd
slurmstepd: error: _get_joules_task: can't get info from slurmd
slurmstepd: error: _get_joules_task: can't get info from slurmd
slurmstepd: error: _get_joules_task: can't get info from slurmd
slurmstepd: error: _get_joules_task: can't get info from slurmd
slurmstepd: error: _get_joules_task: can't get info from slurmd
slurmstepd: error: _get_joules_task: can't get info from slurmd
slurmstepd: error: _get_joules_task: can't get info from slurmd
slurmstepd: error: _get_joules_task: can't get info from slurmd
slurmstepd: error: _get_joules_task: can't get info from slurmd
slurmstepd: error: _get_joules_task: can't get info from slurmd
slurmstepd: error: _get_joules_task: can't get info from slurmd
slurmstepd: error: _get_joules_task: can't get info from slurmd
slurmstepd: error: _get_joules_task: can't get info from slurmd
slurmstepd: error: _get_joules_task: can't get info from slurmd
slurmstepd: error: _get_joules_task: can't get info from slurmd
Saving epoch 10...
=> Warning: Some sub-dataset DCT stats not ready yet.
=> Warning: No DCT stats found in ConcatDataset. Skipping...
=> Saved checkpoint to ./checkpoints/DCT_ResNet50_LM123/model_epoch_latest.pth
=> Warning: Some sub-dataset DCT stats not ready yet.
=> Warning: No DCT stats found in ConcatDataset. Skipping...
=> Saved checkpoint to ./checkpoints/DCT_ResNet50_LM123/model_epoch_10.pth
slurmstepd: error: _get_joules_task: can't get info from slurmd
slurmstepd: error: _get_joules_task: can't get info from slurmd
slurmstepd: error: _get_joules_task: can't get info from slurmd
slurmstepd: error: _get_joules_task: can't get info from slurmd
slurmstepd: error: _get_joules_task: can't get info from slurmd
slurmstepd: error: _get_joules_task: can't get info from slurmd
slurmstepd: error: _get_joules_task: can't get info from slurmd
slurmstepd: error: _get_joules_task: can't get info from slurmd
(Val @ epoch 10) acc: 0.546, ap: 0.6949832891470684
=> Warning: Some sub-dataset DCT stats not ready yet.
=> Warning: No DCT stats found in ConcatDataset. Skipping...
=> Saved checkpoint to ./checkpoints/DCT_ResNet50_LM123/model_epoch_epoch_10.pth
EarlyStopping counter: 1 out of 5
slurmstepd: error: _get_joules_task: can't get info from slurmd
slurmstepd: error: _get_joules_task: can't get info from slurmd
slurmstepd: error: _get_joules_task: can't get info from slurmd
slurmstepd: error: _get_joules_task: can't get info from slurmd
slurmstepd: error: _get_joules_task: can't get info from slurmd
slurmstepd: error: _get_joules_task: can't get info from slurmd
slurmstepd: error: _get_joules_task: can't get info from slurmd
slurmstepd: error: _get_joules_task: can't get info from slurmd
slurmstepd: error: _get_joules_task: can't get info from slurmd
slurmstepd: error: _get_joules_task: can't get info from slurmd
slurmstepd: error: _get_joules_task: can't get info from slurmd
slurmstepd: error: _get_joules_task: can't get info from slurmd
slurmstepd: error: _get_joules_task: can't get info from slurmd
slurmstepd: error: _get_joules_task: can't get info from slurmd
slurmstepd: error: _get_joules_task: can't get info from slurmd
slurmstepd: error: _get_joules_task: can't get info from slurmd
slurmstepd: error: _get_joules_task: can't get info from slurmd
slurmstepd: error: _get_joules_task: can't get info from slurmd
slurmstepd: error: _get_joules_task: can't get info from slurmd
slurmstepd: error: _get_joules_task: can't get info from slurmd
slurmstepd: error: _get_joules_task: can't get info from slurmd
slurmstepd: error: _get_joules_task: can't get info from slurmd
slurmstepd: error: _get_joules_task: can't get info from slurmd
slurmstepd: error: _get_joules_task: can't get info from slurmd
slurmstepd: error: _get_joules_task: can't get info from slurmd
slurmstepd: error: _get_joules_task: can't get info from slurmd
slurmstepd: error: _get_joules_task: can't get info from slurmd
slurmstepd: error: _get_joules_task: can't get info from slurmd
slurmstepd: error: _get_joules_task: can't get info from slurmd
slurmstepd: error: _get_joules_task: can't get info from slurmd
slurmstepd: error: _get_joules_task: can't get info from slurmd
slurmstepd: error: _get_joules_task: can't get info from slurmd
slurmstepd: error: _get_joules_task: can't get info from slurmd
slurmstepd: error: _get_joules_task: can't get info from slurmd
slurmstepd: error: _get_joules_task: can't get info from slurmd
slurmstepd: error: _get_joules_task: can't get info from slurmd
slurmstepd: error: _get_joules_task: can't get info from slurmd
slurmstepd: error: _get_joules_task: can't get info from slurmd
slurmstepd: error: _get_joules_task: can't get info from slurmd
slurmstepd: error: _get_joules_task: can't get info from slurmd
slurmstepd: error: _get_joules_task: can't get info from slurmd
slurmstepd: error: _get_joules_task: can't get info from slurmd
slurmstepd: error: _get_joules_task: can't get info from slurmd
slurmstepd: error: _get_joules_task: can't get info from slurmd
slurmstepd: error: _get_joules_task: can't get info from slurmd
slurmstepd: error: _get_joules_task: can't get info from slurmd
slurmstepd: error: _get_joules_task: can't get info from slurmd
slurmstepd: error: _get_joules_task: can't get info from slurmd
slurmstepd: error: _get_joules_task: can't get info from slurmd
slurmstepd: error: _get_joules_task: can't get info from slurmd
slurmstepd: error: _get_joules_task: can't get info from slurmd
slurmstepd: error: _get_joules_task: can't get info from slurmd
slurmstepd: error: _get_joules_task: can't get info from slurmd
slurmstepd: error: _get_joules_task: can't get info from slurmd
slurmstepd: error: _get_joules_task: can't get info from slurmd
slurmstepd: error: _get_joules_task: can't get info from slurmd
slurmstepd: error: _get_joules_task: can't get info from slurmd
slurmstepd: error: _get_joules_task: can't get info from slurmd
slurmstepd: error: _get_joules_task: can't get info from slurmd
slurmstepd: error: _get_joules_task: can't get info from slurmd
slurmstepd: error: _get_joules_task: can't get info from slurmd
slurmstepd: error: _get_joules_task: can't get info from slurmd
slurmstepd: error: _get_joules_task: can't get info from slurmd
slurmstepd: error: _get_joules_task: can't get info from slurmd
slurmstepd: error: _get_joules_task: can't get info from slurmd
slurmstepd: error: _get_joules_task: can't get info from slurmd
slurmstepd: error: _get_joules_task: can't get info from slurmd
slurmstepd: error: _get_joules_task: can't get info from slurmd
slurmstepd: error: _get_joules_task: can't get info from slurmd
slurmstepd: error: _get_joules_task: can't get info from slurmd
slurmstepd: error: _get_joules_task: can't get info from slurmd
slurmstepd: error: _get_joules_task: can't get info from slurmd
slurmstepd: error: _get_joules_task: can't get info from slurmd
slurmstepd: error: _get_joules_task: can't get info from slurmd
slurmstepd: error: _get_joules_task: can't get info from slurmd
slurmstepd: error: _get_joules_task: can't get info from slurmd
slurmstepd: error: _get_joules_task: can't get info from slurmd
slurmstepd: error: _get_joules_task: can't get info from slurmd
slurmstepd: error: _get_joules_task: can't get info from slurmd
slurmstepd: error: _get_joules_task: can't get info from slurmd
slurmstepd: error: _get_joules_task: can't get info from slurmd
slurmstepd: error: _get_joules_task: can't get info from slurmd
slurmstepd: error: _get_joules_task: can't get info from slurmd
slurmstepd: error: _get_joules_task: can't get info from slurmd
slurmstepd: error: _get_joules_task: can't get info from slurmd
slurmstepd: error: _get_joules_task: can't get info from slurmd
slurmstepd: error: _get_joules_task: can't get info from slurmd
slurmstepd: error: _get_joules_task: can't get info from slurmd
slurmstepd: error: _get_joules_task: can't get info from slurmd
slurmstepd: error: _get_joules_task: can't get info from slurmd
slurmstepd: error: _get_joules_task: can't get info from slurmd
slurmstepd: error: _get_joules_task: can't get info from slurmd
slurmstepd: error: _get_joules_task: can't get info from slurmd
slurmstepd: error: _get_joules_task: can't get info from slurmd
slurmstepd: error: _get_joules_task: can't get info from slurmd
slurmstepd: error: _get_joules_task: can't get info from slurmd
slurmstepd: error: _get_joules_task: can't get info from slurmd
slurmstepd: error: _get_joules_task: can't get info from slurmd
slurmstepd: error: _get_joules_task: can't get info from slurmd
slurmstepd: error: _get_joules_task: can't get info from slurmd
slurmstepd: error: _get_joules_task: can't get info from slurmd
slurmstepd: error: _get_joules_task: can't get info from slurmd
slurmstepd: error: _get_joules_task: can't get info from slurmd
slurmstepd: error: _get_joules_task: can't get info from slurmd
slurmstepd: error: _get_joules_task: can't get info from slurmd
slurmstepd: error: _get_joules_task: can't get info from slurmd
slurmstepd: error: _get_joules_task: can't get info from slurmd
slurmstepd: error: _get_joules_task: can't get info from slurmd
slurmstepd: error: _get_joules_task: can't get info from slurmd
slurmstepd: error: _get_joules_task: can't get info from slurmd
slurmstepd: error: _get_joules_task: can't get info from slurmd
slurmstepd: error: _get_joules_task: can't get info from slurmd
slurmstepd: error: _get_joules_task: can't get info from slurmd
slurmstepd: error: _get_joules_task: can't get info from slurmd
slurmstepd: error: _get_joules_task: can't get info from slurmd
slurmstepd: error: _get_joules_task: can't get info from slurmd
slurmstepd: error: _get_joules_task: can't get info from slurmd
slurmstepd: error: _get_joules_task: can't get info from slurmd
slurmstepd: error: _get_joules_task: can't get info from slurmd
slurmstepd: error: _get_joules_task: can't get info from slurmd
slurmstepd: error: _get_joules_task: can't get info from slurmd
slurmstepd: error: _get_joules_task: can't get info from slurmd
slurmstepd: error: _get_joules_task: can't get info from slurmd
slurmstepd: error: _get_joules_task: can't get info from slurmd
slurmstepd: error: _get_joules_task: can't get info from slurmd
slurmstepd: error: _get_joules_task: can't get info from slurmd
slurmstepd: error: _get_joules_task: can't get info from slurmd
slurmstepd: error: _get_joules_task: can't get info from slurmd
slurmstepd: error: _get_joules_task: can't get info from slurmd
slurmstepd: error: _get_joules_task: can't get info from slurmd
slurmstepd: error: _get_joules_task: can't get info from slurmd
slurmstepd: error: _get_joules_task: can't get info from slurmd
slurmstepd: error: _get_joules_task: can't get info from slurmd
slurmstepd: error: _get_joules_task: can't get info from slurmd
slurmstepd: error: _get_joules_task: can't get info from slurmd
slurmstepd: error: _get_joules_task: can't get info from slurmd
slurmstepd: error: _get_joules_task: can't get info from slurmd
slurmstepd: error: _get_joules_task: can't get info from slurmd
slurmstepd: error: _get_joules_task: can't get info from slurmd
slurmstepd: error: _get_joules_task: can't get info from slurmd
slurmstepd: error: _get_joules_task: can't get info from slurmd
slurmstepd: error: _get_joules_task: can't get info from slurmd
slurmstepd: error: _get_joules_task: can't get info from slurmd
slurmstepd: error: _get_joules_task: can't get info from slurmd
slurmstepd: error: _get_joules_task: can't get info from slurmd
slurmstepd: error: _get_joules_task: can't get info from slurmd
slurmstepd: error: _get_joules_task: can't get info from slurmd
slurmstepd: error: _get_joules_task: can't get info from slurmd
slurmstepd: error: _get_joules_task: can't get info from slurmd
slurmstepd: error: _get_joules_task: can't get info from slurmd
slurmstepd: error: _get_joules_task: can't get info from slurmd
slurmstepd: error: _get_joules_task: can't get info from slurmd
slurmstepd: error: _get_joules_task: can't get info from slurmd
slurmstepd: error: _get_joules_task: can't get info from slurmd
slurmstepd: error: _get_joules_task: can't get info from slurmd
slurmstepd: error: _get_joules_task: can't get info from slurmd
slurmstepd: error: _get_joules_task: can't get info from slurmd
slurmstepd: error: _get_joules_task: can't get info from slurmd
slurmstepd: error: _get_joules_task: can't get info from slurmd
slurmstepd: error: _get_joules_task: can't get info from slurmd
slurmstepd: error: _get_joules_task: can't get info from slurmd
slurmstepd: error: _get_joules_task: can't get info from slurmd
slurmstepd: error: _get_joules_task: can't get info from slurmd
slurmstepd: error: _get_joules_task: can't get info from slurmd
slurmstepd: error: _get_joules_task: can't get info from slurmd
slurmstepd: error: _get_joules_task: can't get info from slurmd
slurmstepd: error: _get_joules_task: can't get info from slurmd
slurmstepd: error: _get_joules_task: can't get info from slurmd
slurmstepd: error: _get_joules_task: can't get info from slurmd
slurmstepd: error: _get_joules_task: can't get info from slurmd
slurmstepd: error: _get_joules_task: can't get info from slurmd
slurmstepd: error: _get_joules_task: can't get info from slurmd
slurmstepd: error: _get_joules_task: can't get info from slurmd
slurmstepd: error: _get_joules_task: can't get info from slurmd
slurmstepd: error: _get_joules_task: can't get info from slurmd
slurmstepd: error: _get_joules_task: can't get info from slurmd
slurmstepd: error: _get_joules_task: can't get info from slurmd
slurmstepd: error: _get_joules_task: can't get info from slurmd
slurmstepd: error: _get_joules_task: can't get info from slurmd
slurmstepd: error: _get_joules_task: can't get info from slurmd
slurmstepd: error: _get_joules_task: can't get info from slurmd
slurmstepd: error: _get_joules_task: can't get info from slurmd
slurmstepd: error: _get_joules_task: can't get info from slurmd
slurmstepd: error: _get_joules_task: can't get info from slurmd
slurmstepd: error: _get_joules_task: can't get info from slurmd
Train loss: 9.017955744639039e-05 at step: 2800
Saving epoch 11...
=> Warning: Some sub-dataset DCT stats not ready yet.
=> Warning: No DCT stats found in ConcatDataset. Skipping...
=> Saved checkpoint to ./checkpoints/DCT_ResNet50_LM123/model_epoch_latest.pth
=> Warning: Some sub-dataset DCT stats not ready yet.
=> Warning: No DCT stats found in ConcatDataset. Skipping...
=> Saved checkpoint to ./checkpoints/DCT_ResNet50_LM123/model_epoch_11.pth
slurmstepd: error: _get_joules_task: can't get info from slurmd
slurmstepd: error: _get_joules_task: can't get info from slurmd
slurmstepd: error: _get_joules_task: can't get info from slurmd
slurmstepd: error: _get_joules_task: can't get info from slurmd
slurmstepd: error: _get_joules_task: can't get info from slurmd
slurmstepd: error: _get_joules_task: can't get info from slurmd
slurmstepd: error: _get_joules_task: can't get info from slurmd
slurmstepd: error: _get_joules_task: can't get info from slurmd
(Val @ epoch 11) acc: 0.577, ap: 0.7251495239335416
=> Warning: Some sub-dataset DCT stats not ready yet.
=> Warning: No DCT stats found in ConcatDataset. Skipping...
=> Saved checkpoint to ./checkpoints/DCT_ResNet50_LM123/model_epoch_epoch_11.pth
EarlyStopping counter: 2 out of 5
slurmstepd: error: _get_joules_task: can't get info from slurmd
slurmstepd: error: _get_joules_task: can't get info from slurmd
slurmstepd: error: _get_joules_task: can't get info from slurmd
slurmstepd: error: _get_joules_task: can't get info from slurmd
slurmstepd: error: _get_joules_task: can't get info from slurmd
slurmstepd: error: _get_joules_task: can't get info from slurmd
slurmstepd: error: _get_joules_task: can't get info from slurmd
slurmstepd: error: _get_joules_task: can't get info from slurmd
slurmstepd: error: _get_joules_task: can't get info from slurmd
slurmstepd: error: _get_joules_task: can't get info from slurmd
slurmstepd: error: _get_joules_task: can't get info from slurmd
slurmstepd: error: _get_joules_task: can't get info from slurmd
slurmstepd: error: _get_joules_task: can't get info from slurmd
slurmstepd: error: _get_joules_task: can't get info from slurmd
slurmstepd: error: _get_joules_task: can't get info from slurmd
slurmstepd: error: _get_joules_task: can't get info from slurmd
slurmstepd: error: _get_joules_task: can't get info from slurmd
slurmstepd: error: _get_joules_task: can't get info from slurmd
slurmstepd: error: _get_joules_task: can't get info from slurmd
slurmstepd: error: _get_joules_task: can't get info from slurmd
slurmstepd: error: _get_joules_task: can't get info from slurmd
slurmstepd: error: _get_joules_task: can't get info from slurmd
slurmstepd: error: _get_joules_task: can't get info from slurmd
slurmstepd: error: _get_joules_task: can't get info from slurmd
slurmstepd: error: _get_joules_task: can't get info from slurmd
slurmstepd: error: _get_joules_task: can't get info from slurmd
slurmstepd: error: _get_joules_task: can't get info from slurmd
slurmstepd: error: _get_joules_task: can't get info from slurmd
slurmstepd: error: _get_joules_task: can't get info from slurmd
slurmstepd: error: _get_joules_task: can't get info from slurmd
slurmstepd: error: _get_joules_task: can't get info from slurmd
slurmstepd: error: _get_joules_task: can't get info from slurmd
slurmstepd: error: _get_joules_task: can't get info from slurmd
slurmstepd: error: _get_joules_task: can't get info from slurmd
slurmstepd: error: _get_joules_task: can't get info from slurmd
slurmstepd: error: _get_joules_task: can't get info from slurmd
slurmstepd: error: _get_joules_task: can't get info from slurmd
slurmstepd: error: _get_joules_task: can't get info from slurmd
slurmstepd: error: _get_joules_task: can't get info from slurmd
slurmstepd: error: _get_joules_task: can't get info from slurmd
slurmstepd: error: _get_joules_task: can't get info from slurmd
slurmstepd: error: _get_joules_task: can't get info from slurmd
slurmstepd: error: _get_joules_task: can't get info from slurmd
slurmstepd: error: _get_joules_task: can't get info from slurmd
slurmstepd: error: _get_joules_task: can't get info from slurmd
slurmstepd: error: _get_joules_task: can't get info from slurmd
slurmstepd: error: _get_joules_task: can't get info from slurmd
slurmstepd: error: _get_joules_task: can't get info from slurmd
slurmstepd: error: _get_joules_task: can't get info from slurmd
slurmstepd: error: _get_joules_task: can't get info from slurmd
slurmstepd: error: _get_joules_task: can't get info from slurmd
slurmstepd: error: _get_joules_task: can't get info from slurmd
slurmstepd: error: _get_joules_task: can't get info from slurmd
slurmstepd: error: _get_joules_task: can't get info from slurmd
slurmstepd: error: _get_joules_task: can't get info from slurmd
slurmstepd: error: _get_joules_task: can't get info from slurmd
slurmstepd: error: _get_joules_task: can't get info from slurmd
slurmstepd: error: _get_joules_task: can't get info from slurmd
slurmstepd: error: _get_joules_task: can't get info from slurmd
slurmstepd: error: _get_joules_task: can't get info from slurmd
slurmstepd: error: _get_joules_task: can't get info from slurmd
slurmstepd: error: _get_joules_task: can't get info from slurmd
slurmstepd: error: _get_joules_task: can't get info from slurmd
slurmstepd: error: _get_joules_task: can't get info from slurmd
slurmstepd: error: _get_joules_task: can't get info from slurmd
slurmstepd: error: _get_joules_task: can't get info from slurmd
slurmstepd: error: _get_joules_task: can't get info from slurmd
slurmstepd: error: _get_joules_task: can't get info from slurmd
slurmstepd: error: _get_joules_task: can't get info from slurmd
slurmstepd: error: _get_joules_task: can't get info from slurmd
slurmstepd: error: _get_joules_task: can't get info from slurmd
slurmstepd: error: _get_joules_task: can't get info from slurmd
slurmstepd: error: _get_joules_task: can't get info from slurmd
slurmstepd: error: _get_joules_task: can't get info from slurmd
slurmstepd: error: _get_joules_task: can't get info from slurmd
slurmstepd: error: _get_joules_task: can't get info from slurmd
slurmstepd: error: _get_joules_task: can't get info from slurmd
slurmstepd: error: _get_joules_task: can't get info from slurmd
slurmstepd: error: _get_joules_task: can't get info from slurmd
slurmstepd: error: _get_joules_task: can't get info from slurmd
slurmstepd: error: _get_joules_task: can't get info from slurmd
slurmstepd: error: _get_joules_task: can't get info from slurmd
slurmstepd: error: _get_joules_task: can't get info from slurmd
slurmstepd: error: _get_joules_task: can't get info from slurmd
slurmstepd: error: _get_joules_task: can't get info from slurmd
slurmstepd: error: _get_joules_task: can't get info from slurmd
slurmstepd: error: _get_joules_task: can't get info from slurmd
slurmstepd: error: _get_joules_task: can't get info from slurmd
slurmstepd: error: _get_joules_task: can't get info from slurmd
slurmstepd: error: _get_joules_task: can't get info from slurmd
slurmstepd: error: _get_joules_task: can't get info from slurmd
slurmstepd: error: _get_joules_task: can't get info from slurmd
slurmstepd: error: _get_joules_task: can't get info from slurmd
slurmstepd: error: _get_joules_task: can't get info from slurmd
slurmstepd: error: _get_joules_task: can't get info from slurmd
slurmstepd: error: _get_joules_task: can't get info from slurmd
slurmstepd: error: _get_joules_task: can't get info from slurmd
slurmstepd: error: _get_joules_task: can't get info from slurmd
slurmstepd: error: _get_joules_task: can't get info from slurmd
slurmstepd: error: _get_joules_task: can't get info from slurmd
slurmstepd: error: _get_joules_task: can't get info from slurmd
slurmstepd: error: _get_joules_task: can't get info from slurmd
slurmstepd: error: _get_joules_task: can't get info from slurmd
slurmstepd: error: _get_joules_task: can't get info from slurmd
slurmstepd: error: _get_joules_task: can't get info from slurmd
slurmstepd: error: _get_joules_task: can't get info from slurmd
slurmstepd: error: _get_joules_task: can't get info from slurmd
slurmstepd: error: _get_joules_task: can't get info from slurmd
slurmstepd: error: _get_joules_task: can't get info from slurmd
slurmstepd: error: _get_joules_task: can't get info from slurmd
slurmstepd: error: _get_joules_task: can't get info from slurmd
slurmstepd: error: _get_joules_task: can't get info from slurmd
slurmstepd: error: _get_joules_task: can't get info from slurmd
slurmstepd: error: _get_joules_task: can't get info from slurmd
slurmstepd: error: _get_joules_task: can't get info from slurmd
slurmstepd: error: _get_joules_task: can't get info from slurmd
slurmstepd: error: _get_joules_task: can't get info from slurmd
slurmstepd: error: _get_joules_task: can't get info from slurmd
slurmstepd: error: _get_joules_task: can't get info from slurmd
slurmstepd: error: _get_joules_task: can't get info from slurmd
slurmstepd: error: _get_joules_task: can't get info from slurmd
slurmstepd: error: _get_joules_task: can't get info from slurmd
slurmstepd: error: _get_joules_task: can't get info from slurmd
slurmstepd: error: _get_joules_task: can't get info from slurmd
slurmstepd: error: _get_joules_task: can't get info from slurmd
slurmstepd: error: _get_joules_task: can't get info from slurmd
slurmstepd: error: _get_joules_task: can't get info from slurmd
slurmstepd: error: _get_joules_task: can't get info from slurmd
slurmstepd: error: _get_joules_task: can't get info from slurmd
slurmstepd: error: _get_joules_task: can't get info from slurmd
slurmstepd: error: _get_joules_task: can't get info from slurmd
slurmstepd: error: _get_joules_task: can't get info from slurmd
slurmstepd: error: _get_joules_task: can't get info from slurmd
slurmstepd: error: _get_joules_task: can't get info from slurmd
slurmstepd: error: _get_joules_task: can't get info from slurmd
slurmstepd: error: _get_joules_task: can't get info from slurmd
slurmstepd: error: _get_joules_task: can't get info from slurmd
slurmstepd: error: _get_joules_task: can't get info from slurmd
slurmstepd: error: _get_joules_task: can't get info from slurmd
slurmstepd: error: _get_joules_task: can't get info from slurmd
slurmstepd: error: _get_joules_task: can't get info from slurmd
slurmstepd: error: _get_joules_task: can't get info from slurmd
slurmstepd: error: _get_joules_task: can't get info from slurmd
slurmstepd: error: _get_joules_task: can't get info from slurmd
slurmstepd: error: _get_joules_task: can't get info from slurmd
slurmstepd: error: _get_joules_task: can't get info from slurmd
slurmstepd: error: _get_joules_task: can't get info from slurmd
slurmstepd: error: _get_joules_task: can't get info from slurmd
slurmstepd: error: _get_joules_task: can't get info from slurmd
slurmstepd: error: _get_joules_task: can't get info from slurmd
slurmstepd: error: _get_joules_task: can't get info from slurmd
slurmstepd: error: _get_joules_task: can't get info from slurmd
slurmstepd: error: _get_joules_task: can't get info from slurmd
slurmstepd: error: _get_joules_task: can't get info from slurmd
slurmstepd: error: _get_joules_task: can't get info from slurmd
slurmstepd: error: _get_joules_task: can't get info from slurmd
slurmstepd: error: _get_joules_task: can't get info from slurmd
slurmstepd: error: _get_joules_task: can't get info from slurmd
slurmstepd: error: _get_joules_task: can't get info from slurmd
slurmstepd: error: _get_joules_task: can't get info from slurmd
slurmstepd: error: _get_joules_task: can't get info from slurmd
slurmstepd: error: _get_joules_task: can't get info from slurmd
slurmstepd: error: _get_joules_task: can't get info from slurmd
slurmstepd: error: _get_joules_task: can't get info from slurmd
slurmstepd: error: _get_joules_task: can't get info from slurmd
slurmstepd: error: _get_joules_task: can't get info from slurmd
slurmstepd: error: _get_joules_task: can't get info from slurmd
slurmstepd: error: _get_joules_task: can't get info from slurmd
slurmstepd: error: _get_joules_task: can't get info from slurmd
slurmstepd: error: _get_joules_task: can't get info from slurmd
slurmstepd: error: _get_joules_task: can't get info from slurmd
slurmstepd: error: _get_joules_task: can't get info from slurmd
slurmstepd: error: _get_joules_task: can't get info from slurmd
slurmstepd: error: _get_joules_task: can't get info from slurmd
slurmstepd: error: _get_joules_task: can't get info from slurmd
slurmstepd: error: _get_joules_task: can't get info from slurmd
slurmstepd: error: _get_joules_task: can't get info from slurmd
slurmstepd: error: _get_joules_task: can't get info from slurmd
slurmstepd: error: _get_joules_task: can't get info from slurmd
slurmstepd: error: _get_joules_task: can't get info from slurmd
slurmstepd: error: _get_joules_task: can't get info from slurmd
slurmstepd: error: _get_joules_task: can't get info from slurmd
slurmstepd: error: _get_joules_task: can't get info from slurmd
slurmstepd: error: _get_joules_task: can't get info from slurmd
slurmstepd: error: _get_joules_task: can't get info from slurmd
slurmstepd: error: _get_joules_task: can't get info from slurmd
slurmstepd: error: _get_joules_task: can't get info from slurmd
slurmstepd: error: _get_joules_task: can't get info from slurmd
Train loss: 0.006392676383256912 at step: 3200
Saving epoch 12...
=> Warning: Some sub-dataset DCT stats not ready yet.
=> Warning: No DCT stats found in ConcatDataset. Skipping...
=> Saved checkpoint to ./checkpoints/DCT_ResNet50_LM123/model_epoch_latest.pth
=> Warning: Some sub-dataset DCT stats not ready yet.
=> Warning: No DCT stats found in ConcatDataset. Skipping...
=> Saved checkpoint to ./checkpoints/DCT_ResNet50_LM123/model_epoch_12.pth
slurmstepd: error: _get_joules_task: can't get info from slurmd
slurmstepd: error: _get_joules_task: can't get info from slurmd
slurmstepd: error: _get_joules_task: can't get info from slurmd
slurmstepd: error: _get_joules_task: can't get info from slurmd
slurmstepd: error: _get_joules_task: can't get info from slurmd
slurmstepd: error: _get_joules_task: can't get info from slurmd
slurmstepd: error: _get_joules_task: can't get info from slurmd
slurmstepd: error: _get_joules_task: can't get info from slurmd
(Val @ epoch 12) acc: 0.504, ap: 0.662170057482609
=> Warning: Some sub-dataset DCT stats not ready yet.
=> Warning: No DCT stats found in ConcatDataset. Skipping...
=> Saved checkpoint to ./checkpoints/DCT_ResNet50_LM123/model_epoch_epoch_12.pth
EarlyStopping counter: 3 out of 5
slurmstepd: error: _get_joules_task: can't get info from slurmd
slurmstepd: error: _get_joules_task: can't get info from slurmd
slurmstepd: error: _get_joules_task: can't get info from slurmd
slurmstepd: error: _get_joules_task: can't get info from slurmd
slurmstepd: error: _get_joules_task: can't get info from slurmd
slurmstepd: error: _get_joules_task: can't get info from slurmd
slurmstepd: error: _get_joules_task: can't get info from slurmd
slurmstepd: error: _get_joules_task: can't get info from slurmd
slurmstepd: error: _get_joules_task: can't get info from slurmd
slurmstepd: error: _get_joules_task: can't get info from slurmd
slurmstepd: error: _get_joules_task: can't get info from slurmd
slurmstepd: error: _get_joules_task: can't get info from slurmd
slurmstepd: error: _get_joules_task: can't get info from slurmd
slurmstepd: error: _get_joules_task: can't get info from slurmd
slurmstepd: error: _get_joules_task: can't get info from slurmd
slurmstepd: error: _get_joules_task: can't get info from slurmd
slurmstepd: error: _get_joules_task: can't get info from slurmd
slurmstepd: error: _get_joules_task: can't get info from slurmd
slurmstepd: error: _get_joules_task: can't get info from slurmd
slurmstepd: error: _get_joules_task: can't get info from slurmd
slurmstepd: error: _get_joules_task: can't get info from slurmd
slurmstepd: error: _get_joules_task: can't get info from slurmd
slurmstepd: error: _get_joules_task: can't get info from slurmd
slurmstepd: error: _get_joules_task: can't get info from slurmd
slurmstepd: error: _get_joules_task: can't get info from slurmd
slurmstepd: error: _get_joules_task: can't get info from slurmd
slurmstepd: error: _get_joules_task: can't get info from slurmd
slurmstepd: error: _get_joules_task: can't get info from slurmd
slurmstepd: error: _get_joules_task: can't get info from slurmd
slurmstepd: error: _get_joules_task: can't get info from slurmd
slurmstepd: error: _get_joules_task: can't get info from slurmd
slurmstepd: error: _get_joules_task: can't get info from slurmd
slurmstepd: error: _get_joules_task: can't get info from slurmd
slurmstepd: error: _get_joules_task: can't get info from slurmd
slurmstepd: error: _get_joules_task: can't get info from slurmd
slurmstepd: error: _get_joules_task: can't get info from slurmd
slurmstepd: error: _get_joules_task: can't get info from slurmd
slurmstepd: error: _get_joules_task: can't get info from slurmd
slurmstepd: error: _get_joules_task: can't get info from slurmd
slurmstepd: error: _get_joules_task: can't get info from slurmd
slurmstepd: error: _get_joules_task: can't get info from slurmd
slurmstepd: error: _get_joules_task: can't get info from slurmd
slurmstepd: error: _get_joules_task: can't get info from slurmd
slurmstepd: error: _get_joules_task: can't get info from slurmd
slurmstepd: error: _get_joules_task: can't get info from slurmd
slurmstepd: error: _get_joules_task: can't get info from slurmd
slurmstepd: error: _get_joules_task: can't get info from slurmd
slurmstepd: error: _get_joules_task: can't get info from slurmd
slurmstepd: error: _get_joules_task: can't get info from slurmd
slurmstepd: error: _get_joules_task: can't get info from slurmd
slurmstepd: error: _get_joules_task: can't get info from slurmd
slurmstepd: error: _get_joules_task: can't get info from slurmd
slurmstepd: error: _get_joules_task: can't get info from slurmd
slurmstepd: error: _get_joules_task: can't get info from slurmd
slurmstepd: error: _get_joules_task: can't get info from slurmd
slurmstepd: error: _get_joules_task: can't get info from slurmd
slurmstepd: error: _get_joules_task: can't get info from slurmd
slurmstepd: error: _get_joules_task: can't get info from slurmd
slurmstepd: error: _get_joules_task: can't get info from slurmd
slurmstepd: error: _get_joules_task: can't get info from slurmd
slurmstepd: error: _get_joules_task: can't get info from slurmd
slurmstepd: error: _get_joules_task: can't get info from slurmd
slurmstepd: error: _get_joules_task: can't get info from slurmd
slurmstepd: error: _get_joules_task: can't get info from slurmd
slurmstepd: error: _get_joules_task: can't get info from slurmd
slurmstepd: error: _get_joules_task: can't get info from slurmd
slurmstepd: error: _get_joules_task: can't get info from slurmd
slurmstepd: error: _get_joules_task: can't get info from slurmd
slurmstepd: error: _get_joules_task: can't get info from slurmd
slurmstepd: error: _get_joules_task: can't get info from slurmd
slurmstepd: error: _get_joules_task: can't get info from slurmd
slurmstepd: error: _get_joules_task: can't get info from slurmd
slurmstepd: error: _get_joules_task: can't get info from slurmd
slurmstepd: error: _get_joules_task: can't get info from slurmd
slurmstepd: error: _get_joules_task: can't get info from slurmd
slurmstepd: error: _get_joules_task: can't get info from slurmd
slurmstepd: error: _get_joules_task: can't get info from slurmd
slurmstepd: error: _get_joules_task: can't get info from slurmd
slurmstepd: error: _get_joules_task: can't get info from slurmd
slurmstepd: error: _get_joules_task: can't get info from slurmd
slurmstepd: error: _get_joules_task: can't get info from slurmd
slurmstepd: error: _get_joules_task: can't get info from slurmd
slurmstepd: error: _get_joules_task: can't get info from slurmd
slurmstepd: error: _get_joules_task: can't get info from slurmd
slurmstepd: error: _get_joules_task: can't get info from slurmd
slurmstepd: error: _get_joules_task: can't get info from slurmd
slurmstepd: error: _get_joules_task: can't get info from slurmd
slurmstepd: error: _get_joules_task: can't get info from slurmd
slurmstepd: error: _get_joules_task: can't get info from slurmd
slurmstepd: error: _get_joules_task: can't get info from slurmd
slurmstepd: error: _get_joules_task: can't get info from slurmd
slurmstepd: error: _get_joules_task: can't get info from slurmd
slurmstepd: error: _get_joules_task: can't get info from slurmd
slurmstepd: error: _get_joules_task: can't get info from slurmd
slurmstepd: error: _get_joules_task: can't get info from slurmd
slurmstepd: error: _get_joules_task: can't get info from slurmd
slurmstepd: error: _get_joules_task: can't get info from slurmd
slurmstepd: error: _get_joules_task: can't get info from slurmd
slurmstepd: error: _get_joules_task: can't get info from slurmd
slurmstepd: error: _get_joules_task: can't get info from slurmd
slurmstepd: error: _get_joules_task: can't get info from slurmd
slurmstepd: error: _get_joules_task: can't get info from slurmd
slurmstepd: error: _get_joules_task: can't get info from slurmd
slurmstepd: error: _get_joules_task: can't get info from slurmd
slurmstepd: error: _get_joules_task: can't get info from slurmd
slurmstepd: error: _get_joules_task: can't get info from slurmd
slurmstepd: error: _get_joules_task: can't get info from slurmd
slurmstepd: error: _get_joules_task: can't get info from slurmd
slurmstepd: error: _get_joules_task: can't get info from slurmd
slurmstepd: error: _get_joules_task: can't get info from slurmd
slurmstepd: error: _get_joules_task: can't get info from slurmd
slurmstepd: error: _get_joules_task: can't get info from slurmd
slurmstepd: error: _get_joules_task: can't get info from slurmd
slurmstepd: error: _get_joules_task: can't get info from slurmd
slurmstepd: error: _get_joules_task: can't get info from slurmd
slurmstepd: error: _get_joules_task: can't get info from slurmd
slurmstepd: error: _get_joules_task: can't get info from slurmd
slurmstepd: error: _get_joules_task: can't get info from slurmd
slurmstepd: error: _get_joules_task: can't get info from slurmd
slurmstepd: error: _get_joules_task: can't get info from slurmd
slurmstepd: error: _get_joules_task: can't get info from slurmd
slurmstepd: error: _get_joules_task: can't get info from slurmd
slurmstepd: error: _get_joules_task: can't get info from slurmd
slurmstepd: error: _get_joules_task: can't get info from slurmd
slurmstepd: error: _get_joules_task: can't get info from slurmd
slurmstepd: error: _get_joules_task: can't get info from slurmd
slurmstepd: error: _get_joules_task: can't get info from slurmd
slurmstepd: error: _get_joules_task: can't get info from slurmd
slurmstepd: error: _get_joules_task: can't get info from slurmd
slurmstepd: error: _get_joules_task: can't get info from slurmd
slurmstepd: error: _get_joules_task: can't get info from slurmd
slurmstepd: error: _get_joules_task: can't get info from slurmd
slurmstepd: error: _get_joules_task: can't get info from slurmd
slurmstepd: error: _get_joules_task: can't get info from slurmd
slurmstepd: error: _get_joules_task: can't get info from slurmd
slurmstepd: error: _get_joules_task: can't get info from slurmd
slurmstepd: error: _get_joules_task: can't get info from slurmd
slurmstepd: error: _get_joules_task: can't get info from slurmd
slurmstepd: error: _get_joules_task: can't get info from slurmd
slurmstepd: error: _get_joules_task: can't get info from slurmd
slurmstepd: error: _get_joules_task: can't get info from slurmd
slurmstepd: error: _get_joules_task: can't get info from slurmd
slurmstepd: error: _get_joules_task: can't get info from slurmd
slurmstepd: error: _get_joules_task: can't get info from slurmd
slurmstepd: error: _get_joules_task: can't get info from slurmd
slurmstepd: error: _get_joules_task: can't get info from slurmd
slurmstepd: error: _get_joules_task: can't get info from slurmd
slurmstepd: error: _get_joules_task: can't get info from slurmd
slurmstepd: error: _get_joules_task: can't get info from slurmd
slurmstepd: error: _get_joules_task: can't get info from slurmd
slurmstepd: error: _get_joules_task: can't get info from slurmd
slurmstepd: error: _get_joules_task: can't get info from slurmd
slurmstepd: error: _get_joules_task: can't get info from slurmd
slurmstepd: error: _get_joules_task: can't get info from slurmd
slurmstepd: error: _get_joules_task: can't get info from slurmd
slurmstepd: error: _get_joules_task: can't get info from slurmd
slurmstepd: error: _get_joules_task: can't get info from slurmd
slurmstepd: error: _get_joules_task: can't get info from slurmd
slurmstepd: error: _get_joules_task: can't get info from slurmd
slurmstepd: error: _get_joules_task: can't get info from slurmd
slurmstepd: error: _get_joules_task: can't get info from slurmd
slurmstepd: error: _get_joules_task: can't get info from slurmd
slurmstepd: error: _get_joules_task: can't get info from slurmd
slurmstepd: error: _get_joules_task: can't get info from slurmd
slurmstepd: error: _get_joules_task: can't get info from slurmd
slurmstepd: error: _get_joules_task: can't get info from slurmd
slurmstepd: error: _get_joules_task: can't get info from slurmd
slurmstepd: error: _get_joules_task: can't get info from slurmd
slurmstepd: error: _get_joules_task: can't get info from slurmd
slurmstepd: error: _get_joules_task: can't get info from slurmd
slurmstepd: error: _get_joules_task: can't get info from slurmd
slurmstepd: error: _get_joules_task: can't get info from slurmd
slurmstepd: error: _get_joules_task: can't get info from slurmd
slurmstepd: error: _get_joules_task: can't get info from slurmd
slurmstepd: error: _get_joules_task: can't get info from slurmd
slurmstepd: error: _get_joules_task: can't get info from slurmd
slurmstepd: error: _get_joules_task: can't get info from slurmd
slurmstepd: error: _get_joules_task: can't get info from slurmd
slurmstepd: error: _get_joules_task: can't get info from slurmd
slurmstepd: error: _get_joules_task: can't get info from slurmd
slurmstepd: error: _get_joules_task: can't get info from slurmd
slurmstepd: error: _get_joules_task: can't get info from slurmd
slurmstepd: error: _get_joules_task: can't get info from slurmd
slurmstepd: error: _get_joules_task: can't get info from slurmd
slurmstepd: error: _get_joules_task: can't get info from slurmd
slurmstepd: error: _get_joules_task: can't get info from slurmd
slurmstepd: error: _get_joules_task: can't get info from slurmd
Saving epoch 13...
=> Warning: Some sub-dataset DCT stats not ready yet.
=> Warning: No DCT stats found in ConcatDataset. Skipping...
=> Saved checkpoint to ./checkpoints/DCT_ResNet50_LM123/model_epoch_latest.pth
=> Warning: Some sub-dataset DCT stats not ready yet.
=> Warning: No DCT stats found in ConcatDataset. Skipping...
=> Saved checkpoint to ./checkpoints/DCT_ResNet50_LM123/model_epoch_13.pth
slurmstepd: error: _get_joules_task: can't get info from slurmd
slurmstepd: error: _get_joules_task: can't get info from slurmd
slurmstepd: error: _get_joules_task: can't get info from slurmd
slurmstepd: error: _get_joules_task: can't get info from slurmd
slurmstepd: error: _get_joules_task: can't get info from slurmd
slurmstepd: error: _get_joules_task: can't get info from slurmd
slurmstepd: error: _get_joules_task: can't get info from slurmd
slurmstepd: error: _get_joules_task: can't get info from slurmd
(Val @ epoch 13) acc: 0.5605, ap: 0.7520623257152294
=> Warning: Some sub-dataset DCT stats not ready yet.
=> Warning: No DCT stats found in ConcatDataset. Skipping...
=> Saved checkpoint to ./checkpoints/DCT_ResNet50_LM123/model_epoch_epoch_13.pth
EarlyStopping counter: 4 out of 5
slurmstepd: error: _get_joules_task: can't get info from slurmd
slurmstepd: error: _get_joules_task: can't get info from slurmd
slurmstepd: error: _get_joules_task: can't get info from slurmd
slurmstepd: error: _get_joules_task: can't get info from slurmd
slurmstepd: error: _get_joules_task: can't get info from slurmd
slurmstepd: error: _get_joules_task: can't get info from slurmd
slurmstepd: error: _get_joules_task: can't get info from slurmd
slurmstepd: error: _get_joules_task: can't get info from slurmd
slurmstepd: error: _get_joules_task: can't get info from slurmd
slurmstepd: error: _get_joules_task: can't get info from slurmd
slurmstepd: error: _get_joules_task: can't get info from slurmd
slurmstepd: error: _get_joules_task: can't get info from slurmd
slurmstepd: error: _get_joules_task: can't get info from slurmd
slurmstepd: error: _get_joules_task: can't get info from slurmd
slurmstepd: error: _get_joules_task: can't get info from slurmd
slurmstepd: error: _get_joules_task: can't get info from slurmd
slurmstepd: error: _get_joules_task: can't get info from slurmd
slurmstepd: error: _get_joules_task: can't get info from slurmd
slurmstepd: error: _get_joules_task: can't get info from slurmd
slurmstepd: error: _get_joules_task: can't get info from slurmd
slurmstepd: error: _get_joules_task: can't get info from slurmd
slurmstepd: error: _get_joules_task: can't get info from slurmd
slurmstepd: error: _get_joules_task: can't get info from slurmd
slurmstepd: error: _get_joules_task: can't get info from slurmd
slurmstepd: error: _get_joules_task: can't get info from slurmd
slurmstepd: error: _get_joules_task: can't get info from slurmd
slurmstepd: error: _get_joules_task: can't get info from slurmd
slurmstepd: error: _get_joules_task: can't get info from slurmd
slurmstepd: error: _get_joules_task: can't get info from slurmd
slurmstepd: error: _get_joules_task: can't get info from slurmd
slurmstepd: error: _get_joules_task: can't get info from slurmd
slurmstepd: error: _get_joules_task: can't get info from slurmd
slurmstepd: error: _get_joules_task: can't get info from slurmd
slurmstepd: error: _get_joules_task: can't get info from slurmd
slurmstepd: error: _get_joules_task: can't get info from slurmd
slurmstepd: error: _get_joules_task: can't get info from slurmd
slurmstepd: error: _get_joules_task: can't get info from slurmd
slurmstepd: error: _get_joules_task: can't get info from slurmd
slurmstepd: error: _get_joules_task: can't get info from slurmd
slurmstepd: error: _get_joules_task: can't get info from slurmd
slurmstepd: error: _get_joules_task: can't get info from slurmd
slurmstepd: error: _get_joules_task: can't get info from slurmd
slurmstepd: error: _get_joules_task: can't get info from slurmd
slurmstepd: error: _get_joules_task: can't get info from slurmd
slurmstepd: error: _get_joules_task: can't get info from slurmd
slurmstepd: error: _get_joules_task: can't get info from slurmd
slurmstepd: error: _get_joules_task: can't get info from slurmd
slurmstepd: error: _get_joules_task: can't get info from slurmd
slurmstepd: error: _get_joules_task: can't get info from slurmd
slurmstepd: error: _get_joules_task: can't get info from slurmd
slurmstepd: error: _get_joules_task: can't get info from slurmd
slurmstepd: error: _get_joules_task: can't get info from slurmd
slurmstepd: error: _get_joules_task: can't get info from slurmd
slurmstepd: error: _get_joules_task: can't get info from slurmd
slurmstepd: error: _get_joules_task: can't get info from slurmd
slurmstepd: error: _get_joules_task: can't get info from slurmd
slurmstepd: error: _get_joules_task: can't get info from slurmd
slurmstepd: error: _get_joules_task: can't get info from slurmd
slurmstepd: error: _get_joules_task: can't get info from slurmd
slurmstepd: error: _get_joules_task: can't get info from slurmd
slurmstepd: error: _get_joules_task: can't get info from slurmd
slurmstepd: error: _get_joules_task: can't get info from slurmd
slurmstepd: error: _get_joules_task: can't get info from slurmd
slurmstepd: error: _get_joules_task: can't get info from slurmd
slurmstepd: error: _get_joules_task: can't get info from slurmd
slurmstepd: error: _get_joules_task: can't get info from slurmd
slurmstepd: error: _get_joules_task: can't get info from slurmd
slurmstepd: error: _get_joules_task: can't get info from slurmd
slurmstepd: error: _get_joules_task: can't get info from slurmd
slurmstepd: error: _get_joules_task: can't get info from slurmd
slurmstepd: error: _get_joules_task: can't get info from slurmd
slurmstepd: error: _get_joules_task: can't get info from slurmd
slurmstepd: error: _get_joules_task: can't get info from slurmd
slurmstepd: error: _get_joules_task: can't get info from slurmd
slurmstepd: error: _get_joules_task: can't get info from slurmd
slurmstepd: error: _get_joules_task: can't get info from slurmd
slurmstepd: error: _get_joules_task: can't get info from slurmd
slurmstepd: error: _get_joules_task: can't get info from slurmd
slurmstepd: error: _get_joules_task: can't get info from slurmd
slurmstepd: error: _get_joules_task: can't get info from slurmd
slurmstepd: error: _get_joules_task: can't get info from slurmd
slurmstepd: error: _get_joules_task: can't get info from slurmd
slurmstepd: error: _get_joules_task: can't get info from slurmd
slurmstepd: error: _get_joules_task: can't get info from slurmd
slurmstepd: error: _get_joules_task: can't get info from slurmd
slurmstepd: error: _get_joules_task: can't get info from slurmd
slurmstepd: error: _get_joules_task: can't get info from slurmd
slurmstepd: error: _get_joules_task: can't get info from slurmd
slurmstepd: error: _get_joules_task: can't get info from slurmd
slurmstepd: error: _get_joules_task: can't get info from slurmd
slurmstepd: error: _get_joules_task: can't get info from slurmd
slurmstepd: error: _get_joules_task: can't get info from slurmd
slurmstepd: error: _get_joules_task: can't get info from slurmd
slurmstepd: error: _get_joules_task: can't get info from slurmd
slurmstepd: error: _get_joules_task: can't get info from slurmd
slurmstepd: error: _get_joules_task: can't get info from slurmd
slurmstepd: error: _get_joules_task: can't get info from slurmd
slurmstepd: error: _get_joules_task: can't get info from slurmd
slurmstepd: error: _get_joules_task: can't get info from slurmd
slurmstepd: error: _get_joules_task: can't get info from slurmd
slurmstepd: error: _get_joules_task: can't get info from slurmd
slurmstepd: error: _get_joules_task: can't get info from slurmd
slurmstepd: error: _get_joules_task: can't get info from slurmd
slurmstepd: error: _get_joules_task: can't get info from slurmd
slurmstepd: error: _get_joules_task: can't get info from slurmd
slurmstepd: error: _get_joules_task: can't get info from slurmd
slurmstepd: error: _get_joules_task: can't get info from slurmd
slurmstepd: error: _get_joules_task: can't get info from slurmd
slurmstepd: error: _get_joules_task: can't get info from slurmd
slurmstepd: error: _get_joules_task: can't get info from slurmd
slurmstepd: error: _get_joules_task: can't get info from slurmd
slurmstepd: error: _get_joules_task: can't get info from slurmd
slurmstepd: error: _get_joules_task: can't get info from slurmd
slurmstepd: error: _get_joules_task: can't get info from slurmd
slurmstepd: error: _get_joules_task: can't get info from slurmd
slurmstepd: error: _get_joules_task: can't get info from slurmd
slurmstepd: error: _get_joules_task: can't get info from slurmd
slurmstepd: error: _get_joules_task: can't get info from slurmd
slurmstepd: error: _get_joules_task: can't get info from slurmd
slurmstepd: error: _get_joules_task: can't get info from slurmd
slurmstepd: error: _get_joules_task: can't get info from slurmd
slurmstepd: error: _get_joules_task: can't get info from slurmd
slurmstepd: error: _get_joules_task: can't get info from slurmd
slurmstepd: error: _get_joules_task: can't get info from slurmd
slurmstepd: error: _get_joules_task: can't get info from slurmd
slurmstepd: error: _get_joules_task: can't get info from slurmd
slurmstepd: error: _get_joules_task: can't get info from slurmd
slurmstepd: error: _get_joules_task: can't get info from slurmd
slurmstepd: error: _get_joules_task: can't get info from slurmd
slurmstepd: error: _get_joules_task: can't get info from slurmd
slurmstepd: error: _get_joules_task: can't get info from slurmd
slurmstepd: error: _get_joules_task: can't get info from slurmd
slurmstepd: error: _get_joules_task: can't get info from slurmd
slurmstepd: error: _get_joules_task: can't get info from slurmd
slurmstepd: error: _get_joules_task: can't get info from slurmd
slurmstepd: error: _get_joules_task: can't get info from slurmd
slurmstepd: error: _get_joules_task: can't get info from slurmd
slurmstepd: error: _get_joules_task: can't get info from slurmd
slurmstepd: error: _get_joules_task: can't get info from slurmd
slurmstepd: error: _get_joules_task: can't get info from slurmd
slurmstepd: error: _get_joules_task: can't get info from slurmd
slurmstepd: error: _get_joules_task: can't get info from slurmd
slurmstepd: error: _get_joules_task: can't get info from slurmd
slurmstepd: error: _get_joules_task: can't get info from slurmd
slurmstepd: error: _get_joules_task: can't get info from slurmd
slurmstepd: error: _get_joules_task: can't get info from slurmd
slurmstepd: error: _get_joules_task: can't get info from slurmd
slurmstepd: error: _get_joules_task: can't get info from slurmd
slurmstepd: error: _get_joules_task: can't get info from slurmd
slurmstepd: error: _get_joules_task: can't get info from slurmd
slurmstepd: error: _get_joules_task: can't get info from slurmd
slurmstepd: error: _get_joules_task: can't get info from slurmd
slurmstepd: error: _get_joules_task: can't get info from slurmd
slurmstepd: error: _get_joules_task: can't get info from slurmd
slurmstepd: error: _get_joules_task: can't get info from slurmd
slurmstepd: error: _get_joules_task: can't get info from slurmd
slurmstepd: error: _get_joules_task: can't get info from slurmd
slurmstepd: error: _get_joules_task: can't get info from slurmd
slurmstepd: error: _get_joules_task: can't get info from slurmd
slurmstepd: error: _get_joules_task: can't get info from slurmd
slurmstepd: error: _get_joules_task: can't get info from slurmd
slurmstepd: error: _get_joules_task: can't get info from slurmd
slurmstepd: error: _get_joules_task: can't get info from slurmd
slurmstepd: error: _get_joules_task: can't get info from slurmd
slurmstepd: error: _get_joules_task: can't get info from slurmd
slurmstepd: error: _get_joules_task: can't get info from slurmd
slurmstepd: error: _get_joules_task: can't get info from slurmd
slurmstepd: error: _get_joules_task: can't get info from slurmd
slurmstepd: error: _get_joules_task: can't get info from slurmd
slurmstepd: error: _get_joules_task: can't get info from slurmd
slurmstepd: error: _get_joules_task: can't get info from slurmd
slurmstepd: error: _get_joules_task: can't get info from slurmd
slurmstepd: error: _get_joules_task: can't get info from slurmd
slurmstepd: error: _get_joules_task: can't get info from slurmd
slurmstepd: error: _get_joules_task: can't get info from slurmd
slurmstepd: error: _get_joules_task: can't get info from slurmd
slurmstepd: error: _get_joules_task: can't get info from slurmd
slurmstepd: error: _get_joules_task: can't get info from slurmd
slurmstepd: error: _get_joules_task: can't get info from slurmd
slurmstepd: error: _get_joules_task: can't get info from slurmd
slurmstepd: error: _get_joules_task: can't get info from slurmd
slurmstepd: error: _get_joules_task: can't get info from slurmd
slurmstepd: error: _get_joules_task: can't get info from slurmd
slurmstepd: error: _get_joules_task: can't get info from slurmd
slurmstepd: error: _get_joules_task: can't get info from slurmd
slurmstepd: error: _get_joules_task: can't get info from slurmd
slurmstepd: error: _get_joules_task: can't get info from slurmd
slurmstepd: error: _get_joules_task: can't get info from slurmd
slurmstepd: error: _get_joules_task: can't get info from slurmd
slurmstepd: error: _get_joules_task: can't get info from slurmd
Train loss: 9.256709017790854e-05 at step: 3600
Saving epoch 14...
=> Warning: Some sub-dataset DCT stats not ready yet.
=> Warning: No DCT stats found in ConcatDataset. Skipping...
=> Saved checkpoint to ./checkpoints/DCT_ResNet50_LM123/model_epoch_latest.pth
=> Warning: Some sub-dataset DCT stats not ready yet.
=> Warning: No DCT stats found in ConcatDataset. Skipping...
=> Saved checkpoint to ./checkpoints/DCT_ResNet50_LM123/model_epoch_14.pth
slurmstepd: error: _get_joules_task: can't get info from slurmd
slurmstepd: error: _get_joules_task: can't get info from slurmd
slurmstepd: error: _get_joules_task: can't get info from slurmd
slurmstepd: error: _get_joules_task: can't get info from slurmd
slurmstepd: error: _get_joules_task: can't get info from slurmd
slurmstepd: error: _get_joules_task: can't get info from slurmd
slurmstepd: error: _get_joules_task: can't get info from slurmd
slurmstepd: error: _get_joules_task: can't get info from slurmd
(Val @ epoch 14) acc: 0.5, ap: 0.5949729399358976
=> Warning: Some sub-dataset DCT stats not ready yet.
=> Warning: No DCT stats found in ConcatDataset. Skipping...
=> Saved checkpoint to ./checkpoints/DCT_ResNet50_LM123/model_epoch_epoch_14.pth
EarlyStopping counter: 5 out of 5
Learning rate reduced. Continuing training with new patience.
slurmstepd: error: _get_joules_task: can't get info from slurmd
slurmstepd: error: _get_joules_task: can't get info from slurmd
slurmstepd: error: _get_joules_task: can't get info from slurmd
slurmstepd: error: _get_joules_task: can't get info from slurmd
slurmstepd: error: _get_joules_task: can't get info from slurmd
slurmstepd: error: _get_joules_task: can't get info from slurmd
slurmstepd: error: _get_joules_task: can't get info from slurmd
slurmstepd: error: _get_joules_task: can't get info from slurmd
slurmstepd: error: _get_joules_task: can't get info from slurmd
slurmstepd: error: _get_joules_task: can't get info from slurmd
slurmstepd: error: _get_joules_task: can't get info from slurmd
slurmstepd: error: _get_joules_task: can't get info from slurmd
slurmstepd: error: _get_joules_task: can't get info from slurmd
slurmstepd: error: _get_joules_task: can't get info from slurmd
slurmstepd: error: _get_joules_task: can't get info from slurmd
slurmstepd: error: _get_joules_task: can't get info from slurmd
slurmstepd: error: _get_joules_task: can't get info from slurmd
slurmstepd: error: _get_joules_task: can't get info from slurmd
slurmstepd: error: _get_joules_task: can't get info from slurmd
slurmstepd: error: _get_joules_task: can't get info from slurmd
slurmstepd: error: _get_joules_task: can't get info from slurmd
slurmstepd: error: _get_joules_task: can't get info from slurmd
slurmstepd: error: _get_joules_task: can't get info from slurmd
slurmstepd: error: _get_joules_task: can't get info from slurmd
slurmstepd: error: _get_joules_task: can't get info from slurmd
slurmstepd: error: _get_joules_task: can't get info from slurmd
slurmstepd: error: _get_joules_task: can't get info from slurmd
slurmstepd: error: _get_joules_task: can't get info from slurmd
slurmstepd: error: _get_joules_task: can't get info from slurmd
slurmstepd: error: _get_joules_task: can't get info from slurmd
slurmstepd: error: _get_joules_task: can't get info from slurmd
slurmstepd: error: _get_joules_task: can't get info from slurmd
slurmstepd: error: _get_joules_task: can't get info from slurmd
slurmstepd: error: _get_joules_task: can't get info from slurmd
slurmstepd: error: _get_joules_task: can't get info from slurmd
slurmstepd: error: _get_joules_task: can't get info from slurmd
slurmstepd: error: _get_joules_task: can't get info from slurmd
slurmstepd: error: _get_joules_task: can't get info from slurmd
slurmstepd: error: _get_joules_task: can't get info from slurmd
slurmstepd: error: _get_joules_task: can't get info from slurmd
slurmstepd: error: _get_joules_task: can't get info from slurmd
slurmstepd: error: _get_joules_task: can't get info from slurmd
slurmstepd: error: _get_joules_task: can't get info from slurmd
slurmstepd: error: _get_joules_task: can't get info from slurmd
slurmstepd: error: _get_joules_task: can't get info from slurmd
slurmstepd: error: _get_joules_task: can't get info from slurmd
slurmstepd: error: _get_joules_task: can't get info from slurmd
slurmstepd: error: _get_joules_task: can't get info from slurmd
slurmstepd: error: _get_joules_task: can't get info from slurmd
slurmstepd: error: _get_joules_task: can't get info from slurmd
slurmstepd: error: _get_joules_task: can't get info from slurmd
slurmstepd: error: _get_joules_task: can't get info from slurmd
slurmstepd: error: _get_joules_task: can't get info from slurmd
slurmstepd: error: _get_joules_task: can't get info from slurmd
slurmstepd: error: _get_joules_task: can't get info from slurmd
slurmstepd: error: _get_joules_task: can't get info from slurmd
slurmstepd: error: _get_joules_task: can't get info from slurmd
slurmstepd: error: _get_joules_task: can't get info from slurmd
slurmstepd: error: _get_joules_task: can't get info from slurmd
slurmstepd: error: _get_joules_task: can't get info from slurmd
slurmstepd: error: _get_joules_task: can't get info from slurmd
slurmstepd: error: _get_joules_task: can't get info from slurmd
slurmstepd: error: _get_joules_task: can't get info from slurmd
slurmstepd: error: _get_joules_task: can't get info from slurmd
slurmstepd: error: _get_joules_task: can't get info from slurmd
slurmstepd: error: _get_joules_task: can't get info from slurmd
slurmstepd: error: _get_joules_task: can't get info from slurmd
slurmstepd: error: _get_joules_task: can't get info from slurmd
slurmstepd: error: _get_joules_task: can't get info from slurmd
slurmstepd: error: _get_joules_task: can't get info from slurmd
slurmstepd: error: _get_joules_task: can't get info from slurmd
slurmstepd: error: _get_joules_task: can't get info from slurmd
slurmstepd: error: _get_joules_task: can't get info from slurmd
slurmstepd: error: _get_joules_task: can't get info from slurmd
slurmstepd: error: _get_joules_task: can't get info from slurmd
slurmstepd: error: _get_joules_task: can't get info from slurmd
slurmstepd: error: _get_joules_task: can't get info from slurmd
slurmstepd: error: _get_joules_task: can't get info from slurmd
slurmstepd: error: _get_joules_task: can't get info from slurmd
slurmstepd: error: _get_joules_task: can't get info from slurmd
slurmstepd: error: _get_joules_task: can't get info from slurmd
slurmstepd: error: _get_joules_task: can't get info from slurmd
slurmstepd: error: _get_joules_task: can't get info from slurmd
slurmstepd: error: _get_joules_task: can't get info from slurmd
slurmstepd: error: _get_joules_task: can't get info from slurmd
slurmstepd: error: _get_joules_task: can't get info from slurmd
slurmstepd: error: _get_joules_task: can't get info from slurmd
slurmstepd: error: _get_joules_task: can't get info from slurmd
slurmstepd: error: _get_joules_task: can't get info from slurmd
slurmstepd: error: _get_joules_task: can't get info from slurmd
slurmstepd: error: _get_joules_task: can't get info from slurmd
slurmstepd: error: _get_joules_task: can't get info from slurmd
slurmstepd: error: _get_joules_task: can't get info from slurmd
slurmstepd: error: _get_joules_task: can't get info from slurmd
slurmstepd: error: _get_joules_task: can't get info from slurmd
slurmstepd: error: _get_joules_task: can't get info from slurmd
slurmstepd: error: _get_joules_task: can't get info from slurmd
slurmstepd: error: _get_joules_task: can't get info from slurmd
slurmstepd: error: _get_joules_task: can't get info from slurmd
slurmstepd: error: _get_joules_task: can't get info from slurmd
slurmstepd: error: _get_joules_task: can't get info from slurmd
slurmstepd: error: _get_joules_task: can't get info from slurmd
slurmstepd: error: _get_joules_task: can't get info from slurmd
slurmstepd: error: _get_joules_task: can't get info from slurmd
slurmstepd: error: _get_joules_task: can't get info from slurmd
slurmstepd: error: _get_joules_task: can't get info from slurmd
slurmstepd: error: _get_joules_task: can't get info from slurmd
slurmstepd: error: _get_joules_task: can't get info from slurmd
slurmstepd: error: _get_joules_task: can't get info from slurmd
slurmstepd: error: _get_joules_task: can't get info from slurmd
slurmstepd: error: _get_joules_task: can't get info from slurmd
slurmstepd: error: _get_joules_task: can't get info from slurmd
slurmstepd: error: _get_joules_task: can't get info from slurmd
slurmstepd: error: _get_joules_task: can't get info from slurmd
slurmstepd: error: _get_joules_task: can't get info from slurmd
slurmstepd: error: _get_joules_task: can't get info from slurmd
slurmstepd: error: _get_joules_task: can't get info from slurmd
slurmstepd: error: _get_joules_task: can't get info from slurmd
slurmstepd: error: _get_joules_task: can't get info from slurmd
slurmstepd: error: _get_joules_task: can't get info from slurmd
slurmstepd: error: _get_joules_task: can't get info from slurmd
slurmstepd: error: _get_joules_task: can't get info from slurmd
slurmstepd: error: _get_joules_task: can't get info from slurmd
slurmstepd: error: _get_joules_task: can't get info from slurmd
slurmstepd: error: _get_joules_task: can't get info from slurmd
slurmstepd: error: _get_joules_task: can't get info from slurmd
slurmstepd: error: _get_joules_task: can't get info from slurmd
slurmstepd: error: _get_joules_task: can't get info from slurmd
slurmstepd: error: _get_joules_task: can't get info from slurmd
slurmstepd: error: _get_joules_task: can't get info from slurmd
slurmstepd: error: _get_joules_task: can't get info from slurmd
slurmstepd: error: _get_joules_task: can't get info from slurmd
slurmstepd: error: _get_joules_task: can't get info from slurmd
slurmstepd: error: _get_joules_task: can't get info from slurmd
slurmstepd: error: _get_joules_task: can't get info from slurmd
slurmstepd: error: _get_joules_task: can't get info from slurmd
slurmstepd: error: _get_joules_task: can't get info from slurmd
slurmstepd: error: _get_joules_task: can't get info from slurmd
slurmstepd: error: _get_joules_task: can't get info from slurmd
slurmstepd: error: _get_joules_task: can't get info from slurmd
slurmstepd: error: _get_joules_task: can't get info from slurmd
slurmstepd: error: _get_joules_task: can't get info from slurmd
slurmstepd: error: _get_joules_task: can't get info from slurmd
slurmstepd: error: _get_joules_task: can't get info from slurmd
slurmstepd: error: _get_joules_task: can't get info from slurmd
slurmstepd: error: _get_joules_task: can't get info from slurmd
slurmstepd: error: _get_joules_task: can't get info from slurmd
slurmstepd: error: _get_joules_task: can't get info from slurmd
slurmstepd: error: _get_joules_task: can't get info from slurmd
slurmstepd: error: _get_joules_task: can't get info from slurmd
slurmstepd: error: _get_joules_task: can't get info from slurmd
slurmstepd: error: _get_joules_task: can't get info from slurmd
slurmstepd: error: _get_joules_task: can't get info from slurmd
slurmstepd: error: _get_joules_task: can't get info from slurmd
slurmstepd: error: _get_joules_task: can't get info from slurmd
slurmstepd: error: _get_joules_task: can't get info from slurmd
slurmstepd: error: _get_joules_task: can't get info from slurmd
slurmstepd: error: _get_joules_task: can't get info from slurmd
slurmstepd: error: _get_joules_task: can't get info from slurmd
slurmstepd: error: _get_joules_task: can't get info from slurmd
slurmstepd: error: _get_joules_task: can't get info from slurmd
slurmstepd: error: _get_joules_task: can't get info from slurmd
slurmstepd: error: _get_joules_task: can't get info from slurmd
slurmstepd: error: _get_joules_task: can't get info from slurmd
slurmstepd: error: _get_joules_task: can't get info from slurmd
slurmstepd: error: _get_joules_task: can't get info from slurmd
slurmstepd: error: _get_joules_task: can't get info from slurmd
slurmstepd: error: _get_joules_task: can't get info from slurmd
slurmstepd: error: _get_joules_task: can't get info from slurmd
slurmstepd: error: _get_joules_task: can't get info from slurmd
slurmstepd: error: _get_joules_task: can't get info from slurmd
slurmstepd: error: _get_joules_task: can't get info from slurmd
slurmstepd: error: _get_joules_task: can't get info from slurmd
slurmstepd: error: _get_joules_task: can't get info from slurmd
slurmstepd: error: _get_joules_task: can't get info from slurmd
slurmstepd: error: _get_joules_task: can't get info from slurmd
slurmstepd: error: _get_joules_task: can't get info from slurmd
slurmstepd: error: _get_joules_task: can't get info from slurmd
slurmstepd: error: _get_joules_task: can't get info from slurmd
slurmstepd: error: _get_joules_task: can't get info from slurmd
slurmstepd: error: _get_joules_task: can't get info from slurmd
slurmstepd: error: _get_joules_task: can't get info from slurmd
slurmstepd: error: _get_joules_task: can't get info from slurmd
slurmstepd: error: _get_joules_task: can't get info from slurmd
slurmstepd: error: _get_joules_task: can't get info from slurmd
slurmstepd: error: _get_joules_task: can't get info from slurmd
Train loss: 0.0036689462140202522 at step: 4000
Saving latest model (epoch 15, step 4000)
=> Warning: Some sub-dataset DCT stats not ready yet.
=> Warning: No DCT stats found in ConcatDataset. Skipping...
=> Saved checkpoint to ./checkpoints/DCT_ResNet50_LM123/model_epoch_latest.pth
Saving epoch 15...
=> Warning: Some sub-dataset DCT stats not ready yet.
=> Warning: No DCT stats found in ConcatDataset. Skipping...
=> Saved checkpoint to ./checkpoints/DCT_ResNet50_LM123/model_epoch_latest.pth
=> Warning: Some sub-dataset DCT stats not ready yet.
=> Warning: No DCT stats found in ConcatDataset. Skipping...
=> Saved checkpoint to ./checkpoints/DCT_ResNet50_LM123/model_epoch_15.pth
slurmstepd: error: _get_joules_task: can't get info from slurmd
slurmstepd: error: _get_joules_task: can't get info from slurmd
slurmstepd: error: _get_joules_task: can't get info from slurmd
slurmstepd: error: _get_joules_task: can't get info from slurmd
slurmstepd: error: _get_joules_task: can't get info from slurmd
slurmstepd: error: _get_joules_task: can't get info from slurmd
slurmstepd: error: _get_joules_task: can't get info from slurmd
slurmstepd: error: _get_joules_task: can't get info from slurmd
(Val @ epoch 15) acc: 0.5335, ap: 0.6333764157882263
=> Warning: Some sub-dataset DCT stats not ready yet.
=> Warning: No DCT stats found in ConcatDataset. Skipping...
=> Saved checkpoint to ./checkpoints/DCT_ResNet50_LM123/model_epoch_epoch_15.pth
Validation accuracy increased (-inf --> 0.533500).  Saving model ...
=> Warning: Some sub-dataset DCT stats not ready yet.
=> Warning: No DCT stats found in ConcatDataset. Skipping...
=> Saved checkpoint to ./checkpoints/DCT_ResNet50_LM123/model_epoch_best.pth
slurmstepd: error: _get_joules_task: can't get info from slurmd
slurmstepd: error: _get_joules_task: can't get info from slurmd
slurmstepd: error: _get_joules_task: can't get info from slurmd
slurmstepd: error: _get_joules_task: can't get info from slurmd
slurmstepd: error: _get_joules_task: can't get info from slurmd
slurmstepd: error: _get_joules_task: can't get info from slurmd
slurmstepd: error: _get_joules_task: can't get info from slurmd
slurmstepd: error: _get_joules_task: can't get info from slurmd
slurmstepd: error: _get_joules_task: can't get info from slurmd
slurmstepd: error: _get_joules_task: can't get info from slurmd
slurmstepd: error: _get_joules_task: can't get info from slurmd
slurmstepd: error: _get_joules_task: can't get info from slurmd
slurmstepd: error: _get_joules_task: can't get info from slurmd
slurmstepd: error: _get_joules_task: can't get info from slurmd
slurmstepd: error: _get_joules_task: can't get info from slurmd
slurmstepd: error: _get_joules_task: can't get info from slurmd
slurmstepd: error: _get_joules_task: can't get info from slurmd
slurmstepd: error: _get_joules_task: can't get info from slurmd
slurmstepd: error: _get_joules_task: can't get info from slurmd
slurmstepd: error: _get_joules_task: can't get info from slurmd
slurmstepd: error: _get_joules_task: can't get info from slurmd
slurmstepd: error: _get_joules_task: can't get info from slurmd
slurmstepd: error: _get_joules_task: can't get info from slurmd
slurmstepd: error: _get_joules_task: can't get info from slurmd
slurmstepd: error: _get_joules_task: can't get info from slurmd
slurmstepd: error: _get_joules_task: can't get info from slurmd
slurmstepd: error: _get_joules_task: can't get info from slurmd
slurmstepd: error: _get_joules_task: can't get info from slurmd
slurmstepd: error: _get_joules_task: can't get info from slurmd
slurmstepd: error: _get_joules_task: can't get info from slurmd
slurmstepd: error: _get_joules_task: can't get info from slurmd
slurmstepd: error: _get_joules_task: can't get info from slurmd
slurmstepd: error: _get_joules_task: can't get info from slurmd
slurmstepd: error: _get_joules_task: can't get info from slurmd
slurmstepd: error: _get_joules_task: can't get info from slurmd
slurmstepd: error: _get_joules_task: can't get info from slurmd
slurmstepd: error: _get_joules_task: can't get info from slurmd
slurmstepd: error: _get_joules_task: can't get info from slurmd
slurmstepd: error: _get_joules_task: can't get info from slurmd
slurmstepd: error: _get_joules_task: can't get info from slurmd
slurmstepd: error: _get_joules_task: can't get info from slurmd
slurmstepd: error: _get_joules_task: can't get info from slurmd
slurmstepd: error: _get_joules_task: can't get info from slurmd
slurmstepd: error: _get_joules_task: can't get info from slurmd
slurmstepd: error: _get_joules_task: can't get info from slurmd
slurmstepd: error: _get_joules_task: can't get info from slurmd
slurmstepd: error: _get_joules_task: can't get info from slurmd
slurmstepd: error: _get_joules_task: can't get info from slurmd
slurmstepd: error: _get_joules_task: can't get info from slurmd
slurmstepd: error: _get_joules_task: can't get info from slurmd
slurmstepd: error: _get_joules_task: can't get info from slurmd
slurmstepd: error: _get_joules_task: can't get info from slurmd
slurmstepd: error: _get_joules_task: can't get info from slurmd
slurmstepd: error: _get_joules_task: can't get info from slurmd
slurmstepd: error: _get_joules_task: can't get info from slurmd
slurmstepd: error: _get_joules_task: can't get info from slurmd
slurmstepd: error: _get_joules_task: can't get info from slurmd
slurmstepd: error: _get_joules_task: can't get info from slurmd
slurmstepd: error: _get_joules_task: can't get info from slurmd
slurmstepd: error: _get_joules_task: can't get info from slurmd
slurmstepd: error: _get_joules_task: can't get info from slurmd
slurmstepd: error: _get_joules_task: can't get info from slurmd
slurmstepd: error: _get_joules_task: can't get info from slurmd
slurmstepd: error: _get_joules_task: can't get info from slurmd
slurmstepd: error: _get_joules_task: can't get info from slurmd
slurmstepd: error: _get_joules_task: can't get info from slurmd
slurmstepd: error: _get_joules_task: can't get info from slurmd
slurmstepd: error: _get_joules_task: can't get info from slurmd
slurmstepd: error: _get_joules_task: can't get info from slurmd
slurmstepd: error: _get_joules_task: can't get info from slurmd
slurmstepd: error: _get_joules_task: can't get info from slurmd
slurmstepd: error: _get_joules_task: can't get info from slurmd
slurmstepd: error: _get_joules_task: can't get info from slurmd
slurmstepd: error: _get_joules_task: can't get info from slurmd
slurmstepd: error: _get_joules_task: can't get info from slurmd
slurmstepd: error: _get_joules_task: can't get info from slurmd
slurmstepd: error: _get_joules_task: can't get info from slurmd
slurmstepd: error: _get_joules_task: can't get info from slurmd
slurmstepd: error: _get_joules_task: can't get info from slurmd
slurmstepd: error: _get_joules_task: can't get info from slurmd
slurmstepd: error: _get_joules_task: can't get info from slurmd
slurmstepd: error: _get_joules_task: can't get info from slurmd
slurmstepd: error: _get_joules_task: can't get info from slurmd
slurmstepd: error: _get_joules_task: can't get info from slurmd
slurmstepd: error: _get_joules_task: can't get info from slurmd
slurmstepd: error: _get_joules_task: can't get info from slurmd
slurmstepd: error: _get_joules_task: can't get info from slurmd
slurmstepd: error: _get_joules_task: can't get info from slurmd
slurmstepd: error: _get_joules_task: can't get info from slurmd
slurmstepd: error: _get_joules_task: can't get info from slurmd
slurmstepd: error: _get_joules_task: can't get info from slurmd
slurmstepd: error: _get_joules_task: can't get info from slurmd
slurmstepd: error: _get_joules_task: can't get info from slurmd
slurmstepd: error: _get_joules_task: can't get info from slurmd
slurmstepd: error: _get_joules_task: can't get info from slurmd
slurmstepd: error: _get_joules_task: can't get info from slurmd
slurmstepd: error: _get_joules_task: can't get info from slurmd
slurmstepd: error: _get_joules_task: can't get info from slurmd
slurmstepd: error: _get_joules_task: can't get info from slurmd
slurmstepd: error: _get_joules_task: can't get info from slurmd
slurmstepd: error: _get_joules_task: can't get info from slurmd
slurmstepd: error: _get_joules_task: can't get info from slurmd
slurmstepd: error: _get_joules_task: can't get info from slurmd
slurmstepd: error: _get_joules_task: can't get info from slurmd
slurmstepd: error: _get_joules_task: can't get info from slurmd
slurmstepd: error: _get_joules_task: can't get info from slurmd
slurmstepd: error: _get_joules_task: can't get info from slurmd
slurmstepd: error: _get_joules_task: can't get info from slurmd
slurmstepd: error: _get_joules_task: can't get info from slurmd
slurmstepd: error: _get_joules_task: can't get info from slurmd
slurmstepd: error: _get_joules_task: can't get info from slurmd
slurmstepd: error: _get_joules_task: can't get info from slurmd
slurmstepd: error: _get_joules_task: can't get info from slurmd
slurmstepd: error: _get_joules_task: can't get info from slurmd
slurmstepd: error: _get_joules_task: can't get info from slurmd
slurmstepd: error: _get_joules_task: can't get info from slurmd
slurmstepd: error: _get_joules_task: can't get info from slurmd
slurmstepd: error: _get_joules_task: can't get info from slurmd
slurmstepd: error: _get_joules_task: can't get info from slurmd
slurmstepd: error: _get_joules_task: can't get info from slurmd
slurmstepd: error: _get_joules_task: can't get info from slurmd
slurmstepd: error: _get_joules_task: can't get info from slurmd
slurmstepd: error: _get_joules_task: can't get info from slurmd
slurmstepd: error: _get_joules_task: can't get info from slurmd
slurmstepd: error: _get_joules_task: can't get info from slurmd
slurmstepd: error: _get_joules_task: can't get info from slurmd
slurmstepd: error: _get_joules_task: can't get info from slurmd
slurmstepd: error: _get_joules_task: can't get info from slurmd
slurmstepd: error: _get_joules_task: can't get info from slurmd
slurmstepd: error: _get_joules_task: can't get info from slurmd
slurmstepd: error: _get_joules_task: can't get info from slurmd
slurmstepd: error: _get_joules_task: can't get info from slurmd
slurmstepd: error: _get_joules_task: can't get info from slurmd
slurmstepd: error: _get_joules_task: can't get info from slurmd
slurmstepd: error: _get_joules_task: can't get info from slurmd
slurmstepd: error: _get_joules_task: can't get info from slurmd
slurmstepd: error: _get_joules_task: can't get info from slurmd
slurmstepd: error: _get_joules_task: can't get info from slurmd
slurmstepd: error: _get_joules_task: can't get info from slurmd
slurmstepd: error: _get_joules_task: can't get info from slurmd
slurmstepd: error: _get_joules_task: can't get info from slurmd
slurmstepd: error: _get_joules_task: can't get info from slurmd
slurmstepd: error: _get_joules_task: can't get info from slurmd
slurmstepd: error: _get_joules_task: can't get info from slurmd
slurmstepd: error: _get_joules_task: can't get info from slurmd
slurmstepd: error: _get_joules_task: can't get info from slurmd
slurmstepd: error: _get_joules_task: can't get info from slurmd
slurmstepd: error: _get_joules_task: can't get info from slurmd
slurmstepd: error: _get_joules_task: can't get info from slurmd
slurmstepd: error: _get_joules_task: can't get info from slurmd
slurmstepd: error: _get_joules_task: can't get info from slurmd
slurmstepd: error: _get_joules_task: can't get info from slurmd
slurmstepd: error: _get_joules_task: can't get info from slurmd
slurmstepd: error: _get_joules_task: can't get info from slurmd
slurmstepd: error: _get_joules_task: can't get info from slurmd
slurmstepd: error: _get_joules_task: can't get info from slurmd
slurmstepd: error: _get_joules_task: can't get info from slurmd
slurmstepd: error: _get_joules_task: can't get info from slurmd
slurmstepd: error: _get_joules_task: can't get info from slurmd
slurmstepd: error: _get_joules_task: can't get info from slurmd
slurmstepd: error: _get_joules_task: can't get info from slurmd
slurmstepd: error: _get_joules_task: can't get info from slurmd
slurmstepd: error: _get_joules_task: can't get info from slurmd
slurmstepd: error: _get_joules_task: can't get info from slurmd
slurmstepd: error: _get_joules_task: can't get info from slurmd
slurmstepd: error: _get_joules_task: can't get info from slurmd
slurmstepd: error: _get_joules_task: can't get info from slurmd
slurmstepd: error: _get_joules_task: can't get info from slurmd
slurmstepd: error: _get_joules_task: can't get info from slurmd
slurmstepd: error: _get_joules_task: can't get info from slurmd
slurmstepd: error: _get_joules_task: can't get info from slurmd
slurmstepd: error: _get_joules_task: can't get info from slurmd
slurmstepd: error: _get_joules_task: can't get info from slurmd
slurmstepd: error: _get_joules_task: can't get info from slurmd
slurmstepd: error: _get_joules_task: can't get info from slurmd
slurmstepd: error: _get_joules_task: can't get info from slurmd
slurmstepd: error: _get_joules_task: can't get info from slurmd
slurmstepd: error: _get_joules_task: can't get info from slurmd
slurmstepd: error: _get_joules_task: can't get info from slurmd
slurmstepd: error: _get_joules_task: can't get info from slurmd
slurmstepd: error: _get_joules_task: can't get info from slurmd
slurmstepd: error: _get_joules_task: can't get info from slurmd
slurmstepd: error: _get_joules_task: can't get info from slurmd
slurmstepd: error: _get_joules_task: can't get info from slurmd
slurmstepd: error: _get_joules_task: can't get info from slurmd
slurmstepd: error: _get_joules_task: can't get info from slurmd
slurmstepd: error: _get_joules_task: can't get info from slurmd
slurmstepd: error: _get_joules_task: can't get info from slurmd
slurmstepd: error: _get_joules_task: can't get info from slurmd
slurmstepd: error: _get_joules_task: can't get info from slurmd
Saving epoch 16...
=> Warning: Some sub-dataset DCT stats not ready yet.
=> Warning: No DCT stats found in ConcatDataset. Skipping...
=> Saved checkpoint to ./checkpoints/DCT_ResNet50_LM123/model_epoch_latest.pth
=> Warning: Some sub-dataset DCT stats not ready yet.
=> Warning: No DCT stats found in ConcatDataset. Skipping...
=> Saved checkpoint to ./checkpoints/DCT_ResNet50_LM123/model_epoch_16.pth
slurmstepd: error: _get_joules_task: can't get info from slurmd
slurmstepd: error: _get_joules_task: can't get info from slurmd
slurmstepd: error: _get_joules_task: can't get info from slurmd
slurmstepd: error: _get_joules_task: can't get info from slurmd
slurmstepd: error: _get_joules_task: can't get info from slurmd
slurmstepd: error: _get_joules_task: can't get info from slurmd
slurmstepd: error: _get_joules_task: can't get info from slurmd
slurmstepd: error: _get_joules_task: can't get info from slurmd
(Val @ epoch 16) acc: 0.718, ap: 0.8081832843364926
=> Warning: Some sub-dataset DCT stats not ready yet.
=> Warning: No DCT stats found in ConcatDataset. Skipping...
=> Saved checkpoint to ./checkpoints/DCT_ResNet50_LM123/model_epoch_epoch_16.pth
Validation accuracy increased (0.533500 --> 0.718000).  Saving model ...
=> Warning: Some sub-dataset DCT stats not ready yet.
=> Warning: No DCT stats found in ConcatDataset. Skipping...
=> Saved checkpoint to ./checkpoints/DCT_ResNet50_LM123/model_epoch_best.pth
slurmstepd: error: _get_joules_task: can't get info from slurmd
slurmstepd: error: _get_joules_task: can't get info from slurmd
slurmstepd: error: _get_joules_task: can't get info from slurmd
slurmstepd: error: _get_joules_task: can't get info from slurmd
slurmstepd: error: _get_joules_task: can't get info from slurmd
slurmstepd: error: _get_joules_task: can't get info from slurmd
slurmstepd: error: _get_joules_task: can't get info from slurmd
slurmstepd: error: _get_joules_task: can't get info from slurmd
slurmstepd: error: _get_joules_task: can't get info from slurmd
slurmstepd: error: _get_joules_task: can't get info from slurmd
slurmstepd: error: _get_joules_task: can't get info from slurmd
slurmstepd: error: _get_joules_task: can't get info from slurmd
slurmstepd: error: _get_joules_task: can't get info from slurmd
slurmstepd: error: _get_joules_task: can't get info from slurmd
slurmstepd: error: _get_joules_task: can't get info from slurmd
slurmstepd: error: _get_joules_task: can't get info from slurmd
slurmstepd: error: _get_joules_task: can't get info from slurmd
slurmstepd: error: _get_joules_task: can't get info from slurmd
slurmstepd: error: _get_joules_task: can't get info from slurmd
slurmstepd: error: _get_joules_task: can't get info from slurmd
slurmstepd: error: _get_joules_task: can't get info from slurmd
slurmstepd: error: _get_joules_task: can't get info from slurmd
slurmstepd: error: _get_joules_task: can't get info from slurmd
slurmstepd: error: _get_joules_task: can't get info from slurmd
slurmstepd: error: _get_joules_task: can't get info from slurmd
slurmstepd: error: _get_joules_task: can't get info from slurmd
slurmstepd: error: _get_joules_task: can't get info from slurmd
slurmstepd: error: _get_joules_task: can't get info from slurmd
slurmstepd: error: _get_joules_task: can't get info from slurmd
slurmstepd: error: _get_joules_task: can't get info from slurmd
slurmstepd: error: _get_joules_task: can't get info from slurmd
slurmstepd: error: _get_joules_task: can't get info from slurmd
slurmstepd: error: _get_joules_task: can't get info from slurmd
slurmstepd: error: _get_joules_task: can't get info from slurmd
slurmstepd: error: _get_joules_task: can't get info from slurmd
slurmstepd: error: _get_joules_task: can't get info from slurmd
slurmstepd: error: _get_joules_task: can't get info from slurmd
slurmstepd: error: _get_joules_task: can't get info from slurmd
slurmstepd: error: _get_joules_task: can't get info from slurmd
slurmstepd: error: _get_joules_task: can't get info from slurmd
slurmstepd: error: _get_joules_task: can't get info from slurmd
slurmstepd: error: _get_joules_task: can't get info from slurmd
slurmstepd: error: _get_joules_task: can't get info from slurmd
slurmstepd: error: _get_joules_task: can't get info from slurmd
slurmstepd: error: _get_joules_task: can't get info from slurmd
slurmstepd: error: _get_joules_task: can't get info from slurmd
slurmstepd: error: _get_joules_task: can't get info from slurmd
slurmstepd: error: _get_joules_task: can't get info from slurmd
slurmstepd: error: _get_joules_task: can't get info from slurmd
slurmstepd: error: _get_joules_task: can't get info from slurmd
slurmstepd: error: _get_joules_task: can't get info from slurmd
slurmstepd: error: _get_joules_task: can't get info from slurmd
slurmstepd: error: _get_joules_task: can't get info from slurmd
slurmstepd: error: _get_joules_task: can't get info from slurmd
slurmstepd: error: _get_joules_task: can't get info from slurmd
slurmstepd: error: _get_joules_task: can't get info from slurmd
slurmstepd: error: _get_joules_task: can't get info from slurmd
slurmstepd: error: _get_joules_task: can't get info from slurmd
slurmstepd: error: _get_joules_task: can't get info from slurmd
slurmstepd: error: _get_joules_task: can't get info from slurmd
slurmstepd: error: _get_joules_task: can't get info from slurmd
slurmstepd: error: _get_joules_task: can't get info from slurmd
slurmstepd: error: _get_joules_task: can't get info from slurmd
slurmstepd: error: _get_joules_task: can't get info from slurmd
slurmstepd: error: _get_joules_task: can't get info from slurmd
slurmstepd: error: _get_joules_task: can't get info from slurmd
slurmstepd: error: _get_joules_task: can't get info from slurmd
slurmstepd: error: _get_joules_task: can't get info from slurmd
slurmstepd: error: _get_joules_task: can't get info from slurmd
slurmstepd: error: _get_joules_task: can't get info from slurmd
slurmstepd: error: _get_joules_task: can't get info from slurmd
slurmstepd: error: _get_joules_task: can't get info from slurmd
slurmstepd: error: _get_joules_task: can't get info from slurmd
slurmstepd: error: _get_joules_task: can't get info from slurmd
slurmstepd: error: _get_joules_task: can't get info from slurmd
slurmstepd: error: _get_joules_task: can't get info from slurmd
slurmstepd: error: _get_joules_task: can't get info from slurmd
slurmstepd: error: _get_joules_task: can't get info from slurmd
slurmstepd: error: _get_joules_task: can't get info from slurmd
slurmstepd: error: _get_joules_task: can't get info from slurmd
slurmstepd: error: _get_joules_task: can't get info from slurmd
slurmstepd: error: _get_joules_task: can't get info from slurmd
slurmstepd: error: _get_joules_task: can't get info from slurmd
slurmstepd: error: _get_joules_task: can't get info from slurmd
slurmstepd: error: _get_joules_task: can't get info from slurmd
slurmstepd: error: _get_joules_task: can't get info from slurmd
slurmstepd: error: _get_joules_task: can't get info from slurmd
slurmstepd: error: _get_joules_task: can't get info from slurmd
slurmstepd: error: _get_joules_task: can't get info from slurmd
slurmstepd: error: _get_joules_task: can't get info from slurmd
slurmstepd: error: _get_joules_task: can't get info from slurmd
slurmstepd: error: _get_joules_task: can't get info from slurmd
slurmstepd: error: _get_joules_task: can't get info from slurmd
slurmstepd: error: _get_joules_task: can't get info from slurmd
slurmstepd: error: _get_joules_task: can't get info from slurmd
slurmstepd: error: _get_joules_task: can't get info from slurmd
slurmstepd: error: _get_joules_task: can't get info from slurmd
slurmstepd: error: _get_joules_task: can't get info from slurmd
slurmstepd: error: _get_joules_task: can't get info from slurmd
slurmstepd: error: _get_joules_task: can't get info from slurmd
slurmstepd: error: _get_joules_task: can't get info from slurmd
slurmstepd: error: _get_joules_task: can't get info from slurmd
slurmstepd: error: _get_joules_task: can't get info from slurmd
slurmstepd: error: _get_joules_task: can't get info from slurmd
slurmstepd: error: _get_joules_task: can't get info from slurmd
slurmstepd: error: _get_joules_task: can't get info from slurmd
slurmstepd: error: _get_joules_task: can't get info from slurmd
slurmstepd: error: _get_joules_task: can't get info from slurmd
slurmstepd: error: _get_joules_task: can't get info from slurmd
slurmstepd: error: _get_joules_task: can't get info from slurmd
slurmstepd: error: _get_joules_task: can't get info from slurmd
slurmstepd: error: _get_joules_task: can't get info from slurmd
slurmstepd: error: _get_joules_task: can't get info from slurmd
slurmstepd: error: _get_joules_task: can't get info from slurmd
slurmstepd: error: _get_joules_task: can't get info from slurmd
slurmstepd: error: _get_joules_task: can't get info from slurmd
slurmstepd: error: _get_joules_task: can't get info from slurmd
slurmstepd: error: _get_joules_task: can't get info from slurmd
slurmstepd: error: _get_joules_task: can't get info from slurmd
slurmstepd: error: _get_joules_task: can't get info from slurmd
slurmstepd: error: _get_joules_task: can't get info from slurmd
slurmstepd: error: _get_joules_task: can't get info from slurmd
slurmstepd: error: _get_joules_task: can't get info from slurmd
slurmstepd: error: _get_joules_task: can't get info from slurmd
slurmstepd: error: _get_joules_task: can't get info from slurmd
slurmstepd: error: _get_joules_task: can't get info from slurmd
slurmstepd: error: _get_joules_task: can't get info from slurmd
slurmstepd: error: _get_joules_task: can't get info from slurmd
slurmstepd: error: _get_joules_task: can't get info from slurmd
slurmstepd: error: _get_joules_task: can't get info from slurmd
slurmstepd: error: _get_joules_task: can't get info from slurmd
slurmstepd: error: _get_joules_task: can't get info from slurmd
slurmstepd: error: _get_joules_task: can't get info from slurmd
slurmstepd: error: _get_joules_task: can't get info from slurmd
slurmstepd: error: _get_joules_task: can't get info from slurmd
slurmstepd: error: _get_joules_task: can't get info from slurmd
slurmstepd: error: _get_joules_task: can't get info from slurmd
slurmstepd: error: _get_joules_task: can't get info from slurmd
slurmstepd: error: _get_joules_task: can't get info from slurmd
slurmstepd: error: _get_joules_task: can't get info from slurmd
slurmstepd: error: _get_joules_task: can't get info from slurmd
slurmstepd: error: _get_joules_task: can't get info from slurmd
slurmstepd: error: _get_joules_task: can't get info from slurmd
slurmstepd: error: _get_joules_task: can't get info from slurmd
slurmstepd: error: _get_joules_task: can't get info from slurmd
slurmstepd: error: _get_joules_task: can't get info from slurmd
slurmstepd: error: _get_joules_task: can't get info from slurmd
slurmstepd: error: _get_joules_task: can't get info from slurmd
slurmstepd: error: _get_joules_task: can't get info from slurmd
slurmstepd: error: _get_joules_task: can't get info from slurmd
slurmstepd: error: _get_joules_task: can't get info from slurmd
slurmstepd: error: _get_joules_task: can't get info from slurmd
slurmstepd: error: _get_joules_task: can't get info from slurmd
slurmstepd: error: _get_joules_task: can't get info from slurmd
slurmstepd: error: _get_joules_task: can't get info from slurmd
slurmstepd: error: _get_joules_task: can't get info from slurmd
slurmstepd: error: _get_joules_task: can't get info from slurmd
slurmstepd: error: _get_joules_task: can't get info from slurmd
slurmstepd: error: _get_joules_task: can't get info from slurmd
slurmstepd: error: _get_joules_task: can't get info from slurmd
slurmstepd: error: _get_joules_task: can't get info from slurmd
slurmstepd: error: _get_joules_task: can't get info from slurmd
slurmstepd: error: _get_joules_task: can't get info from slurmd
slurmstepd: error: _get_joules_task: can't get info from slurmd
slurmstepd: error: _get_joules_task: can't get info from slurmd
slurmstepd: error: _get_joules_task: can't get info from slurmd
slurmstepd: error: _get_joules_task: can't get info from slurmd
slurmstepd: error: _get_joules_task: can't get info from slurmd
slurmstepd: error: _get_joules_task: can't get info from slurmd
slurmstepd: error: _get_joules_task: can't get info from slurmd
slurmstepd: error: _get_joules_task: can't get info from slurmd
slurmstepd: error: _get_joules_task: can't get info from slurmd
slurmstepd: error: _get_joules_task: can't get info from slurmd
slurmstepd: error: _get_joules_task: can't get info from slurmd
slurmstepd: error: _get_joules_task: can't get info from slurmd
slurmstepd: error: _get_joules_task: can't get info from slurmd
slurmstepd: error: _get_joules_task: can't get info from slurmd
slurmstepd: error: _get_joules_task: can't get info from slurmd
slurmstepd: error: _get_joules_task: can't get info from slurmd
slurmstepd: error: _get_joules_task: can't get info from slurmd
slurmstepd: error: _get_joules_task: can't get info from slurmd
slurmstepd: error: _get_joules_task: can't get info from slurmd
slurmstepd: error: _get_joules_task: can't get info from slurmd
slurmstepd: error: _get_joules_task: can't get info from slurmd
slurmstepd: error: _get_joules_task: can't get info from slurmd
slurmstepd: error: _get_joules_task: can't get info from slurmd
slurmstepd: error: _get_joules_task: can't get info from slurmd
slurmstepd: error: _get_joules_task: can't get info from slurmd
Train loss: 0.0021903561428189278 at step: 4400
Saving epoch 17...
=> Warning: Some sub-dataset DCT stats not ready yet.
=> Warning: No DCT stats found in ConcatDataset. Skipping...
=> Saved checkpoint to ./checkpoints/DCT_ResNet50_LM123/model_epoch_latest.pth
=> Warning: Some sub-dataset DCT stats not ready yet.
=> Warning: No DCT stats found in ConcatDataset. Skipping...
=> Saved checkpoint to ./checkpoints/DCT_ResNet50_LM123/model_epoch_17.pth
slurmstepd: error: _get_joules_task: can't get info from slurmd
slurmstepd: error: _get_joules_task: can't get info from slurmd
slurmstepd: error: _get_joules_task: can't get info from slurmd
slurmstepd: error: _get_joules_task: can't get info from slurmd
slurmstepd: error: _get_joules_task: can't get info from slurmd
slurmstepd: error: _get_joules_task: can't get info from slurmd
slurmstepd: error: _get_joules_task: can't get info from slurmd
slurmstepd: error: _get_joules_task: can't get info from slurmd
(Val @ epoch 17) acc: 0.5145, ap: 0.6039622074715989
=> Warning: Some sub-dataset DCT stats not ready yet.
=> Warning: No DCT stats found in ConcatDataset. Skipping...
=> Saved checkpoint to ./checkpoints/DCT_ResNet50_LM123/model_epoch_epoch_17.pth
EarlyStopping counter: 1 out of 5
slurmstepd: error: _get_joules_task: can't get info from slurmd
slurmstepd: error: _get_joules_task: can't get info from slurmd
slurmstepd: error: _get_joules_task: can't get info from slurmd
slurmstepd: error: _get_joules_task: can't get info from slurmd
slurmstepd: error: _get_joules_task: can't get info from slurmd
slurmstepd: error: _get_joules_task: can't get info from slurmd
slurmstepd: error: _get_joules_task: can't get info from slurmd
slurmstepd: error: _get_joules_task: can't get info from slurmd
slurmstepd: error: _get_joules_task: can't get info from slurmd
slurmstepd: error: _get_joules_task: can't get info from slurmd
slurmstepd: error: _get_joules_task: can't get info from slurmd
slurmstepd: error: _get_joules_task: can't get info from slurmd
slurmstepd: error: _get_joules_task: can't get info from slurmd
slurmstepd: error: _get_joules_task: can't get info from slurmd
slurmstepd: error: _get_joules_task: can't get info from slurmd
slurmstepd: error: _get_joules_task: can't get info from slurmd
slurmstepd: error: _get_joules_task: can't get info from slurmd
slurmstepd: error: _get_joules_task: can't get info from slurmd
slurmstepd: error: _get_joules_task: can't get info from slurmd
slurmstepd: error: _get_joules_task: can't get info from slurmd
slurmstepd: error: _get_joules_task: can't get info from slurmd
slurmstepd: error: _get_joules_task: can't get info from slurmd
slurmstepd: error: _get_joules_task: can't get info from slurmd
slurmstepd: error: _get_joules_task: can't get info from slurmd
slurmstepd: error: _get_joules_task: can't get info from slurmd
slurmstepd: error: _get_joules_task: can't get info from slurmd
slurmstepd: error: _get_joules_task: can't get info from slurmd
slurmstepd: error: _get_joules_task: can't get info from slurmd
slurmstepd: error: _get_joules_task: can't get info from slurmd
slurmstepd: error: _get_joules_task: can't get info from slurmd
slurmstepd: error: _get_joules_task: can't get info from slurmd
slurmstepd: error: _get_joules_task: can't get info from slurmd
slurmstepd: error: _get_joules_task: can't get info from slurmd
slurmstepd: error: _get_joules_task: can't get info from slurmd
slurmstepd: error: _get_joules_task: can't get info from slurmd
slurmstepd: error: _get_joules_task: can't get info from slurmd
slurmstepd: error: _get_joules_task: can't get info from slurmd
slurmstepd: error: _get_joules_task: can't get info from slurmd
slurmstepd: error: _get_joules_task: can't get info from slurmd
slurmstepd: error: _get_joules_task: can't get info from slurmd
slurmstepd: error: _get_joules_task: can't get info from slurmd
slurmstepd: error: _get_joules_task: can't get info from slurmd
slurmstepd: error: _get_joules_task: can't get info from slurmd
slurmstepd: error: _get_joules_task: can't get info from slurmd
slurmstepd: error: _get_joules_task: can't get info from slurmd
slurmstepd: error: _get_joules_task: can't get info from slurmd
slurmstepd: error: _get_joules_task: can't get info from slurmd
slurmstepd: error: _get_joules_task: can't get info from slurmd
slurmstepd: error: _get_joules_task: can't get info from slurmd
slurmstepd: error: _get_joules_task: can't get info from slurmd
slurmstepd: error: _get_joules_task: can't get info from slurmd
slurmstepd: error: _get_joules_task: can't get info from slurmd
slurmstepd: error: _get_joules_task: can't get info from slurmd
slurmstepd: error: _get_joules_task: can't get info from slurmd
slurmstepd: error: _get_joules_task: can't get info from slurmd
slurmstepd: error: _get_joules_task: can't get info from slurmd
slurmstepd: error: _get_joules_task: can't get info from slurmd
slurmstepd: error: _get_joules_task: can't get info from slurmd
slurmstepd: error: _get_joules_task: can't get info from slurmd
slurmstepd: error: _get_joules_task: can't get info from slurmd
slurmstepd: error: _get_joules_task: can't get info from slurmd
slurmstepd: error: _get_joules_task: can't get info from slurmd
slurmstepd: error: _get_joules_task: can't get info from slurmd
slurmstepd: error: _get_joules_task: can't get info from slurmd
slurmstepd: error: _get_joules_task: can't get info from slurmd
slurmstepd: error: _get_joules_task: can't get info from slurmd
slurmstepd: error: _get_joules_task: can't get info from slurmd
slurmstepd: error: _get_joules_task: can't get info from slurmd
slurmstepd: error: _get_joules_task: can't get info from slurmd
slurmstepd: error: _get_joules_task: can't get info from slurmd
slurmstepd: error: _get_joules_task: can't get info from slurmd
slurmstepd: error: _get_joules_task: can't get info from slurmd
slurmstepd: error: _get_joules_task: can't get info from slurmd
slurmstepd: error: _get_joules_task: can't get info from slurmd
slurmstepd: error: _get_joules_task: can't get info from slurmd
slurmstepd: error: _get_joules_task: can't get info from slurmd
slurmstepd: error: _get_joules_task: can't get info from slurmd
slurmstepd: error: _get_joules_task: can't get info from slurmd
slurmstepd: error: _get_joules_task: can't get info from slurmd
slurmstepd: error: _get_joules_task: can't get info from slurmd
slurmstepd: error: _get_joules_task: can't get info from slurmd
slurmstepd: error: _get_joules_task: can't get info from slurmd
slurmstepd: error: _get_joules_task: can't get info from slurmd
slurmstepd: error: _get_joules_task: can't get info from slurmd
slurmstepd: error: _get_joules_task: can't get info from slurmd
slurmstepd: error: _get_joules_task: can't get info from slurmd
slurmstepd: error: _get_joules_task: can't get info from slurmd
slurmstepd: error: _get_joules_task: can't get info from slurmd
slurmstepd: error: _get_joules_task: can't get info from slurmd
slurmstepd: error: _get_joules_task: can't get info from slurmd
slurmstepd: error: _get_joules_task: can't get info from slurmd
slurmstepd: error: _get_joules_task: can't get info from slurmd
slurmstepd: error: _get_joules_task: can't get info from slurmd
slurmstepd: error: _get_joules_task: can't get info from slurmd
slurmstepd: error: _get_joules_task: can't get info from slurmd
slurmstepd: error: _get_joules_task: can't get info from slurmd
slurmstepd: error: _get_joules_task: can't get info from slurmd
slurmstepd: error: _get_joules_task: can't get info from slurmd
slurmstepd: error: _get_joules_task: can't get info from slurmd
slurmstepd: error: _get_joules_task: can't get info from slurmd
slurmstepd: error: _get_joules_task: can't get info from slurmd
slurmstepd: error: _get_joules_task: can't get info from slurmd
slurmstepd: error: _get_joules_task: can't get info from slurmd
slurmstepd: error: _get_joules_task: can't get info from slurmd
slurmstepd: error: _get_joules_task: can't get info from slurmd
slurmstepd: error: _get_joules_task: can't get info from slurmd
slurmstepd: error: _get_joules_task: can't get info from slurmd
slurmstepd: error: _get_joules_task: can't get info from slurmd
slurmstepd: error: _get_joules_task: can't get info from slurmd
slurmstepd: error: _get_joules_task: can't get info from slurmd
slurmstepd: error: _get_joules_task: can't get info from slurmd
slurmstepd: error: _get_joules_task: can't get info from slurmd
slurmstepd: error: _get_joules_task: can't get info from slurmd
slurmstepd: error: _get_joules_task: can't get info from slurmd
slurmstepd: error: _get_joules_task: can't get info from slurmd
slurmstepd: error: _get_joules_task: can't get info from slurmd
slurmstepd: error: _get_joules_task: can't get info from slurmd
slurmstepd: error: _get_joules_task: can't get info from slurmd
slurmstepd: error: _get_joules_task: can't get info from slurmd
slurmstepd: error: _get_joules_task: can't get info from slurmd
slurmstepd: error: _get_joules_task: can't get info from slurmd
slurmstepd: error: _get_joules_task: can't get info from slurmd
slurmstepd: error: _get_joules_task: can't get info from slurmd
slurmstepd: error: _get_joules_task: can't get info from slurmd
slurmstepd: error: _get_joules_task: can't get info from slurmd
slurmstepd: error: _get_joules_task: can't get info from slurmd
slurmstepd: error: _get_joules_task: can't get info from slurmd
slurmstepd: error: _get_joules_task: can't get info from slurmd
slurmstepd: error: _get_joules_task: can't get info from slurmd
slurmstepd: error: _get_joules_task: can't get info from slurmd
slurmstepd: error: _get_joules_task: can't get info from slurmd
slurmstepd: error: _get_joules_task: can't get info from slurmd
slurmstepd: error: _get_joules_task: can't get info from slurmd
slurmstepd: error: _get_joules_task: can't get info from slurmd
slurmstepd: error: _get_joules_task: can't get info from slurmd
slurmstepd: error: _get_joules_task: can't get info from slurmd
slurmstepd: error: _get_joules_task: can't get info from slurmd
slurmstepd: error: _get_joules_task: can't get info from slurmd
slurmstepd: error: _get_joules_task: can't get info from slurmd
slurmstepd: error: _get_joules_task: can't get info from slurmd
slurmstepd: error: _get_joules_task: can't get info from slurmd
slurmstepd: error: _get_joules_task: can't get info from slurmd
slurmstepd: error: _get_joules_task: can't get info from slurmd
slurmstepd: error: _get_joules_task: can't get info from slurmd
slurmstepd: error: _get_joules_task: can't get info from slurmd
slurmstepd: error: _get_joules_task: can't get info from slurmd
slurmstepd: error: _get_joules_task: can't get info from slurmd
slurmstepd: error: _get_joules_task: can't get info from slurmd
slurmstepd: error: _get_joules_task: can't get info from slurmd
slurmstepd: error: _get_joules_task: can't get info from slurmd
slurmstepd: error: _get_joules_task: can't get info from slurmd
slurmstepd: error: _get_joules_task: can't get info from slurmd
slurmstepd: error: _get_joules_task: can't get info from slurmd
slurmstepd: error: _get_joules_task: can't get info from slurmd
slurmstepd: error: _get_joules_task: can't get info from slurmd
slurmstepd: error: _get_joules_task: can't get info from slurmd
slurmstepd: error: _get_joules_task: can't get info from slurmd
slurmstepd: error: _get_joules_task: can't get info from slurmd
slurmstepd: error: _get_joules_task: can't get info from slurmd
slurmstepd: error: _get_joules_task: can't get info from slurmd
slurmstepd: error: _get_joules_task: can't get info from slurmd
slurmstepd: error: _get_joules_task: can't get info from slurmd
slurmstepd: error: _get_joules_task: can't get info from slurmd
slurmstepd: error: _get_joules_task: can't get info from slurmd
slurmstepd: error: _get_joules_task: can't get info from slurmd
slurmstepd: error: _get_joules_task: can't get info from slurmd
slurmstepd: error: _get_joules_task: can't get info from slurmd
slurmstepd: error: _get_joules_task: can't get info from slurmd
slurmstepd: error: _get_joules_task: can't get info from slurmd
slurmstepd: error: _get_joules_task: can't get info from slurmd
slurmstepd: error: _get_joules_task: can't get info from slurmd
slurmstepd: error: _get_joules_task: can't get info from slurmd
slurmstepd: error: _get_joules_task: can't get info from slurmd
slurmstepd: error: _get_joules_task: can't get info from slurmd
slurmstepd: error: _get_joules_task: can't get info from slurmd
slurmstepd: error: _get_joules_task: can't get info from slurmd
slurmstepd: error: _get_joules_task: can't get info from slurmd
slurmstepd: error: _get_joules_task: can't get info from slurmd
slurmstepd: error: _get_joules_task: can't get info from slurmd
slurmstepd: error: _get_joules_task: can't get info from slurmd
slurmstepd: error: _get_joules_task: can't get info from slurmd
slurmstepd: error: _get_joules_task: can't get info from slurmd
slurmstepd: error: _get_joules_task: can't get info from slurmd
slurmstepd: error: _get_joules_task: can't get info from slurmd
slurmstepd: error: _get_joules_task: can't get info from slurmd
slurmstepd: error: _get_joules_task: can't get info from slurmd
slurmstepd: error: _get_joules_task: can't get info from slurmd
Saving epoch 18...
=> Warning: Some sub-dataset DCT stats not ready yet.
=> Warning: No DCT stats found in ConcatDataset. Skipping...
=> Saved checkpoint to ./checkpoints/DCT_ResNet50_LM123/model_epoch_latest.pth
=> Warning: Some sub-dataset DCT stats not ready yet.
=> Warning: No DCT stats found in ConcatDataset. Skipping...
=> Saved checkpoint to ./checkpoints/DCT_ResNet50_LM123/model_epoch_18.pth
slurmstepd: error: _get_joules_task: can't get info from slurmd
slurmstepd: error: _get_joules_task: can't get info from slurmd
slurmstepd: error: _get_joules_task: can't get info from slurmd
slurmstepd: error: _get_joules_task: can't get info from slurmd
slurmstepd: error: _get_joules_task: can't get info from slurmd
slurmstepd: error: _get_joules_task: can't get info from slurmd
slurmstepd: error: _get_joules_task: can't get info from slurmd
slurmstepd: error: _get_joules_task: can't get info from slurmd
(Val @ epoch 18) acc: 0.7525, ap: 0.8252649715665805
=> Warning: Some sub-dataset DCT stats not ready yet.
=> Warning: No DCT stats found in ConcatDataset. Skipping...
=> Saved checkpoint to ./checkpoints/DCT_ResNet50_LM123/model_epoch_epoch_18.pth
Validation accuracy increased (0.718000 --> 0.752500).  Saving model ...
=> Warning: Some sub-dataset DCT stats not ready yet.
=> Warning: No DCT stats found in ConcatDataset. Skipping...
=> Saved checkpoint to ./checkpoints/DCT_ResNet50_LM123/model_epoch_best.pth
slurmstepd: error: _get_joules_task: can't get info from slurmd
slurmstepd: error: _get_joules_task: can't get info from slurmd
slurmstepd: error: _get_joules_task: can't get info from slurmd
slurmstepd: error: _get_joules_task: can't get info from slurmd
slurmstepd: error: _get_joules_task: can't get info from slurmd
slurmstepd: error: _get_joules_task: can't get info from slurmd
slurmstepd: error: _get_joules_task: can't get info from slurmd
slurmstepd: error: _get_joules_task: can't get info from slurmd
slurmstepd: error: _get_joules_task: can't get info from slurmd
slurmstepd: error: _get_joules_task: can't get info from slurmd
slurmstepd: error: _get_joules_task: can't get info from slurmd
slurmstepd: error: _get_joules_task: can't get info from slurmd
slurmstepd: error: _get_joules_task: can't get info from slurmd
slurmstepd: error: _get_joules_task: can't get info from slurmd
slurmstepd: error: _get_joules_task: can't get info from slurmd
slurmstepd: error: _get_joules_task: can't get info from slurmd
slurmstepd: error: _get_joules_task: can't get info from slurmd
slurmstepd: error: _get_joules_task: can't get info from slurmd
slurmstepd: error: _get_joules_task: can't get info from slurmd
slurmstepd: error: _get_joules_task: can't get info from slurmd
slurmstepd: error: _get_joules_task: can't get info from slurmd
slurmstepd: error: _get_joules_task: can't get info from slurmd
slurmstepd: error: _get_joules_task: can't get info from slurmd
slurmstepd: error: _get_joules_task: can't get info from slurmd
slurmstepd: error: _get_joules_task: can't get info from slurmd
slurmstepd: error: _get_joules_task: can't get info from slurmd
slurmstepd: error: _get_joules_task: can't get info from slurmd
slurmstepd: error: _get_joules_task: can't get info from slurmd
slurmstepd: error: _get_joules_task: can't get info from slurmd
slurmstepd: error: _get_joules_task: can't get info from slurmd
slurmstepd: error: _get_joules_task: can't get info from slurmd
slurmstepd: error: _get_joules_task: can't get info from slurmd
slurmstepd: error: _get_joules_task: can't get info from slurmd
slurmstepd: error: _get_joules_task: can't get info from slurmd
slurmstepd: error: _get_joules_task: can't get info from slurmd
slurmstepd: error: _get_joules_task: can't get info from slurmd
slurmstepd: error: _get_joules_task: can't get info from slurmd
slurmstepd: error: _get_joules_task: can't get info from slurmd
slurmstepd: error: _get_joules_task: can't get info from slurmd
slurmstepd: error: _get_joules_task: can't get info from slurmd
slurmstepd: error: _get_joules_task: can't get info from slurmd
slurmstepd: error: _get_joules_task: can't get info from slurmd
slurmstepd: error: _get_joules_task: can't get info from slurmd
slurmstepd: error: _get_joules_task: can't get info from slurmd
slurmstepd: error: _get_joules_task: can't get info from slurmd
slurmstepd: error: _get_joules_task: can't get info from slurmd
slurmstepd: error: _get_joules_task: can't get info from slurmd
slurmstepd: error: _get_joules_task: can't get info from slurmd
slurmstepd: error: _get_joules_task: can't get info from slurmd
slurmstepd: error: _get_joules_task: can't get info from slurmd
slurmstepd: error: _get_joules_task: can't get info from slurmd
slurmstepd: error: _get_joules_task: can't get info from slurmd
slurmstepd: error: _get_joules_task: can't get info from slurmd
slurmstepd: error: _get_joules_task: can't get info from slurmd
slurmstepd: error: _get_joules_task: can't get info from slurmd
slurmstepd: error: _get_joules_task: can't get info from slurmd
slurmstepd: error: _get_joules_task: can't get info from slurmd
slurmstepd: error: _get_joules_task: can't get info from slurmd
slurmstepd: error: _get_joules_task: can't get info from slurmd
slurmstepd: error: _get_joules_task: can't get info from slurmd
slurmstepd: error: _get_joules_task: can't get info from slurmd
slurmstepd: error: _get_joules_task: can't get info from slurmd
slurmstepd: error: _get_joules_task: can't get info from slurmd
slurmstepd: error: _get_joules_task: can't get info from slurmd
slurmstepd: error: _get_joules_task: can't get info from slurmd
slurmstepd: error: _get_joules_task: can't get info from slurmd
slurmstepd: error: _get_joules_task: can't get info from slurmd
slurmstepd: error: _get_joules_task: can't get info from slurmd
slurmstepd: error: _get_joules_task: can't get info from slurmd
slurmstepd: error: _get_joules_task: can't get info from slurmd
slurmstepd: error: _get_joules_task: can't get info from slurmd
slurmstepd: error: _get_joules_task: can't get info from slurmd
slurmstepd: error: _get_joules_task: can't get info from slurmd
slurmstepd: error: _get_joules_task: can't get info from slurmd
slurmstepd: error: _get_joules_task: can't get info from slurmd
slurmstepd: error: _get_joules_task: can't get info from slurmd
slurmstepd: error: _get_joules_task: can't get info from slurmd
slurmstepd: error: _get_joules_task: can't get info from slurmd
slurmstepd: error: _get_joules_task: can't get info from slurmd
slurmstepd: error: _get_joules_task: can't get info from slurmd
slurmstepd: error: _get_joules_task: can't get info from slurmd
slurmstepd: error: _get_joules_task: can't get info from slurmd
slurmstepd: error: _get_joules_task: can't get info from slurmd
slurmstepd: error: _get_joules_task: can't get info from slurmd
slurmstepd: error: _get_joules_task: can't get info from slurmd
slurmstepd: error: _get_joules_task: can't get info from slurmd
slurmstepd: error: _get_joules_task: can't get info from slurmd
slurmstepd: error: _get_joules_task: can't get info from slurmd
slurmstepd: error: _get_joules_task: can't get info from slurmd
slurmstepd: error: _get_joules_task: can't get info from slurmd
slurmstepd: error: _get_joules_task: can't get info from slurmd
slurmstepd: error: _get_joules_task: can't get info from slurmd
slurmstepd: error: _get_joules_task: can't get info from slurmd
slurmstepd: error: _get_joules_task: can't get info from slurmd
slurmstepd: error: _get_joules_task: can't get info from slurmd
slurmstepd: error: _get_joules_task: can't get info from slurmd
slurmstepd: error: _get_joules_task: can't get info from slurmd
slurmstepd: error: _get_joules_task: can't get info from slurmd
slurmstepd: error: _get_joules_task: can't get info from slurmd
slurmstepd: error: _get_joules_task: can't get info from slurmd
slurmstepd: error: _get_joules_task: can't get info from slurmd
slurmstepd: error: _get_joules_task: can't get info from slurmd
slurmstepd: error: _get_joules_task: can't get info from slurmd
slurmstepd: error: _get_joules_task: can't get info from slurmd
slurmstepd: error: _get_joules_task: can't get info from slurmd
slurmstepd: error: _get_joules_task: can't get info from slurmd
slurmstepd: error: _get_joules_task: can't get info from slurmd
slurmstepd: error: _get_joules_task: can't get info from slurmd
slurmstepd: error: _get_joules_task: can't get info from slurmd
slurmstepd: error: _get_joules_task: can't get info from slurmd
slurmstepd: error: _get_joules_task: can't get info from slurmd
slurmstepd: error: _get_joules_task: can't get info from slurmd
slurmstepd: error: _get_joules_task: can't get info from slurmd
slurmstepd: error: _get_joules_task: can't get info from slurmd
slurmstepd: error: _get_joules_task: can't get info from slurmd
slurmstepd: error: _get_joules_task: can't get info from slurmd
slurmstepd: error: _get_joules_task: can't get info from slurmd
slurmstepd: error: _get_joules_task: can't get info from slurmd
slurmstepd: error: _get_joules_task: can't get info from slurmd
slurmstepd: error: _get_joules_task: can't get info from slurmd
slurmstepd: error: _get_joules_task: can't get info from slurmd
slurmstepd: error: _get_joules_task: can't get info from slurmd
slurmstepd: error: _get_joules_task: can't get info from slurmd
slurmstepd: error: _get_joules_task: can't get info from slurmd
slurmstepd: error: _get_joules_task: can't get info from slurmd
slurmstepd: error: _get_joules_task: can't get info from slurmd
slurmstepd: error: _get_joules_task: can't get info from slurmd
slurmstepd: error: _get_joules_task: can't get info from slurmd
slurmstepd: error: _get_joules_task: can't get info from slurmd
slurmstepd: error: _get_joules_task: can't get info from slurmd
slurmstepd: error: _get_joules_task: can't get info from slurmd
slurmstepd: error: _get_joules_task: can't get info from slurmd
slurmstepd: error: _get_joules_task: can't get info from slurmd
slurmstepd: error: _get_joules_task: can't get info from slurmd
slurmstepd: error: _get_joules_task: can't get info from slurmd
slurmstepd: error: _get_joules_task: can't get info from slurmd
slurmstepd: error: _get_joules_task: can't get info from slurmd
slurmstepd: error: _get_joules_task: can't get info from slurmd
slurmstepd: error: _get_joules_task: can't get info from slurmd
slurmstepd: error: _get_joules_task: can't get info from slurmd
slurmstepd: error: _get_joules_task: can't get info from slurmd
slurmstepd: error: _get_joules_task: can't get info from slurmd
slurmstepd: error: _get_joules_task: can't get info from slurmd
slurmstepd: error: _get_joules_task: can't get info from slurmd
slurmstepd: error: _get_joules_task: can't get info from slurmd
slurmstepd: error: _get_joules_task: can't get info from slurmd
slurmstepd: error: _get_joules_task: can't get info from slurmd
slurmstepd: error: _get_joules_task: can't get info from slurmd
slurmstepd: error: _get_joules_task: can't get info from slurmd
slurmstepd: error: _get_joules_task: can't get info from slurmd
slurmstepd: error: _get_joules_task: can't get info from slurmd
slurmstepd: error: _get_joules_task: can't get info from slurmd
slurmstepd: error: _get_joules_task: can't get info from slurmd
slurmstepd: error: _get_joules_task: can't get info from slurmd
slurmstepd: error: _get_joules_task: can't get info from slurmd
slurmstepd: error: _get_joules_task: can't get info from slurmd
slurmstepd: error: _get_joules_task: can't get info from slurmd
slurmstepd: error: _get_joules_task: can't get info from slurmd
slurmstepd: error: _get_joules_task: can't get info from slurmd
slurmstepd: error: _get_joules_task: can't get info from slurmd
slurmstepd: error: _get_joules_task: can't get info from slurmd
slurmstepd: error: _get_joules_task: can't get info from slurmd
slurmstepd: error: _get_joules_task: can't get info from slurmd
slurmstepd: error: _get_joules_task: can't get info from slurmd
slurmstepd: error: _get_joules_task: can't get info from slurmd
slurmstepd: error: _get_joules_task: can't get info from slurmd
slurmstepd: error: _get_joules_task: can't get info from slurmd
slurmstepd: error: _get_joules_task: can't get info from slurmd
slurmstepd: error: _get_joules_task: can't get info from slurmd
slurmstepd: error: _get_joules_task: can't get info from slurmd
slurmstepd: error: _get_joules_task: can't get info from slurmd
slurmstepd: error: _get_joules_task: can't get info from slurmd
slurmstepd: error: _get_joules_task: can't get info from slurmd
slurmstepd: error: _get_joules_task: can't get info from slurmd
slurmstepd: error: _get_joules_task: can't get info from slurmd
slurmstepd: error: _get_joules_task: can't get info from slurmd
slurmstepd: error: _get_joules_task: can't get info from slurmd
slurmstepd: error: _get_joules_task: can't get info from slurmd
slurmstepd: error: _get_joules_task: can't get info from slurmd
slurmstepd: error: _get_joules_task: can't get info from slurmd
slurmstepd: error: _get_joules_task: can't get info from slurmd
slurmstepd: error: _get_joules_task: can't get info from slurmd
slurmstepd: error: _get_joules_task: can't get info from slurmd
slurmstepd: error: _get_joules_task: can't get info from slurmd
slurmstepd: error: _get_joules_task: can't get info from slurmd
slurmstepd: error: _get_joules_task: can't get info from slurmd
slurmstepd: error: _get_joules_task: can't get info from slurmd
Train loss: 0.001883923658169806 at step: 4800
Saving epoch 19...
=> Warning: Some sub-dataset DCT stats not ready yet.
=> Warning: No DCT stats found in ConcatDataset. Skipping...
=> Saved checkpoint to ./checkpoints/DCT_ResNet50_LM123/model_epoch_latest.pth
=> Warning: Some sub-dataset DCT stats not ready yet.
=> Warning: No DCT stats found in ConcatDataset. Skipping...
=> Saved checkpoint to ./checkpoints/DCT_ResNet50_LM123/model_epoch_19.pth
slurmstepd: error: _get_joules_task: can't get info from slurmd
slurmstepd: error: _get_joules_task: can't get info from slurmd
slurmstepd: error: _get_joules_task: can't get info from slurmd
slurmstepd: error: _get_joules_task: can't get info from slurmd
slurmstepd: error: _get_joules_task: can't get info from slurmd
slurmstepd: error: _get_joules_task: can't get info from slurmd
slurmstepd: error: _get_joules_task: can't get info from slurmd
slurmstepd: error: _get_joules_task: can't get info from slurmd
(Val @ epoch 19) acc: 0.5, ap: 0.5962830371845678
=> Warning: Some sub-dataset DCT stats not ready yet.
=> Warning: No DCT stats found in ConcatDataset. Skipping...
=> Saved checkpoint to ./checkpoints/DCT_ResNet50_LM123/model_epoch_epoch_19.pth
EarlyStopping counter: 1 out of 5
slurmstepd: error: _get_joules_task: can't get info from slurmd
slurmstepd: error: _get_joules_task: can't get info from slurmd
slurmstepd: error: _get_joules_task: can't get info from slurmd
slurmstepd: error: _get_joules_task: can't get info from slurmd
slurmstepd: error: _get_joules_task: can't get info from slurmd
slurmstepd: error: _get_joules_task: can't get info from slurmd
slurmstepd: error: _get_joules_task: can't get info from slurmd
slurmstepd: error: _get_joules_task: can't get info from slurmd
slurmstepd: error: _get_joules_task: can't get info from slurmd
slurmstepd: error: _get_joules_task: can't get info from slurmd
slurmstepd: error: _get_joules_task: can't get info from slurmd
slurmstepd: error: _get_joules_task: can't get info from slurmd
slurmstepd: error: _get_joules_task: can't get info from slurmd
slurmstepd: error: _get_joules_task: can't get info from slurmd
slurmstepd: error: _get_joules_task: can't get info from slurmd
slurmstepd: error: _get_joules_task: can't get info from slurmd
slurmstepd: error: _get_joules_task: can't get info from slurmd
slurmstepd: error: _get_joules_task: can't get info from slurmd
slurmstepd: error: _get_joules_task: can't get info from slurmd
slurmstepd: error: _get_joules_task: can't get info from slurmd
slurmstepd: error: _get_joules_task: can't get info from slurmd
slurmstepd: error: _get_joules_task: can't get info from slurmd
slurmstepd: error: _get_joules_task: can't get info from slurmd
slurmstepd: error: _get_joules_task: can't get info from slurmd
slurmstepd: error: _get_joules_task: can't get info from slurmd
slurmstepd: error: _get_joules_task: can't get info from slurmd
slurmstepd: error: _get_joules_task: can't get info from slurmd
slurmstepd: error: _get_joules_task: can't get info from slurmd
slurmstepd: error: _get_joules_task: can't get info from slurmd
slurmstepd: error: _get_joules_task: can't get info from slurmd
slurmstepd: error: _get_joules_task: can't get info from slurmd
slurmstepd: error: _get_joules_task: can't get info from slurmd
slurmstepd: error: _get_joules_task: can't get info from slurmd
slurmstepd: error: _get_joules_task: can't get info from slurmd
slurmstepd: error: _get_joules_task: can't get info from slurmd
slurmstepd: error: _get_joules_task: can't get info from slurmd
slurmstepd: error: _get_joules_task: can't get info from slurmd
slurmstepd: error: _get_joules_task: can't get info from slurmd
slurmstepd: error: _get_joules_task: can't get info from slurmd
slurmstepd: error: _get_joules_task: can't get info from slurmd
slurmstepd: error: _get_joules_task: can't get info from slurmd
slurmstepd: error: _get_joules_task: can't get info from slurmd
slurmstepd: error: _get_joules_task: can't get info from slurmd
slurmstepd: error: _get_joules_task: can't get info from slurmd
slurmstepd: error: _get_joules_task: can't get info from slurmd
slurmstepd: error: _get_joules_task: can't get info from slurmd
slurmstepd: error: _get_joules_task: can't get info from slurmd
slurmstepd: error: _get_joules_task: can't get info from slurmd
slurmstepd: error: _get_joules_task: can't get info from slurmd
slurmstepd: error: _get_joules_task: can't get info from slurmd
slurmstepd: error: _get_joules_task: can't get info from slurmd
slurmstepd: error: _get_joules_task: can't get info from slurmd
slurmstepd: error: _get_joules_task: can't get info from slurmd
slurmstepd: error: _get_joules_task: can't get info from slurmd
slurmstepd: error: _get_joules_task: can't get info from slurmd
slurmstepd: error: _get_joules_task: can't get info from slurmd
slurmstepd: error: _get_joules_task: can't get info from slurmd
slurmstepd: error: _get_joules_task: can't get info from slurmd
slurmstepd: error: _get_joules_task: can't get info from slurmd
slurmstepd: error: _get_joules_task: can't get info from slurmd
slurmstepd: error: _get_joules_task: can't get info from slurmd
slurmstepd: error: _get_joules_task: can't get info from slurmd
slurmstepd: error: _get_joules_task: can't get info from slurmd
slurmstepd: error: _get_joules_task: can't get info from slurmd
slurmstepd: error: _get_joules_task: can't get info from slurmd
slurmstepd: error: _get_joules_task: can't get info from slurmd
slurmstepd: error: _get_joules_task: can't get info from slurmd
slurmstepd: error: _get_joules_task: can't get info from slurmd
slurmstepd: error: _get_joules_task: can't get info from slurmd
slurmstepd: error: _get_joules_task: can't get info from slurmd
slurmstepd: error: _get_joules_task: can't get info from slurmd
slurmstepd: error: _get_joules_task: can't get info from slurmd
slurmstepd: error: _get_joules_task: can't get info from slurmd
slurmstepd: error: _get_joules_task: can't get info from slurmd
slurmstepd: error: _get_joules_task: can't get info from slurmd
slurmstepd: error: _get_joules_task: can't get info from slurmd
slurmstepd: error: _get_joules_task: can't get info from slurmd
slurmstepd: error: _get_joules_task: can't get info from slurmd
slurmstepd: error: _get_joules_task: can't get info from slurmd
slurmstepd: error: _get_joules_task: can't get info from slurmd
slurmstepd: error: _get_joules_task: can't get info from slurmd
slurmstepd: error: _get_joules_task: can't get info from slurmd
slurmstepd: error: _get_joules_task: can't get info from slurmd
slurmstepd: error: _get_joules_task: can't get info from slurmd
slurmstepd: error: _get_joules_task: can't get info from slurmd
slurmstepd: error: _get_joules_task: can't get info from slurmd
slurmstepd: error: _get_joules_task: can't get info from slurmd
slurmstepd: error: _get_joules_task: can't get info from slurmd
slurmstepd: error: _get_joules_task: can't get info from slurmd
slurmstepd: error: _get_joules_task: can't get info from slurmd
slurmstepd: error: _get_joules_task: can't get info from slurmd
slurmstepd: error: _get_joules_task: can't get info from slurmd
slurmstepd: error: _get_joules_task: can't get info from slurmd
slurmstepd: error: _get_joules_task: can't get info from slurmd
slurmstepd: error: _get_joules_task: can't get info from slurmd
slurmstepd: error: _get_joules_task: can't get info from slurmd
slurmstepd: error: _get_joules_task: can't get info from slurmd
slurmstepd: error: _get_joules_task: can't get info from slurmd
slurmstepd: error: _get_joules_task: can't get info from slurmd
slurmstepd: error: _get_joules_task: can't get info from slurmd
slurmstepd: error: _get_joules_task: can't get info from slurmd
slurmstepd: error: _get_joules_task: can't get info from slurmd
slurmstepd: error: _get_joules_task: can't get info from slurmd
slurmstepd: error: _get_joules_task: can't get info from slurmd
slurmstepd: error: _get_joules_task: can't get info from slurmd
slurmstepd: error: _get_joules_task: can't get info from slurmd
slurmstepd: error: _get_joules_task: can't get info from slurmd
slurmstepd: error: _get_joules_task: can't get info from slurmd
slurmstepd: error: _get_joules_task: can't get info from slurmd
slurmstepd: error: _get_joules_task: can't get info from slurmd
slurmstepd: error: _get_joules_task: can't get info from slurmd
slurmstepd: error: _get_joules_task: can't get info from slurmd
slurmstepd: error: _get_joules_task: can't get info from slurmd
slurmstepd: error: _get_joules_task: can't get info from slurmd
slurmstepd: error: _get_joules_task: can't get info from slurmd
slurmstepd: error: _get_joules_task: can't get info from slurmd
slurmstepd: error: _get_joules_task: can't get info from slurmd
slurmstepd: error: _get_joules_task: can't get info from slurmd
slurmstepd: error: _get_joules_task: can't get info from slurmd
slurmstepd: error: _get_joules_task: can't get info from slurmd
slurmstepd: error: _get_joules_task: can't get info from slurmd
slurmstepd: error: _get_joules_task: can't get info from slurmd
slurmstepd: error: _get_joules_task: can't get info from slurmd
slurmstepd: error: _get_joules_task: can't get info from slurmd
slurmstepd: error: _get_joules_task: can't get info from slurmd
slurmstepd: error: _get_joules_task: can't get info from slurmd
slurmstepd: error: _get_joules_task: can't get info from slurmd
slurmstepd: error: _get_joules_task: can't get info from slurmd
slurmstepd: error: _get_joules_task: can't get info from slurmd
slurmstepd: error: _get_joules_task: can't get info from slurmd
slurmstepd: error: _get_joules_task: can't get info from slurmd
slurmstepd: error: _get_joules_task: can't get info from slurmd
slurmstepd: error: _get_joules_task: can't get info from slurmd
slurmstepd: error: _get_joules_task: can't get info from slurmd
slurmstepd: error: _get_joules_task: can't get info from slurmd
slurmstepd: error: _get_joules_task: can't get info from slurmd
slurmstepd: error: _get_joules_task: can't get info from slurmd
slurmstepd: error: _get_joules_task: can't get info from slurmd
slurmstepd: error: _get_joules_task: can't get info from slurmd
slurmstepd: error: _get_joules_task: can't get info from slurmd
slurmstepd: error: _get_joules_task: can't get info from slurmd
slurmstepd: error: _get_joules_task: can't get info from slurmd
slurmstepd: error: _get_joules_task: can't get info from slurmd
slurmstepd: error: _get_joules_task: can't get info from slurmd
slurmstepd: error: _get_joules_task: can't get info from slurmd
slurmstepd: error: _get_joules_task: can't get info from slurmd
slurmstepd: error: _get_joules_task: can't get info from slurmd
slurmstepd: error: _get_joules_task: can't get info from slurmd
slurmstepd: error: _get_joules_task: can't get info from slurmd
slurmstepd: error: _get_joules_task: can't get info from slurmd
slurmstepd: error: _get_joules_task: can't get info from slurmd
slurmstepd: error: _get_joules_task: can't get info from slurmd
slurmstepd: error: _get_joules_task: can't get info from slurmd
slurmstepd: error: _get_joules_task: can't get info from slurmd
slurmstepd: error: _get_joules_task: can't get info from slurmd
slurmstepd: error: _get_joules_task: can't get info from slurmd
slurmstepd: error: _get_joules_task: can't get info from slurmd
slurmstepd: error: _get_joules_task: can't get info from slurmd
slurmstepd: error: _get_joules_task: can't get info from slurmd
slurmstepd: error: _get_joules_task: can't get info from slurmd
slurmstepd: error: _get_joules_task: can't get info from slurmd
slurmstepd: error: _get_joules_task: can't get info from slurmd
slurmstepd: error: _get_joules_task: can't get info from slurmd
slurmstepd: error: _get_joules_task: can't get info from slurmd
slurmstepd: error: _get_joules_task: can't get info from slurmd
slurmstepd: error: _get_joules_task: can't get info from slurmd
slurmstepd: error: _get_joules_task: can't get info from slurmd
slurmstepd: error: _get_joules_task: can't get info from slurmd
slurmstepd: error: _get_joules_task: can't get info from slurmd
slurmstepd: error: _get_joules_task: can't get info from slurmd
slurmstepd: error: _get_joules_task: can't get info from slurmd
slurmstepd: error: _get_joules_task: can't get info from slurmd
slurmstepd: error: _get_joules_task: can't get info from slurmd
slurmstepd: error: _get_joules_task: can't get info from slurmd
slurmstepd: error: _get_joules_task: can't get info from slurmd
slurmstepd: error: _get_joules_task: can't get info from slurmd
slurmstepd: error: _get_joules_task: can't get info from slurmd
slurmstepd: error: _get_joules_task: can't get info from slurmd
slurmstepd: error: _get_joules_task: can't get info from slurmd
slurmstepd: error: _get_joules_task: can't get info from slurmd
slurmstepd: error: _get_joules_task: can't get info from slurmd
slurmstepd: error: _get_joules_task: can't get info from slurmd
slurmstepd: error: _get_joules_task: can't get info from slurmd
slurmstepd: error: _get_joules_task: can't get info from slurmd
slurmstepd: error: _get_joules_task: can't get info from slurmd
slurmstepd: error: _get_joules_task: can't get info from slurmd
slurmstepd: error: _get_joules_task: can't get info from slurmd
slurmstepd: error: _get_joules_task: can't get info from slurmd
slurmstepd: error: _get_joules_task: can't get info from slurmd
slurmstepd: error: _get_joules_task: can't get info from slurmd
slurmstepd: error: _get_joules_task: can't get info from slurmd
slurmstepd: error: _get_joules_task: can't get info from slurmd
slurmstepd: error: _get_joules_task: can't get info from slurmd
slurmstepd: error: _get_joules_task: can't get info from slurmd
slurmstepd: error: _get_joules_task: can't get info from slurmd
slurmstepd: error: _get_joules_task: can't get info from slurmd
Train loss: 0.0003591101267375052 at step: 5200
Saving epoch 20...
=> Warning: Some sub-dataset DCT stats not ready yet.
=> Warning: No DCT stats found in ConcatDataset. Skipping...
=> Saved checkpoint to ./checkpoints/DCT_ResNet50_LM123/model_epoch_latest.pth
=> Warning: Some sub-dataset DCT stats not ready yet.
=> Warning: No DCT stats found in ConcatDataset. Skipping...
=> Saved checkpoint to ./checkpoints/DCT_ResNet50_LM123/model_epoch_20.pth
slurmstepd: error: _get_joules_task: can't get info from slurmd
slurmstepd: error: _get_joules_task: can't get info from slurmd
slurmstepd: error: _get_joules_task: can't get info from slurmd
slurmstepd: error: _get_joules_task: can't get info from slurmd
slurmstepd: error: _get_joules_task: can't get info from slurmd
slurmstepd: error: _get_joules_task: can't get info from slurmd
slurmstepd: error: _get_joules_task: can't get info from slurmd
slurmstepd: error: _get_joules_task: can't get info from slurmd
slurmstepd: error: _get_joules_task: can't get info from slurmd
(Val @ epoch 20) acc: 0.502, ap: 0.6234697222441187
=> Warning: Some sub-dataset DCT stats not ready yet.
=> Warning: No DCT stats found in ConcatDataset. Skipping...
=> Saved checkpoint to ./checkpoints/DCT_ResNet50_LM123/model_epoch_epoch_20.pth
EarlyStopping counter: 2 out of 5
slurmstepd: error: _get_joules_task: can't get info from slurmd
slurmstepd: error: _get_joules_task: can't get info from slurmd
slurmstepd: error: _get_joules_task: can't get info from slurmd
slurmstepd: error: _get_joules_task: can't get info from slurmd
slurmstepd: error: _get_joules_task: can't get info from slurmd
slurmstepd: error: _get_joules_task: can't get info from slurmd
slurmstepd: error: _get_joules_task: can't get info from slurmd
slurmstepd: error: _get_joules_task: can't get info from slurmd
slurmstepd: error: _get_joules_task: can't get info from slurmd
slurmstepd: error: _get_joules_task: can't get info from slurmd
slurmstepd: error: _get_joules_task: can't get info from slurmd
slurmstepd: error: _get_joules_task: can't get info from slurmd
slurmstepd: error: _get_joules_task: can't get info from slurmd
slurmstepd: error: _get_joules_task: can't get info from slurmd
slurmstepd: error: _get_joules_task: can't get info from slurmd
slurmstepd: error: _get_joules_task: can't get info from slurmd
slurmstepd: error: _get_joules_task: can't get info from slurmd
slurmstepd: error: _get_joules_task: can't get info from slurmd
slurmstepd: error: _get_joules_task: can't get info from slurmd
slurmstepd: error: _get_joules_task: can't get info from slurmd
slurmstepd: error: _get_joules_task: can't get info from slurmd
slurmstepd: error: _get_joules_task: can't get info from slurmd
slurmstepd: error: _get_joules_task: can't get info from slurmd
slurmstepd: error: _get_joules_task: can't get info from slurmd
slurmstepd: error: _get_joules_task: can't get info from slurmd
slurmstepd: error: _get_joules_task: can't get info from slurmd
slurmstepd: error: _get_joules_task: can't get info from slurmd
slurmstepd: error: _get_joules_task: can't get info from slurmd
slurmstepd: error: _get_joules_task: can't get info from slurmd
slurmstepd: error: _get_joules_task: can't get info from slurmd
slurmstepd: error: _get_joules_task: can't get info from slurmd
slurmstepd: error: _get_joules_task: can't get info from slurmd
slurmstepd: error: _get_joules_task: can't get info from slurmd
slurmstepd: error: _get_joules_task: can't get info from slurmd
slurmstepd: error: _get_joules_task: can't get info from slurmd
slurmstepd: error: _get_joules_task: can't get info from slurmd
slurmstepd: error: _get_joules_task: can't get info from slurmd
slurmstepd: error: _get_joules_task: can't get info from slurmd
slurmstepd: error: _get_joules_task: can't get info from slurmd
slurmstepd: error: _get_joules_task: can't get info from slurmd
slurmstepd: error: _get_joules_task: can't get info from slurmd
slurmstepd: error: _get_joules_task: can't get info from slurmd
slurmstepd: error: _get_joules_task: can't get info from slurmd
slurmstepd: error: _get_joules_task: can't get info from slurmd
slurmstepd: error: _get_joules_task: can't get info from slurmd
slurmstepd: error: _get_joules_task: can't get info from slurmd
slurmstepd: error: _get_joules_task: can't get info from slurmd
slurmstepd: error: _get_joules_task: can't get info from slurmd
slurmstepd: error: _get_joules_task: can't get info from slurmd
slurmstepd: error: _get_joules_task: can't get info from slurmd
slurmstepd: error: _get_joules_task: can't get info from slurmd
slurmstepd: error: _get_joules_task: can't get info from slurmd
slurmstepd: error: _get_joules_task: can't get info from slurmd
slurmstepd: error: _get_joules_task: can't get info from slurmd
slurmstepd: error: _get_joules_task: can't get info from slurmd
slurmstepd: error: _get_joules_task: can't get info from slurmd
slurmstepd: error: _get_joules_task: can't get info from slurmd
slurmstepd: error: _get_joules_task: can't get info from slurmd
slurmstepd: error: _get_joules_task: can't get info from slurmd
slurmstepd: error: _get_joules_task: can't get info from slurmd
slurmstepd: error: _get_joules_task: can't get info from slurmd
slurmstepd: error: _get_joules_task: can't get info from slurmd
slurmstepd: error: _get_joules_task: can't get info from slurmd
slurmstepd: error: _get_joules_task: can't get info from slurmd
slurmstepd: error: _get_joules_task: can't get info from slurmd
slurmstepd: error: _get_joules_task: can't get info from slurmd
slurmstepd: error: _get_joules_task: can't get info from slurmd
slurmstepd: error: _get_joules_task: can't get info from slurmd
slurmstepd: error: _get_joules_task: can't get info from slurmd
slurmstepd: error: _get_joules_task: can't get info from slurmd
slurmstepd: error: _get_joules_task: can't get info from slurmd
slurmstepd: error: _get_joules_task: can't get info from slurmd
slurmstepd: error: _get_joules_task: can't get info from slurmd
slurmstepd: error: _get_joules_task: can't get info from slurmd
slurmstepd: error: _get_joules_task: can't get info from slurmd
slurmstepd: error: _get_joules_task: can't get info from slurmd
slurmstepd: error: _get_joules_task: can't get info from slurmd
slurmstepd: error: _get_joules_task: can't get info from slurmd
slurmstepd: error: _get_joules_task: can't get info from slurmd
slurmstepd: error: _get_joules_task: can't get info from slurmd
slurmstepd: error: _get_joules_task: can't get info from slurmd
slurmstepd: error: _get_joules_task: can't get info from slurmd
slurmstepd: error: _get_joules_task: can't get info from slurmd
slurmstepd: error: _get_joules_task: can't get info from slurmd
slurmstepd: error: _get_joules_task: can't get info from slurmd
slurmstepd: error: _get_joules_task: can't get info from slurmd
slurmstepd: error: _get_joules_task: can't get info from slurmd
slurmstepd: error: _get_joules_task: can't get info from slurmd
slurmstepd: error: _get_joules_task: can't get info from slurmd
slurmstepd: error: _get_joules_task: can't get info from slurmd
slurmstepd: error: _get_joules_task: can't get info from slurmd
slurmstepd: error: _get_joules_task: can't get info from slurmd
slurmstepd: error: _get_joules_task: can't get info from slurmd
slurmstepd: error: _get_joules_task: can't get info from slurmd
slurmstepd: error: _get_joules_task: can't get info from slurmd
slurmstepd: error: _get_joules_task: can't get info from slurmd
slurmstepd: error: _get_joules_task: can't get info from slurmd
slurmstepd: error: _get_joules_task: can't get info from slurmd
slurmstepd: error: _get_joules_task: can't get info from slurmd
slurmstepd: error: _get_joules_task: can't get info from slurmd
slurmstepd: error: _get_joules_task: can't get info from slurmd
slurmstepd: error: _get_joules_task: can't get info from slurmd
slurmstepd: error: _get_joules_task: can't get info from slurmd
slurmstepd: error: _get_joules_task: can't get info from slurmd
slurmstepd: error: _get_joules_task: can't get info from slurmd
slurmstepd: error: _get_joules_task: can't get info from slurmd
slurmstepd: error: _get_joules_task: can't get info from slurmd
slurmstepd: error: _get_joules_task: can't get info from slurmd
slurmstepd: error: _get_joules_task: can't get info from slurmd
slurmstepd: error: _get_joules_task: can't get info from slurmd
slurmstepd: error: _get_joules_task: can't get info from slurmd
slurmstepd: error: _get_joules_task: can't get info from slurmd
slurmstepd: error: _get_joules_task: can't get info from slurmd
slurmstepd: error: _get_joules_task: can't get info from slurmd
slurmstepd: error: _get_joules_task: can't get info from slurmd
slurmstepd: error: _get_joules_task: can't get info from slurmd
slurmstepd: error: _get_joules_task: can't get info from slurmd
slurmstepd: error: _get_joules_task: can't get info from slurmd
slurmstepd: error: _get_joules_task: can't get info from slurmd
slurmstepd: error: _get_joules_task: can't get info from slurmd
slurmstepd: error: _get_joules_task: can't get info from slurmd
slurmstepd: error: _get_joules_task: can't get info from slurmd
slurmstepd: error: _get_joules_task: can't get info from slurmd
slurmstepd: error: _get_joules_task: can't get info from slurmd
slurmstepd: error: _get_joules_task: can't get info from slurmd
slurmstepd: error: _get_joules_task: can't get info from slurmd
slurmstepd: error: _get_joules_task: can't get info from slurmd
slurmstepd: error: _get_joules_task: can't get info from slurmd
slurmstepd: error: _get_joules_task: can't get info from slurmd
slurmstepd: error: _get_joules_task: can't get info from slurmd
slurmstepd: error: _get_joules_task: can't get info from slurmd
slurmstepd: error: _get_joules_task: can't get info from slurmd
slurmstepd: error: _get_joules_task: can't get info from slurmd
slurmstepd: error: _get_joules_task: can't get info from slurmd
slurmstepd: error: _get_joules_task: can't get info from slurmd
slurmstepd: error: _get_joules_task: can't get info from slurmd
slurmstepd: error: _get_joules_task: can't get info from slurmd
slurmstepd: error: _get_joules_task: can't get info from slurmd
slurmstepd: error: _get_joules_task: can't get info from slurmd
slurmstepd: error: _get_joules_task: can't get info from slurmd
slurmstepd: error: _get_joules_task: can't get info from slurmd
slurmstepd: error: _get_joules_task: can't get info from slurmd
slurmstepd: error: _get_joules_task: can't get info from slurmd
slurmstepd: error: _get_joules_task: can't get info from slurmd
slurmstepd: error: _get_joules_task: can't get info from slurmd
slurmstepd: error: _get_joules_task: can't get info from slurmd
slurmstepd: error: _get_joules_task: can't get info from slurmd
slurmstepd: error: _get_joules_task: can't get info from slurmd
slurmstepd: error: _get_joules_task: can't get info from slurmd
slurmstepd: error: _get_joules_task: can't get info from slurmd
slurmstepd: error: _get_joules_task: can't get info from slurmd
slurmstepd: error: _get_joules_task: can't get info from slurmd
slurmstepd: error: _get_joules_task: can't get info from slurmd
slurmstepd: error: _get_joules_task: can't get info from slurmd
slurmstepd: error: _get_joules_task: can't get info from slurmd
slurmstepd: error: _get_joules_task: can't get info from slurmd
slurmstepd: error: _get_joules_task: can't get info from slurmd
slurmstepd: error: _get_joules_task: can't get info from slurmd
slurmstepd: error: _get_joules_task: can't get info from slurmd
slurmstepd: error: _get_joules_task: can't get info from slurmd
slurmstepd: error: _get_joules_task: can't get info from slurmd
slurmstepd: error: _get_joules_task: can't get info from slurmd
slurmstepd: error: _get_joules_task: can't get info from slurmd
slurmstepd: error: _get_joules_task: can't get info from slurmd
slurmstepd: error: _get_joules_task: can't get info from slurmd
slurmstepd: error: _get_joules_task: can't get info from slurmd
slurmstepd: error: _get_joules_task: can't get info from slurmd
slurmstepd: error: _get_joules_task: can't get info from slurmd
slurmstepd: error: _get_joules_task: can't get info from slurmd
slurmstepd: error: _get_joules_task: can't get info from slurmd
slurmstepd: error: _get_joules_task: can't get info from slurmd
slurmstepd: error: _get_joules_task: can't get info from slurmd
slurmstepd: error: _get_joules_task: can't get info from slurmd
slurmstepd: error: _get_joules_task: can't get info from slurmd
slurmstepd: error: _get_joules_task: can't get info from slurmd
slurmstepd: error: _get_joules_task: can't get info from slurmd
slurmstepd: error: _get_joules_task: can't get info from slurmd
slurmstepd: error: _get_joules_task: can't get info from slurmd
slurmstepd: error: _get_joules_task: can't get info from slurmd
slurmstepd: error: _get_joules_task: can't get info from slurmd
slurmstepd: error: _get_joules_task: can't get info from slurmd
slurmstepd: error: _get_joules_task: can't get info from slurmd
slurmstepd: error: _get_joules_task: can't get info from slurmd
slurmstepd: error: _get_joules_task: can't get info from slurmd
slurmstepd: error: _get_joules_task: can't get info from slurmd
slurmstepd: error: _get_joules_task: can't get info from slurmd
slurmstepd: error: _get_joules_task: can't get info from slurmd
slurmstepd: error: _get_joules_task: can't get info from slurmd
slurmstepd: error: _get_joules_task: can't get info from slurmd
slurmstepd: error: _get_joules_task: can't get info from slurmd
slurmstepd: error: _get_joules_task: can't get info from slurmd
slurmstepd: error: _get_joules_task: can't get info from slurmd
Saving epoch 21...
=> Warning: Some sub-dataset DCT stats not ready yet.
=> Warning: No DCT stats found in ConcatDataset. Skipping...
=> Saved checkpoint to ./checkpoints/DCT_ResNet50_LM123/model_epoch_latest.pth
=> Warning: Some sub-dataset DCT stats not ready yet.
=> Warning: No DCT stats found in ConcatDataset. Skipping...
=> Saved checkpoint to ./checkpoints/DCT_ResNet50_LM123/model_epoch_21.pth
slurmstepd: error: _get_joules_task: can't get info from slurmd
slurmstepd: error: _get_joules_task: can't get info from slurmd
slurmstepd: error: _get_joules_task: can't get info from slurmd
slurmstepd: error: _get_joules_task: can't get info from slurmd
slurmstepd: error: _get_joules_task: can't get info from slurmd
slurmstepd: error: _get_joules_task: can't get info from slurmd
slurmstepd: error: _get_joules_task: can't get info from slurmd
slurmstepd: error: _get_joules_task: can't get info from slurmd
slurmstepd: error: _get_joules_task: can't get info from slurmd
slurmstepd: error: _get_joules_task: can't get info from slurmd
slurmstepd: error: _get_joules_task: can't get info from slurmd
(Val @ epoch 21) acc: 0.5005, ap: 0.6679449328128804
=> Warning: Some sub-dataset DCT stats not ready yet.
=> Warning: No DCT stats found in ConcatDataset. Skipping...
=> Saved checkpoint to ./checkpoints/DCT_ResNet50_LM123/model_epoch_epoch_21.pth
EarlyStopping counter: 3 out of 5
slurmstepd: error: _get_joules_task: can't get info from slurmd
slurmstepd: error: _get_joules_task: can't get info from slurmd
slurmstepd: error: _get_joules_task: can't get info from slurmd
slurmstepd: error: _get_joules_task: can't get info from slurmd
slurmstepd: error: _get_joules_task: can't get info from slurmd
slurmstepd: error: _get_joules_task: can't get info from slurmd
slurmstepd: error: _get_joules_task: can't get info from slurmd
slurmstepd: error: _get_joules_task: can't get info from slurmd
slurmstepd: error: _get_joules_task: can't get info from slurmd
slurmstepd: error: _get_joules_task: can't get info from slurmd
slurmstepd: error: _get_joules_task: can't get info from slurmd
slurmstepd: error: _get_joules_task: can't get info from slurmd
slurmstepd: error: _get_joules_task: can't get info from slurmd
slurmstepd: error: _get_joules_task: can't get info from slurmd
slurmstepd: error: _get_joules_task: can't get info from slurmd
slurmstepd: error: _get_joules_task: can't get info from slurmd
slurmstepd: error: _get_joules_task: can't get info from slurmd
slurmstepd: error: _get_joules_task: can't get info from slurmd
slurmstepd: error: _get_joules_task: can't get info from slurmd
slurmstepd: error: _get_joules_task: can't get info from slurmd
slurmstepd: error: _get_joules_task: can't get info from slurmd
slurmstepd: error: _get_joules_task: can't get info from slurmd
slurmstepd: error: _get_joules_task: can't get info from slurmd
slurmstepd: error: _get_joules_task: can't get info from slurmd
slurmstepd: error: _get_joules_task: can't get info from slurmd
slurmstepd: error: _get_joules_task: can't get info from slurmd
slurmstepd: error: _get_joules_task: can't get info from slurmd
slurmstepd: error: _get_joules_task: can't get info from slurmd
slurmstepd: error: _get_joules_task: can't get info from slurmd
slurmstepd: error: _get_joules_task: can't get info from slurmd
slurmstepd: error: _get_joules_task: can't get info from slurmd
slurmstepd: error: _get_joules_task: can't get info from slurmd
slurmstepd: error: _get_joules_task: can't get info from slurmd
slurmstepd: error: _get_joules_task: can't get info from slurmd
slurmstepd: error: _get_joules_task: can't get info from slurmd
slurmstepd: error: _get_joules_task: can't get info from slurmd
slurmstepd: error: _get_joules_task: can't get info from slurmd
slurmstepd: error: _get_joules_task: can't get info from slurmd
slurmstepd: error: _get_joules_task: can't get info from slurmd
slurmstepd: error: _get_joules_task: can't get info from slurmd
slurmstepd: error: _get_joules_task: can't get info from slurmd
slurmstepd: error: _get_joules_task: can't get info from slurmd
slurmstepd: error: _get_joules_task: can't get info from slurmd
slurmstepd: error: _get_joules_task: can't get info from slurmd
slurmstepd: error: _get_joules_task: can't get info from slurmd
slurmstepd: error: _get_joules_task: can't get info from slurmd
slurmstepd: error: _get_joules_task: can't get info from slurmd
slurmstepd: error: _get_joules_task: can't get info from slurmd
slurmstepd: error: _get_joules_task: can't get info from slurmd
slurmstepd: error: _get_joules_task: can't get info from slurmd
slurmstepd: error: _get_joules_task: can't get info from slurmd
slurmstepd: error: _get_joules_task: can't get info from slurmd
slurmstepd: error: _get_joules_task: can't get info from slurmd
slurmstepd: error: _get_joules_task: can't get info from slurmd
slurmstepd: error: _get_joules_task: can't get info from slurmd
slurmstepd: error: _get_joules_task: can't get info from slurmd
slurmstepd: error: _get_joules_task: can't get info from slurmd
slurmstepd: error: _get_joules_task: can't get info from slurmd
slurmstepd: error: _get_joules_task: can't get info from slurmd
slurmstepd: error: _get_joules_task: can't get info from slurmd
slurmstepd: error: _get_joules_task: can't get info from slurmd
slurmstepd: error: _get_joules_task: can't get info from slurmd
slurmstepd: error: _get_joules_task: can't get info from slurmd
slurmstepd: error: _get_joules_task: can't get info from slurmd
slurmstepd: error: _get_joules_task: can't get info from slurmd
slurmstepd: error: _get_joules_task: can't get info from slurmd
slurmstepd: error: _get_joules_task: can't get info from slurmd
slurmstepd: error: _get_joules_task: can't get info from slurmd
slurmstepd: error: _get_joules_task: can't get info from slurmd
slurmstepd: error: _get_joules_task: can't get info from slurmd
slurmstepd: error: _get_joules_task: can't get info from slurmd
slurmstepd: error: _get_joules_task: can't get info from slurmd
slurmstepd: error: _get_joules_task: can't get info from slurmd
slurmstepd: error: _get_joules_task: can't get info from slurmd
slurmstepd: error: _get_joules_task: can't get info from slurmd
slurmstepd: error: _get_joules_task: can't get info from slurmd
slurmstepd: error: _get_joules_task: can't get info from slurmd
slurmstepd: error: _get_joules_task: can't get info from slurmd
slurmstepd: error: _get_joules_task: can't get info from slurmd
slurmstepd: error: _get_joules_task: can't get info from slurmd
slurmstepd: error: _get_joules_task: can't get info from slurmd
slurmstepd: error: _get_joules_task: can't get info from slurmd
slurmstepd: error: _get_joules_task: can't get info from slurmd
slurmstepd: error: _get_joules_task: can't get info from slurmd
slurmstepd: error: _get_joules_task: can't get info from slurmd
slurmstepd: error: _get_joules_task: can't get info from slurmd
slurmstepd: error: _get_joules_task: can't get info from slurmd
slurmstepd: error: _get_joules_task: can't get info from slurmd
slurmstepd: error: _get_joules_task: can't get info from slurmd
slurmstepd: error: _get_joules_task: can't get info from slurmd
slurmstepd: error: _get_joules_task: can't get info from slurmd
slurmstepd: error: _get_joules_task: can't get info from slurmd
slurmstepd: error: _get_joules_task: can't get info from slurmd
slurmstepd: error: _get_joules_task: can't get info from slurmd
slurmstepd: error: _get_joules_task: can't get info from slurmd
slurmstepd: error: _get_joules_task: can't get info from slurmd
slurmstepd: error: _get_joules_task: can't get info from slurmd
slurmstepd: error: _get_joules_task: can't get info from slurmd
slurmstepd: error: _get_joules_task: can't get info from slurmd
slurmstepd: error: _get_joules_task: can't get info from slurmd
slurmstepd: error: _get_joules_task: can't get info from slurmd
slurmstepd: error: _get_joules_task: can't get info from slurmd
slurmstepd: error: _get_joules_task: can't get info from slurmd
slurmstepd: error: _get_joules_task: can't get info from slurmd
slurmstepd: error: _get_joules_task: can't get info from slurmd
slurmstepd: error: _get_joules_task: can't get info from slurmd
slurmstepd: error: _get_joules_task: can't get info from slurmd
slurmstepd: error: _get_joules_task: can't get info from slurmd
slurmstepd: error: _get_joules_task: can't get info from slurmd
slurmstepd: error: _get_joules_task: can't get info from slurmd
slurmstepd: error: _get_joules_task: can't get info from slurmd
slurmstepd: error: _get_joules_task: can't get info from slurmd
slurmstepd: error: _get_joules_task: can't get info from slurmd
slurmstepd: error: _get_joules_task: can't get info from slurmd
slurmstepd: error: _get_joules_task: can't get info from slurmd
slurmstepd: error: _get_joules_task: can't get info from slurmd
slurmstepd: error: _get_joules_task: can't get info from slurmd
slurmstepd: error: _get_joules_task: can't get info from slurmd
slurmstepd: error: _get_joules_task: can't get info from slurmd
slurmstepd: error: _get_joules_task: can't get info from slurmd
slurmstepd: error: _get_joules_task: can't get info from slurmd
slurmstepd: error: _get_joules_task: can't get info from slurmd
slurmstepd: error: _get_joules_task: can't get info from slurmd
slurmstepd: error: _get_joules_task: can't get info from slurmd
slurmstepd: error: _get_joules_task: can't get info from slurmd
slurmstepd: error: _get_joules_task: can't get info from slurmd
slurmstepd: error: _get_joules_task: can't get info from slurmd
slurmstepd: error: _get_joules_task: can't get info from slurmd
slurmstepd: error: _get_joules_task: can't get info from slurmd
slurmstepd: error: _get_joules_task: can't get info from slurmd
slurmstepd: error: _get_joules_task: can't get info from slurmd
slurmstepd: error: _get_joules_task: can't get info from slurmd
slurmstepd: error: _get_joules_task: can't get info from slurmd
slurmstepd: error: _get_joules_task: can't get info from slurmd
slurmstepd: error: _get_joules_task: can't get info from slurmd
slurmstepd: error: _get_joules_task: can't get info from slurmd
slurmstepd: error: _get_joules_task: can't get info from slurmd
slurmstepd: error: _get_joules_task: can't get info from slurmd
slurmstepd: error: _get_joules_task: can't get info from slurmd
slurmstepd: error: _get_joules_task: can't get info from slurmd
slurmstepd: error: _get_joules_task: can't get info from slurmd
slurmstepd: error: _get_joules_task: can't get info from slurmd
slurmstepd: error: _get_joules_task: can't get info from slurmd
slurmstepd: error: _get_joules_task: can't get info from slurmd
slurmstepd: error: _get_joules_task: can't get info from slurmd
slurmstepd: error: _get_joules_task: can't get info from slurmd
slurmstepd: error: _get_joules_task: can't get info from slurmd
slurmstepd: error: _get_joules_task: can't get info from slurmd
slurmstepd: error: _get_joules_task: can't get info from slurmd
slurmstepd: error: _get_joules_task: can't get info from slurmd
slurmstepd: error: _get_joules_task: can't get info from slurmd
slurmstepd: error: _get_joules_task: can't get info from slurmd
slurmstepd: error: _get_joules_task: can't get info from slurmd
slurmstepd: error: _get_joules_task: can't get info from slurmd
slurmstepd: error: _get_joules_task: can't get info from slurmd
slurmstepd: error: _get_joules_task: can't get info from slurmd
slurmstepd: error: _get_joules_task: can't get info from slurmd
slurmstepd: error: _get_joules_task: can't get info from slurmd
slurmstepd: error: _get_joules_task: can't get info from slurmd
slurmstepd: error: _get_joules_task: can't get info from slurmd
slurmstepd: error: _get_joules_task: can't get info from slurmd
slurmstepd: error: _get_joules_task: can't get info from slurmd
slurmstepd: error: _get_joules_task: can't get info from slurmd
slurmstepd: error: _get_joules_task: can't get info from slurmd
slurmstepd: error: _get_joules_task: can't get info from slurmd
slurmstepd: error: _get_joules_task: can't get info from slurmd
slurmstepd: error: _get_joules_task: can't get info from slurmd
slurmstepd: error: _get_joules_task: can't get info from slurmd
slurmstepd: error: _get_joules_task: can't get info from slurmd
slurmstepd: error: _get_joules_task: can't get info from slurmd
slurmstepd: error: _get_joules_task: can't get info from slurmd
slurmstepd: error: _get_joules_task: can't get info from slurmd
slurmstepd: error: _get_joules_task: can't get info from slurmd
slurmstepd: error: _get_joules_task: can't get info from slurmd
slurmstepd: error: _get_joules_task: can't get info from slurmd
slurmstepd: error: _get_joules_task: can't get info from slurmd
slurmstepd: error: _get_joules_task: can't get info from slurmd
slurmstepd: error: _get_joules_task: can't get info from slurmd
slurmstepd: error: _get_joules_task: can't get info from slurmd
slurmstepd: error: _get_joules_task: can't get info from slurmd
slurmstepd: error: _get_joules_task: can't get info from slurmd
slurmstepd: error: _get_joules_task: can't get info from slurmd
slurmstepd: error: _get_joules_task: can't get info from slurmd
slurmstepd: error: _get_joules_task: can't get info from slurmd
slurmstepd: error: _get_joules_task: can't get info from slurmd
slurmstepd: error: _get_joules_task: can't get info from slurmd
slurmstepd: error: _get_joules_task: can't get info from slurmd
slurmstepd: error: _get_joules_task: can't get info from slurmd
slurmstepd: error: _get_joules_task: can't get info from slurmd
slurmstepd: error: _get_joules_task: can't get info from slurmd
slurmstepd: error: _get_joules_task: can't get info from slurmd
slurmstepd: error: _get_joules_task: can't get info from slurmd
slurmstepd: error: _get_joules_task: can't get info from slurmd
slurmstepd: error: _get_joules_task: can't get info from slurmd
slurmstepd: error: _get_joules_task: can't get info from slurmd
slurmstepd: error: _get_joules_task: can't get info from slurmd
Train loss: 0.0003530621761456132 at step: 5600
Saving epoch 22...
=> Warning: Some sub-dataset DCT stats not ready yet.
=> Warning: No DCT stats found in ConcatDataset. Skipping...
=> Saved checkpoint to ./checkpoints/DCT_ResNet50_LM123/model_epoch_latest.pth
=> Warning: Some sub-dataset DCT stats not ready yet.
=> Warning: No DCT stats found in ConcatDataset. Skipping...
=> Saved checkpoint to ./checkpoints/DCT_ResNet50_LM123/model_epoch_22.pth
slurmstepd: error: _get_joules_task: can't get info from slurmd
slurmstepd: error: _get_joules_task: can't get info from slurmd
slurmstepd: error: _get_joules_task: can't get info from slurmd
slurmstepd: error: _get_joules_task: can't get info from slurmd
slurmstepd: error: _get_joules_task: can't get info from slurmd
slurmstepd: error: _get_joules_task: can't get info from slurmd
slurmstepd: error: _get_joules_task: can't get info from slurmd
slurmstepd: error: _get_joules_task: can't get info from slurmd
slurmstepd: error: _get_joules_task: can't get info from slurmd
(Val @ epoch 22) acc: 0.5, ap: 0.6301106088485644
=> Warning: Some sub-dataset DCT stats not ready yet.
=> Warning: No DCT stats found in ConcatDataset. Skipping...
=> Saved checkpoint to ./checkpoints/DCT_ResNet50_LM123/model_epoch_epoch_22.pth
EarlyStopping counter: 4 out of 5
slurmstepd: error: _get_joules_task: can't get info from slurmd
slurmstepd: error: _get_joules_task: can't get info from slurmd
slurmstepd: error: _get_joules_task: can't get info from slurmd
slurmstepd: error: _get_joules_task: can't get info from slurmd
slurmstepd: error: _get_joules_task: can't get info from slurmd
slurmstepd: error: _get_joules_task: can't get info from slurmd
slurmstepd: error: _get_joules_task: can't get info from slurmd
slurmstepd: error: _get_joules_task: can't get info from slurmd
slurmstepd: error: _get_joules_task: can't get info from slurmd
slurmstepd: error: _get_joules_task: can't get info from slurmd
slurmstepd: error: _get_joules_task: can't get info from slurmd
slurmstepd: error: _get_joules_task: can't get info from slurmd
slurmstepd: error: _get_joules_task: can't get info from slurmd
slurmstepd: error: _get_joules_task: can't get info from slurmd
slurmstepd: error: _get_joules_task: can't get info from slurmd
slurmstepd: error: _get_joules_task: can't get info from slurmd
slurmstepd: error: _get_joules_task: can't get info from slurmd
slurmstepd: error: _get_joules_task: can't get info from slurmd
slurmstepd: error: _get_joules_task: can't get info from slurmd
slurmstepd: error: _get_joules_task: can't get info from slurmd
slurmstepd: error: _get_joules_task: can't get info from slurmd
slurmstepd: error: _get_joules_task: can't get info from slurmd
slurmstepd: error: _get_joules_task: can't get info from slurmd
slurmstepd: error: _get_joules_task: can't get info from slurmd
slurmstepd: error: _get_joules_task: can't get info from slurmd
slurmstepd: error: _get_joules_task: can't get info from slurmd
slurmstepd: error: _get_joules_task: can't get info from slurmd
slurmstepd: error: _get_joules_task: can't get info from slurmd
slurmstepd: error: _get_joules_task: can't get info from slurmd
slurmstepd: error: _get_joules_task: can't get info from slurmd
slurmstepd: error: _get_joules_task: can't get info from slurmd
slurmstepd: error: _get_joules_task: can't get info from slurmd
slurmstepd: error: _get_joules_task: can't get info from slurmd
slurmstepd: error: _get_joules_task: can't get info from slurmd
slurmstepd: error: _get_joules_task: can't get info from slurmd
slurmstepd: error: _get_joules_task: can't get info from slurmd
slurmstepd: error: _get_joules_task: can't get info from slurmd
slurmstepd: error: _get_joules_task: can't get info from slurmd
slurmstepd: error: _get_joules_task: can't get info from slurmd
slurmstepd: error: _get_joules_task: can't get info from slurmd
slurmstepd: error: _get_joules_task: can't get info from slurmd
slurmstepd: error: _get_joules_task: can't get info from slurmd
slurmstepd: error: _get_joules_task: can't get info from slurmd
slurmstepd: error: _get_joules_task: can't get info from slurmd
slurmstepd: error: _get_joules_task: can't get info from slurmd
slurmstepd: error: _get_joules_task: can't get info from slurmd
slurmstepd: error: _get_joules_task: can't get info from slurmd
slurmstepd: error: _get_joules_task: can't get info from slurmd
slurmstepd: error: _get_joules_task: can't get info from slurmd
slurmstepd: error: _get_joules_task: can't get info from slurmd
slurmstepd: error: _get_joules_task: can't get info from slurmd
slurmstepd: error: _get_joules_task: can't get info from slurmd
slurmstepd: error: _get_joules_task: can't get info from slurmd
slurmstepd: error: _get_joules_task: can't get info from slurmd
slurmstepd: error: _get_joules_task: can't get info from slurmd
slurmstepd: error: _get_joules_task: can't get info from slurmd
slurmstepd: error: _get_joules_task: can't get info from slurmd
slurmstepd: error: _get_joules_task: can't get info from slurmd
slurmstepd: error: _get_joules_task: can't get info from slurmd
slurmstepd: error: _get_joules_task: can't get info from slurmd
slurmstepd: error: _get_joules_task: can't get info from slurmd
slurmstepd: error: _get_joules_task: can't get info from slurmd
slurmstepd: error: _get_joules_task: can't get info from slurmd
slurmstepd: error: _get_joules_task: can't get info from slurmd
slurmstepd: error: _get_joules_task: can't get info from slurmd
slurmstepd: error: _get_joules_task: can't get info from slurmd
slurmstepd: error: _get_joules_task: can't get info from slurmd
slurmstepd: error: _get_joules_task: can't get info from slurmd
slurmstepd: error: _get_joules_task: can't get info from slurmd
slurmstepd: error: _get_joules_task: can't get info from slurmd
slurmstepd: error: _get_joules_task: can't get info from slurmd
slurmstepd: error: _get_joules_task: can't get info from slurmd
slurmstepd: error: _get_joules_task: can't get info from slurmd
slurmstepd: error: _get_joules_task: can't get info from slurmd
slurmstepd: error: _get_joules_task: can't get info from slurmd
slurmstepd: error: _get_joules_task: can't get info from slurmd
slurmstepd: error: _get_joules_task: can't get info from slurmd
slurmstepd: error: _get_joules_task: can't get info from slurmd
slurmstepd: error: _get_joules_task: can't get info from slurmd
slurmstepd: error: _get_joules_task: can't get info from slurmd
slurmstepd: error: _get_joules_task: can't get info from slurmd
slurmstepd: error: _get_joules_task: can't get info from slurmd
slurmstepd: error: _get_joules_task: can't get info from slurmd
slurmstepd: error: _get_joules_task: can't get info from slurmd
slurmstepd: error: _get_joules_task: can't get info from slurmd
slurmstepd: error: _get_joules_task: can't get info from slurmd
slurmstepd: error: _get_joules_task: can't get info from slurmd
slurmstepd: error: _get_joules_task: can't get info from slurmd
slurmstepd: error: _get_joules_task: can't get info from slurmd
slurmstepd: error: _get_joules_task: can't get info from slurmd
slurmstepd: error: _get_joules_task: can't get info from slurmd
slurmstepd: error: _get_joules_task: can't get info from slurmd
slurmstepd: error: _get_joules_task: can't get info from slurmd
slurmstepd: error: _get_joules_task: can't get info from slurmd
slurmstepd: error: _get_joules_task: can't get info from slurmd
slurmstepd: error: _get_joules_task: can't get info from slurmd
slurmstepd: error: _get_joules_task: can't get info from slurmd
slurmstepd: error: _get_joules_task: can't get info from slurmd
slurmstepd: error: _get_joules_task: can't get info from slurmd
slurmstepd: error: _get_joules_task: can't get info from slurmd
slurmstepd: error: _get_joules_task: can't get info from slurmd
slurmstepd: error: _get_joules_task: can't get info from slurmd
slurmstepd: error: _get_joules_task: can't get info from slurmd
slurmstepd: error: _get_joules_task: can't get info from slurmd
slurmstepd: error: _get_joules_task: can't get info from slurmd
slurmstepd: error: _get_joules_task: can't get info from slurmd
slurmstepd: error: _get_joules_task: can't get info from slurmd
slurmstepd: error: _get_joules_task: can't get info from slurmd
slurmstepd: error: _get_joules_task: can't get info from slurmd
slurmstepd: error: _get_joules_task: can't get info from slurmd
slurmstepd: error: _get_joules_task: can't get info from slurmd
slurmstepd: error: _get_joules_task: can't get info from slurmd
slurmstepd: error: _get_joules_task: can't get info from slurmd
slurmstepd: error: _get_joules_task: can't get info from slurmd
slurmstepd: error: _get_joules_task: can't get info from slurmd
slurmstepd: error: _get_joules_task: can't get info from slurmd
slurmstepd: error: _get_joules_task: can't get info from slurmd
slurmstepd: error: _get_joules_task: can't get info from slurmd
slurmstepd: error: _get_joules_task: can't get info from slurmd
slurmstepd: error: _get_joules_task: can't get info from slurmd
slurmstepd: error: _get_joules_task: can't get info from slurmd
slurmstepd: error: _get_joules_task: can't get info from slurmd
slurmstepd: error: _get_joules_task: can't get info from slurmd
slurmstepd: error: _get_joules_task: can't get info from slurmd
slurmstepd: error: _get_joules_task: can't get info from slurmd
slurmstepd: error: _get_joules_task: can't get info from slurmd
slurmstepd: error: _get_joules_task: can't get info from slurmd
slurmstepd: error: _get_joules_task: can't get info from slurmd
slurmstepd: error: _get_joules_task: can't get info from slurmd
slurmstepd: error: _get_joules_task: can't get info from slurmd
slurmstepd: error: _get_joules_task: can't get info from slurmd
slurmstepd: error: _get_joules_task: can't get info from slurmd
slurmstepd: error: _get_joules_task: can't get info from slurmd
slurmstepd: error: _get_joules_task: can't get info from slurmd
slurmstepd: error: _get_joules_task: can't get info from slurmd
slurmstepd: error: _get_joules_task: can't get info from slurmd
slurmstepd: error: _get_joules_task: can't get info from slurmd
slurmstepd: error: _get_joules_task: can't get info from slurmd
slurmstepd: error: _get_joules_task: can't get info from slurmd
slurmstepd: error: _get_joules_task: can't get info from slurmd
slurmstepd: error: _get_joules_task: can't get info from slurmd
slurmstepd: error: _get_joules_task: can't get info from slurmd
slurmstepd: error: _get_joules_task: can't get info from slurmd
slurmstepd: error: _get_joules_task: can't get info from slurmd
slurmstepd: error: _get_joules_task: can't get info from slurmd
slurmstepd: error: _get_joules_task: can't get info from slurmd
slurmstepd: error: _get_joules_task: can't get info from slurmd
slurmstepd: error: _get_joules_task: can't get info from slurmd
slurmstepd: error: _get_joules_task: can't get info from slurmd
slurmstepd: error: _get_joules_task: can't get info from slurmd
slurmstepd: error: _get_joules_task: can't get info from slurmd
slurmstepd: error: _get_joules_task: can't get info from slurmd
slurmstepd: error: _get_joules_task: can't get info from slurmd
slurmstepd: error: _get_joules_task: can't get info from slurmd
slurmstepd: error: _get_joules_task: can't get info from slurmd
slurmstepd: error: _get_joules_task: can't get info from slurmd
slurmstepd: error: _get_joules_task: can't get info from slurmd
slurmstepd: error: _get_joules_task: can't get info from slurmd
slurmstepd: error: _get_joules_task: can't get info from slurmd
slurmstepd: error: _get_joules_task: can't get info from slurmd
slurmstepd: error: _get_joules_task: can't get info from slurmd
slurmstepd: error: _get_joules_task: can't get info from slurmd
slurmstepd: error: _get_joules_task: can't get info from slurmd
slurmstepd: error: _get_joules_task: can't get info from slurmd
slurmstepd: error: _get_joules_task: can't get info from slurmd
slurmstepd: error: _get_joules_task: can't get info from slurmd
slurmstepd: error: _get_joules_task: can't get info from slurmd
slurmstepd: error: _get_joules_task: can't get info from slurmd
slurmstepd: error: _get_joules_task: can't get info from slurmd
slurmstepd: error: _get_joules_task: can't get info from slurmd
slurmstepd: error: _get_joules_task: can't get info from slurmd
slurmstepd: error: _get_joules_task: can't get info from slurmd
slurmstepd: error: _get_joules_task: can't get info from slurmd
slurmstepd: error: _get_joules_task: can't get info from slurmd
slurmstepd: error: _get_joules_task: can't get info from slurmd
slurmstepd: error: _get_joules_task: can't get info from slurmd
slurmstepd: error: _get_joules_task: can't get info from slurmd
slurmstepd: error: _get_joules_task: can't get info from slurmd
slurmstepd: error: _get_joules_task: can't get info from slurmd
slurmstepd: error: _get_joules_task: can't get info from slurmd
slurmstepd: error: _get_joules_task: can't get info from slurmd
slurmstepd: error: _get_joules_task: can't get info from slurmd
slurmstepd: error: _get_joules_task: can't get info from slurmd
slurmstepd: error: _get_joules_task: can't get info from slurmd
slurmstepd: error: _get_joules_task: can't get info from slurmd
slurmstepd: error: _get_joules_task: can't get info from slurmd
slurmstepd: error: _get_joules_task: can't get info from slurmd
slurmstepd: error: _get_joules_task: can't get info from slurmd
slurmstepd: error: _get_joules_task: can't get info from slurmd
slurmstepd: error: _get_joules_task: can't get info from slurmd
slurmstepd: error: _get_joules_task: can't get info from slurmd
slurmstepd: error: _get_joules_task: can't get info from slurmd
slurmstepd: error: _get_joules_task: can't get info from slurmd
slurmstepd: error: _get_joules_task: can't get info from slurmd
slurmstepd: error: _get_joules_task: can't get info from slurmd
slurmstepd: error: _get_joules_task: can't get info from slurmd
slurmstepd: error: _get_joules_task: can't get info from slurmd
slurmstepd: error: _get_joules_task: can't get info from slurmd
Train loss: 0.002748039085417986 at step: 6000
Saving latest model (epoch 23, step 6000)
=> Warning: Some sub-dataset DCT stats not ready yet.
=> Warning: No DCT stats found in ConcatDataset. Skipping...
=> Saved checkpoint to ./checkpoints/DCT_ResNet50_LM123/model_epoch_latest.pth
Saving epoch 23...
=> Warning: Some sub-dataset DCT stats not ready yet.
=> Warning: No DCT stats found in ConcatDataset. Skipping...
=> Saved checkpoint to ./checkpoints/DCT_ResNet50_LM123/model_epoch_latest.pth
=> Warning: Some sub-dataset DCT stats not ready yet.
=> Warning: No DCT stats found in ConcatDataset. Skipping...
=> Saved checkpoint to ./checkpoints/DCT_ResNet50_LM123/model_epoch_23.pth
slurmstepd: error: _get_joules_task: can't get info from slurmd
slurmstepd: error: _get_joules_task: can't get info from slurmd
slurmstepd: error: _get_joules_task: can't get info from slurmd
slurmstepd: error: _get_joules_task: can't get info from slurmd
slurmstepd: error: _get_joules_task: can't get info from slurmd
slurmstepd: error: _get_joules_task: can't get info from slurmd
slurmstepd: error: _get_joules_task: can't get info from slurmd
slurmstepd: error: _get_joules_task: can't get info from slurmd
slurmstepd: error: _get_joules_task: can't get info from slurmd
(Val @ epoch 23) acc: 0.5, ap: 0.6251989005328661
=> Warning: Some sub-dataset DCT stats not ready yet.
=> Warning: No DCT stats found in ConcatDataset. Skipping...
=> Saved checkpoint to ./checkpoints/DCT_ResNet50_LM123/model_epoch_epoch_23.pth
EarlyStopping counter: 5 out of 5
Early stopping triggered.
slurmstepd: error: _get_joules_task: can't get info from slurmd
